resume_id,resume_text,category,skills,education,experience,job_title,source_dataset,source_url,original_record_id,data_type,license,clean_combined_text
DJINNI-50534b61-6826-52b1-9ac5-bfd2cfa348ec,"Landed a role of Director of Blockchain Development in a metaverse project in Feb, 2022
Who am I:
- 13 years of commercial experience as a software engineer (web projects, customers from Europe and US);
- 5 years in roles of team lead, tech lead, architect (including coding);
- constant learner (books, courses, youtube);
- C1 (Advanced) level of English (IELTS General = 7/9);
- tech languages: C#, JavaScript, Solidity;
- ready to learn Rust/Go.

What can I bring in:
- develop your web/blockchain project from gathering requirements stage to deployment and maintenance;
- build a team of highly qualified and responsible professionals;
- build processes or improve existing ones;
- design architectures, code features, perform code reviews and so on.

What can I technically (in short):
- С#: 12 years of exp; .Net Core, .Net 6, MS SQL, EF, Clean Architecture, anything related to web platforms;
- JavaScript: 7 years of exp; Node.js, React.js, Angular;
- Solidity: since March 2021; upgradeable, secure, metamorphic, ERC20, ERC721, ERC1155, EIP1967, diamonds, proxies, clones, beacons, play-to-earn, vulnerabilities, on-chain/off-chain data storage, oracles, push/pull, tests, deployment, Truffle, Hardhat, Ganache, Mocha, Chai, web3.js, ether.js, OpenZeppelin, IPFS;
- Databases: MS SQL (and any relational), NoSQL (MongoDB);
- CI/CD: GitLab, TeamCity, BitBucket, Azure CI/CD Pipelines, GitHub Actions.
I am interested in:
- part-time engagement;
- blockchain projects (DeFi, NFT, Gaming, Metaverse);
- high salary (I apply to jobs paid $120+ per hour);
- roles of a researcher and/or a leader rather than just coder;
- ability to work remotely from Bali (with that said, I'm ok with visiting office during initial months to earn your respect and trust);
- freedom in taking decisions;
- time zone of Europe or Asia;
- 1-2 interviews as a max, with tech specialists and managers.

I am not interested in:
- US time zone (I'd prefer morning shifts starting at 7am rather than coding till midnight);
- strict ""fabric"" schedule like ""9-to-6"", ""10-to-7"", ""11-to-8"" and so on (since in IT this is an indicator of the unprofessional nature of the team and management);
- jobs with a requirement of overall experience in software development of just a few years (I have 12, and the job offered should be my next challenge);
- calls with HRs for ""just to have a 30 minutes blah-blah-blah"" (I have a prepared list of questions, and I hope you have prepared too);
- if I have no word from you at any of the stages for more than a week - I am not more interested in the job;
- I may consider test tasks only for tech lead or CTO roles, and it should be prepaid (for free you may have a look at my github and linkedin).",Lead,Not Available,Not Available,11.0 years,"13 years of exp || Solidity, C#, JavaScript || CTO / VP / Tech Lead Full stack",Djinni Recruitment Dataset (English Candidate Profiles),https://huggingface.co/datasets/lang-uk/recruitment-dataset-candidate-profiles-english,50534b61-6826-52b1-9ac5-bfd2cfa348ec,anonymized,MIT License,13 years of exp solidity csharp javascript cto vp tech lead full stack landed a role of director of blockchain development in a metaverse project in feb 2022 who am i 13 years of commercial experience as a software engineer web projects customers from europe and us 5 years in roles of team lead tech lead architect including coding constant learner books courses youtube c1 advanced level of english ielts general 7 9 tech languages csharp javascript solidity ready to learn rust go what can i bring in develop your web blockchain project from gathering requirements stage to deployment and maintenance build a team of highly qualified and responsible professionals build processes or improve existing ones design architectures code features perform code reviews and so on what can i technically in short 12 years of exp dotnet core dotnet 6 ms sql ef clean architecture anything related to web platforms javascript 7 years of exp nodejs reactjs angular solidity since march 2021 upgradeable secure metamorphic erc20 erc721 erc1155 eip1967 diamonds proxies clones beacons play to earn vulnerabilities on chain off chain data storage oracles push pull tests deployment truffle hardhat ganache mocha chai web3 js ether js openzeppelin ipfs databases ms sql and any relational nosql mongodb cicd gitlab teamcity bitbucket azure cicd pipelines github actions i am interested in part time engagement blockchain projects defi nft gaming metaverse high salary i apply to jobs paid 120 per hour roles of a researcher and or a leader rather than just coder ability to work remotely from bali with that said i m ok with visiting office during initial months to earn your respect and trust freedom in taking decisions time zone of europe or asia 1 2 interviews as a max with tech specialists and managers i am not interested in us time zone i d prefer morning shifts starting at 7am rather than coding till midnight strict fabric schedule like 9 to 6 10 to 7 11 to 8 and so on since in it this is an indicator of the unprofessional nature of the team and management jobs with a requirement of overall experience in software development of just a few years i have 12 and the job offered should be my next challenge calls with hrs for just to have a 30 minutes blah blah blah i have a prepared list of questions and i hope you have prepared too if i have no word from you at any of the stages for more than a week i am not more interested in the job i may consider test tasks only for tech lead or cto roles and it should be prepaid for free you may have a look at my github and linkedin 11 0 years
DJINNI-c2b9ea56-b5c8-50ec-a63b-053a5c8ff467,Worked on a mobile application for tracking trips,Other,Not Available,Not Available,3.0 years,1c Developer,Djinni Recruitment Dataset (English Candidate Profiles),https://huggingface.co/datasets/lang-uk/recruitment-dataset-candidate-profiles-english,c2b9ea56-b5c8-50ec-a63b-053a5c8ff467,anonymized,MIT License,1c developer worked on a mobile application for tracking trips 3 0 years
DJINNI-b3bfe3ed-ec25-56b2-8aaa-8c629120538e,"1 am an 1C developer. I deployed an 1C to typographical  factory in Ukraine. Also I deploy 1C to other business. I took part in planning, designing and supporting systems of 1C. I create modules for exchange data between 1C and web services using HTTP or Rest API. I use XML and JSON files for exchange data between 1C.",Flutter,Not Available,Not Available,11.0 years,1C developer,Djinni Recruitment Dataset (English Candidate Profiles),https://huggingface.co/datasets/lang-uk/recruitment-dataset-candidate-profiles-english,b3bfe3ed-ec25-56b2-8aaa-8c629120538e,anonymized,MIT License,1c developer 1 am an 1c developer i deployed an 1c to typographical factory in ukraine also i deploy 1c to other business i took part in planning designing and supporting systems of 1c i create modules for exchange data between 1c and web services using http or rest api i use xml and json files for exchange data between 1c 11 0 years
DJINNI-163fb9a3-3695-5dc3-b1d0-e0038ce4d0a5,"Perfect knowledge of  1C:Enterprise Platform.
Good understanding of OOP, Java Core and Spring Framework.

Skills
- 1C: Enterprise Platform;
- 1C: Create native driver;
- 1C: Integrated third-party systems;
- Java Core;
- Spring (MVC, Data, Security, Boot, Batch);
- Hibernate, JPA;
- JDBC, PostgreSQL, Microsoft SQL;
- REST, SOAP;
- JUnit, Mockito;
- Docker, VMware vSphere;
- Maven, Git;

Worked with 1C databases:
- Management of a production enterprise for Ukraine 1.3;
- Accounting for Ukraine 1.2;
- Accounting for Ukraine 2.0;
- BAS Accounting;
- BAS Agro accounting from Inagro;

Integrated third-party systems such as:
- Industrial SCADA systems;
- LyriX access control system;
- Vivoteck video surveillance system;
- Transport scales;
- Foss Milkoskan laboratory equipment;
- Tiamo Metrohm laboratory equipment;
- MD Declaration software;
- DTM feeder software;
- Software Uniform;
- Wialon software;
- DairyPlan software;
- IT Enterprise software;

Study experience
Finished the Java spring mentoring course at Foxminded.

Work experience:

2011 - Present
1C developer 
Development of management and accounting system in the 1C Enterprise family programs.
Decomposition of business logic and writing of the technical task and UML diagram.
Development and deployment new configurations from scratch.
Optimized the work of large databases.
Part-time head of the software department.

2006 - 2011
Computer systems engineer

Personal qualities:
- Responsibility;
- Ability to learn quickly;
- Communicativeness;",Other,Not Available,Not Available,11.0 years,1C Developer,Djinni Recruitment Dataset (English Candidate Profiles),https://huggingface.co/datasets/lang-uk/recruitment-dataset-candidate-profiles-english,163fb9a3-3695-5dc3-b1d0-e0038ce4d0a5,anonymized,MIT License,1c developer perfect knowledge of 1c enterprise platform good understanding of oop java core and spring framework skills 1c enterprise platform 1c create native driver 1c integrated third party systems java core spring mvc data security boot batch hibernate jpa jdbc postgresql microsoft sql rest soap junit mockito docker vmware vsphere maven git worked with 1c databases management of a production enterprise for ukraine 1 3 accounting for ukraine 1 2 accounting for ukraine 2 0 bas accounting bas agro accounting from inagro integrated third party systems such as industrial scada systems lyrix access control system vivoteck video surveillance system transport scales foss milkoskan laboratory equipment tiamo metrohm laboratory equipment md declaration software dtm feeder software software uniform wialon software dairyplan software it enterprise software study experience finished the java spring mentoring course at foxminded work experience 2011 present 1c developer development of management and accounting system in the 1c enterprise family programs decomposition of business logic and writing of the technical task and uml diagram development and deployment new configurations from scratch optimized the work of large databases part time head of the software department 2006 2011 computer systems engineer personal qualities responsibility ability to learn quickly communicativeness 11 0 years
DJINNI-3f201183-db58-5333-9139-74c16059dc4a,"thousands of resolved problems, also, thousands of happy Users.
Tech addicted, experienced customer support with 2 years of proven experience at high level worldwide companies.
My powers are: I love what I do, I do it every day. I work with people, for people. I've been doing difficult, monotonous work for years, and I've learned how to do it perfectly.
In terms of the nature of the Customer Support position, I am looking for a high level role, in order to ensure my personal development.
I do not search for L1 support position.

Also, I need an office.",Support,Not Available,Not Available,2.5 years,#1 Customer Support Specialist,Djinni Recruitment Dataset (English Candidate Profiles),https://huggingface.co/datasets/lang-uk/recruitment-dataset-candidate-profiles-english,3f201183-db58-5333-9139-74c16059dc4a,anonymized,MIT License,1 customer support specialist thousands of resolved problems also thousands of happy users tech addicted experienced customer support with 2 years of proven experience at high level worldwide companies my powers are i love what i do i do it every day i work with people for people i ve been doing difficult monotonous work for years and i ve learned how to do it perfectly in terms of the nature of the customer support position i am looking for a high level role in order to ensure my personal development i do not search for l1 support position also i need an office 2 5 years
DJINNI-0cc334cd-0dd3-5fa2-b3f8-a0d3bfc4ff8e,"provide customer support via telephone, e-mail, Skype in Polish and English languages
 propose improvements to services of company
 diagnose and resolve incidents to the customers satisfaction
 identify and escalate repeat issues or service risks to the support manager
 manage incidents and requests through their entire lifecycle
 provide regular reporting on number of cases, resolution times, etc.
 help company to retain customers by delivering good quality of service
 perform QA tasks, identify bugs, collaborate with developers
 train colleagues on the systems we are supporting",Support,Not Available,Not Available,2.0 years,1st/2nd Line Support Analyst,Djinni Recruitment Dataset (English Candidate Profiles),https://huggingface.co/datasets/lang-uk/recruitment-dataset-candidate-profiles-english,0cc334cd-0dd3-5fa2-b3f8-a0d3bfc4ff8e,anonymized,MIT License,1st 2nd line support analyst provide customer support via telephone e mail skype in polish and english languages propose improvements to services of company diagnose and resolve incidents to the customers satisfaction identify and escalate repeat issues or service risks to the support manager manage incidents and requests through their entire lifecycle provide regular reporting on number of cases resolution times etc help company to retain customers by delivering good quality of service perform qa tasks identify bugs collaborate with developers train colleagues on the systems we are supporting 2 0 years
DJINNI-a2c67969-e0a8-5cd1-a2b6-da470e54d1f6,"Migration of workstations from Windows 7 to 10 (1809), Migration of 15 Linux servers from Open SUSE to RHEL 7, writing procedures to fill the specific requests,
A competent IT support professional with a proven track record of providing specialist technical and helpdesk support. Extensive experience of working in the front line helping Provided phone and remote desktop support to end-users. Possessing excellent client facing skills, natural problem solving and analytical skills and able to contribute to the development of best practice, procedures and policies within a company. Currently looking for a position to increase knowledge and learn.

Supporting all desktop IT Services including desktop PCs, laptops, office printing. Manage routine maintenance jobs, ensure that they are secure & reliable. Collaborating closely with other IT team members. Responding to queries in a timely and accurate manner and resolving queries to the user’s satisfaction.

Duties at current job:
Responsible for diagnosing & resolving hardware, software & end users problems.

Acting as the first point of contact for all IT & technical queries.

Developing the infrastructure and systems to meet the company’s needs.

Working within a TCP/IP network environment, including DHCP, DNS and Ethernet.

Tracking and releasing important emails from quarantine in Cisco IronPort.

Administration of Kaspersky Security Center

Cisco Unified Call Manager – multiple operations with corporate phones.

Traffic flow and URL block for users within the company via Palo Alto firewall.

Provide secondary support for LAN administration.

In-depth knowledge of Microsoft Windows client operating systems, XP, Vista /Windows 7/10 &Microsoft Office

Create users accounts in AD and assign them to specific security groups.

Managing Windows Server Update Services and keeping track of full installation and troubleshooting of updates on PC, Laptops and Servers.",Support,Not Available,Not Available,5.0 years,1st line IT support,Djinni Recruitment Dataset (English Candidate Profiles),https://huggingface.co/datasets/lang-uk/recruitment-dataset-candidate-profiles-english,a2c67969-e0a8-5cd1-a2b6-da470e54d1f6,anonymized,MIT License,1st line it support migration of workstations from windows 7 to 10 1809 migration of 15 linux servers from open suse to rhel 7 writing procedures to fill the specific requests a competent it support professional with a proven track record of providing specialist technical and helpdesk support extensive experience of working in the front line helping provided phone and remote desktop support to end users possessing excellent client facing skills natural problem solving and analytical skills and able to contribute to the development of best practice procedures and policies within a company currently looking for a position to increase knowledge and learn supporting all desktop it services including desktop pcs laptops office printing manage routine maintenance jobs ensure that they are secure reliable collaborating closely with other it team members responding to queries in a timely and accurate manner and resolving queries to the user s satisfaction duties at current job responsible for diagnosing resolving hardware software end users problems acting as the first point of contact for all it technical queries developing the infrastructure and systems to meet the company s needs working within a tcpip network environment including dhcp dns and ethernet tracking and releasing important emails from quarantine in cisco ironport administration of kaspersky security center cisco unified call manager multiple operations with corporate phones traffic flow and url block for users within the company via palo alto firewall provide secondary support for lan administration in depth knowledge of microsoft windows client operating systems xp vista windows 7 10 microsoft office create users accounts in ad and assign them to specific security groups managing windows server update services and keeping track of full installation and troubleshooting of updates on pc laptops and servers 5 0 years
DJINNI-ce819f4d-8405-5b0b-8413-aaed65aeb38e,"1C 8.2, 8.3 programming, reports, processing, SKD.
UPP, custom configurations, managed and usual forms,
JSON, XML, XDTO, FTP, WEB services, WS-link, HTTP, REST API, Jira
COM – connection, COM-port, RLS, extension, mobile application, Administration 1C, configuration store
writing an external component in C#
Basic knowledge: HTML5, CSS3, JavaScript, Node.js, React, MongoDB, SQL",Other,Not Available,Not Available,6.0 years,1С Developer,Djinni Recruitment Dataset (English Candidate Profiles),https://huggingface.co/datasets/lang-uk/recruitment-dataset-candidate-profiles-english,ce819f4d-8405-5b0b-8413-aaed65aeb38e,anonymized,MIT License,1 developer 1c 8 2 8 3 programming reports processing skd upp custom configurations managed and usual forms json xml xdto ftp web services ws link http rest api jira com connection com port rls extension mobile application administration 1c configuration store writing an external component in csharp basic knowledge html5 css3 javascript nodejs react mongodb sql 6 0 years
DJINNI-652dbf24-11c6-5feb-997f-12a6e79a2eca,"Hi!
Blender                           Favorite program

Unreal Engine               Engine - animation transfer, animation

Unity                               Engine - character transfer, animation

VRoidStudio                  Creating anime characters with clothes

Macro Recorder            Recording Mouse and Keyboard as a Macro

Flash                               My very first program. drawing, cartoon

Animate                          Vector cartoons

Photoshop                     Drawing

After Effects                   Made cartoons, videos with simple effects

Moho                               Made vector cartoons

Camtasia Studio           Made videos

SketchUp                        House Modeling

SparkolVideoSkribe     Made videos ""learning to draw"" (hand with a pen)

FLStudio 12                    Made music for the game

CorelDRAW                     I also made logos for commercials through Sparkol



Slack, diskord,telegram.... connection with projects

Dropbox, Google disk... project file sharing

Trello, Miro, Google spreadsheets, documents.... project tasks
I do any animation, character, facial, robots....

Game designer in any direction, except gambling, cards.
Served as Animation Director, Deputy Director for Project Management

I would love to talk to a real person!
Thank you
(Ukraine)

PC. У меня было множество направлений.",Other,Not Available,Not Available,11.0 years,"2-3D Аниматор в блендере, ГеймДизайнер, Режиссёр, Сценарист, Менеджер проекта",Djinni Recruitment Dataset (English Candidate Profiles),https://huggingface.co/datasets/lang-uk/recruitment-dataset-candidate-profiles-english,652dbf24-11c6-5feb-997f-12a6e79a2eca,anonymized,MIT License,2 3d hi blender favorite program unreal engine engine animation transfer animation unity engine character transfer animation vroidstudio creating anime characters with clothes macro recorder recording mouse and keyboard as a macro flash my very first program drawing cartoon animate vector cartoons photoshop drawing after effects made cartoons videos with simple effects moho made vector cartoons camtasia studio made videos sketchup house modeling sparkolvideoskribe made videos learning to draw hand with a pen flstudio 12 made music for the game coreldraw i also made logos for commercials through sparkol slack diskord telegram connection with projects dropbox google disk project file sharing trello miro google spreadsheets documents project tasks i do any animation character facial robots game designer in any direction except gambling cards served as animation director deputy director for project management i would love to talk to a real person thank you ukraine pc 11 0 years
DJINNI-2bc3301a-5066-5dfc-ac78-1dfc3ee9b5fd,"A few years work under PC horror game like 2d artist (promo art, concept art, 2d animations (intro\outro))

almost 2 years under mobile shooter project on Unity engine. (realistic) 
- 2d art (Photoshop) : concept, promo art, playmarket pics. etc; 
- 3d art (Maya) : environment, props, simple weapons (full pipeline from highpoly to texturing) 
A little experiense in 3d animation (blender)
Beginner in Zbrush.",Artist,Not Available,Not Available,2.0 years,2D\3D,Djinni Recruitment Dataset (English Candidate Profiles),https://huggingface.co/datasets/lang-uk/recruitment-dataset-candidate-profiles-english,2bc3301a-5066-5dfc-ac78-1dfc3ee9b5fd,anonymized,MIT License,2d 3d a few years work under pc horror game like 2d artist promo art concept art 2d animations intro outro almost 2 years under mobile shooter project on unity engine realistic 2d art photoshop concept promo art playmarket pics etc 3d art maya environment props simple weapons full pipeline from highpoly to texturing a little experiense in 3d animation blender beginner in zbrush 2 0 years
DJINNI-addc4c31-7fb3-5b90-ad48-3a1b403341f8,"At first I created only 3d models in 3dmax, then I smoothly switched to 3d animation, then I mastered spine2d animation, I really liked 2d and then I lingered to this day, detailing where, how and how much in my resume.",Artist,Not Available,Not Available,7.0 years,2D 3D Animator,Djinni Recruitment Dataset (English Candidate Profiles),https://huggingface.co/datasets/lang-uk/recruitment-dataset-candidate-profiles-english,addc4c31-7fb3-5b90-ad48-3a1b403341f8,anonymized,MIT License,2d 3d animator at first i created only 3d models in 3dmax then i smoothly switched to 3d animation then i mastered spine2d animation i really liked 2d and then i lingered to this day detailing where how and how much in my resume 7 0 years
DJINNI-b1e6da56-b982-5371-aeb0-644051481c1f,"For some projects have made full graphic content by my own from scratch, led a remote team of animators and artists from more than 5 different countries.
Work more than 10 years in the game industry as a 2D animator, mostly on the gambling and casual projects, starting from 2018 retrained to 3D animator on a basis of ""ianimate.net"" school. 
Have experience of leading projects, art direction, management, working with documentation.
Professional grow, interesting projects",Other,Not Available,Not Available,11.0 years,2D/3D Animator,Djinni Recruitment Dataset (English Candidate Profiles),https://huggingface.co/datasets/lang-uk/recruitment-dataset-candidate-profiles-english,b1e6da56-b982-5371-aeb0-644051481c1f,anonymized,MIT License,2d 3d animator for some projects have made full graphic content by my own from scratch led a remote team of animators and artists from more than 5 different countries work more than 10 years in the game industry as a 2d animator mostly on the gambling and casual projects starting from 2018 retrained to 3d animator on a basis of ianimatedotnet school have experience of leading projects art direction management working with documentation professional grow interesting projects 11 0 years
DJINNI-06ad72c4-1945-59b7-acd3-994c3a22f374,"Producing high-quality character animations for mobile games.
Creating 2D animated videos, explainer videos, gifs, and short animations.
Experience in working as a freelancer.

Excellent knowledge and experience in using programs such as:
Spine 2D
Adobe After Effects
Adobe Animate
Adobe Illustrator; Photoshop
Blender",Artist,Not Available,Not Available,5.0 years,2D/3D Animator; Motion designer,Djinni Recruitment Dataset (English Candidate Profiles),https://huggingface.co/datasets/lang-uk/recruitment-dataset-candidate-profiles-english,06ad72c4-1945-59b7-acd3-994c3a22f374,anonymized,MIT License,2d 3d animator motion designer producing high quality character animations for mobile games creating 2d animated videos explainer videos gifs and short animations experience in working as a freelancer excellent knowledge and experience in using programs such as spine 2d adobe after effects adobe animate adobe illustrator photoshop blender 5 0 years
DJINNI-3232f110-36b9-5665-a03a-123eabb414d1,I have 2 years of graphic design experience. And during this period of time I worked on 2d paintings and 3d modeling. I have finished Game art diploma program and now I am looking for game artist positions.,Artist,Not Available,Not Available,2.0 years,2d & 3d artist,Djinni Recruitment Dataset (English Candidate Profiles),https://huggingface.co/datasets/lang-uk/recruitment-dataset-candidate-profiles-english,3232f110-36b9-5665-a03a-123eabb414d1,anonymized,MIT License,2d 3d artist i have 2 years of graphic design experience and during this period of time i worked on 2d paintings and 3d modeling i have finished game art diploma program and now i am looking for game artist positions 2 0 years
DJINNI-9f8cbaf0-db12-5d27-bee3-ff915c4d0053,"- character design
- 2d illustration 
- concept art
- 3d modeling
- Icon Design
- Game design
- Game art
- UI design
Digital artist with experience in creating concepts for characters, environments, in-game art, game UI. I have been working as a freelancer for over 3 years. 
I have a 3 year experience in character design, 2d illustration, concept art, and 2 year experience in icon design, game design, game art, UI design. 
I know basic 3d and can create simple objects of the environment. Experienced in 3D sculpture.
I am familiar with such programs: Adobe Photoshop, Clip Studio Paint, Blender. Have experience in Maya.
Currently studying 3d modeling and 2d / 3d animation
I am passionate about my job, constantly improving my skills and pushing forward to reach the best result.

ready to do a test task.",Design,Not Available,Not Available,3.0 years,2d/3d artist,Djinni Recruitment Dataset (English Candidate Profiles),https://huggingface.co/datasets/lang-uk/recruitment-dataset-candidate-profiles-english,9f8cbaf0-db12-5d27-bee3-ff915c4d0053,anonymized,MIT License,2d 3d artist character design 2d illustration concept art 3d modeling icon design game design game art ui design digital artist with experience in creating concepts for characters environments in game art game ui i have been working as a freelancer for over 3 years i have a 3 year experience in character design 2d illustration concept art and 2 year experience in icon design game design game art ui design i know basic 3d and can create simple objects of the environment experienced in 3d sculpture i am familiar with such programs adobe photoshop clip studio paint blender have experience in maya currently studying 3d modeling and 2d 3d animation i am passionate about my job constantly improving my skills and pushing forward to reach the best result ready to do a test task 3 0 years
DJINNI-7d5d9d94-742a-57a9-9f74-9cf039b64e07,"2D artist with 3D modeling skills, freelance artist, worked as a portraitist for a few years.
Completed three courses at Artcraft cg school: digital drawing, 2d game art, basic 3d modeling. I use 2D and 3D software: photoshop and maya mostly.
I can work with photoshop, illustrator, maya, 3ds max, blender, zbrush, dry media sometimes.
Most experienced in portrait painting, traditional dry media, traditional paint, traditional ink.
I have freelance experience only, don't have commercial experience yet. Hope the lack of commercial experience won't have influence on the job search.
I prefer to draw anatomy and faces, in short, characters.
Like modeling very much, it's more pleasant than drawing by hand.
These are just preferences, I can work in different directions.",Artist,Not Available,Not Available,0.0 years,2d/3d artist,Djinni Recruitment Dataset (English Candidate Profiles),https://huggingface.co/datasets/lang-uk/recruitment-dataset-candidate-profiles-english,7d5d9d94-742a-57a9-9f74-9cf039b64e07,anonymized,MIT License,2d 3d artist 2d artist with 3d modeling skills freelance artist worked as a portraitist for a few years completed three courses at artcraft cg school digital drawing 2d game art basic 3d modeling i use 2d and 3d software photoshop and maya mostly i can work with photoshop illustrator maya 3ds max blender zbrush dry media sometimes most experienced in portrait painting traditional dry media traditional paint traditional ink i have freelance experience only don t have commercial experience yet hope the lack of commercial experience won t have influence on the job search i prefer to draw anatomy and faces in short characters like modeling very much it s more pleasant than drawing by hand these are just preferences i can work in different directions 0 0 years
DJINNI-f2a03c7c-afef-55ff-a939-880be13ea6a0,"Tasks performed while working on projects of varying complexity:
   - Creating low poly models
   - Creation of concepts and their integration into the gameplay 
   - Development of locations and their design
   - Game character design development 
   - Interface design and optimisation
   - Creating illustrations and sketches

Software I work with:
   - Adobe Photoshop
   - Adobe Illustrator 
   - Blender
   - MagicalVoxel
   - Paint tool SAI

At the moment I am not involved in the team, and therefore do not have a position

In the future, I want to develop as a 2D/3D Artist or Concept Artist in order to develop my personal skills and generate more fresh and unusual ideas with further integration",Artist,Not Available,Not Available,1.0 years,2d/3d Artist,Djinni Recruitment Dataset (English Candidate Profiles),https://huggingface.co/datasets/lang-uk/recruitment-dataset-candidate-profiles-english,f2a03c7c-afef-55ff-a939-880be13ea6a0,anonymized,MIT License,2d 3d artist tasks performed while working on projects of varying complexity creating low poly models creation of concepts and their integration into the gameplay development of locations and their design game character design development interface design and optimisation creating illustrations and sketches software i work with adobe photoshop adobe illustrator blender magicalvoxel paint tool sai at the moment i am not involved in the team and therefore do not have a position in the future i want to develop as a 2d 3d artist or concept artist in order to develop my personal skills and generate more fresh and unusual ideas with further integration 1 0 years
DJINNI-99991789-d72c-574a-b7f5-21de080f7150,"I am a 2D/3D generalist and animator with more than 12 years of experience in art.
We can discuss the job. With our cooperation, you will get a responsible freelancer giving the best quality - no overdue deadlines and is always ready to communicate. I hope to hear back from you.

Regards,
Hrayr",Artist,Not Available,Not Available,11.0 years,2D/3D artist,Djinni Recruitment Dataset (English Candidate Profiles),https://huggingface.co/datasets/lang-uk/recruitment-dataset-candidate-profiles-english,99991789-d72c-574a-b7f5-21de080f7150,anonymized,MIT License,2d 3d artist i am a 2d 3d generalist and animator with more than 12 years of experience in art we can discuss the job with our cooperation you will get a responsible freelancer giving the best quality no overdue deadlines and is always ready to communicate i hope to hear back from you regards hrayr 11 0 years
DJINNI-1a590b27-c025-5ecf-b49a-780c2e4dc895,"I am interested in developing 3D renderings of clothes. I can design clothes. I know how to sew, design patterns, draw illustrations. I have experience in photoshop, illustrator, figma. Studied Clo3D.",Artist,Not Available,Not Available,2.0 years,2D/3D artist,Djinni Recruitment Dataset (English Candidate Profiles),https://huggingface.co/datasets/lang-uk/recruitment-dataset-candidate-profiles-english,1a590b27-c025-5ecf-b49a-780c2e4dc895,anonymized,MIT License,2d 3d artist i am interested in developing 3d renderings of clothes i can design clothes i know how to sew design patterns draw illustrations i have experience in photoshop illustrator figma studied clo3d 2 0 years
DJINNI-4852f248-a8ef-535a-acfa-5a0bfd09a6ee,"Last project was two successful nft collection projects 9999 illustrations each.
I was one artist in the team (all team is 4 people, 3 from Singapore making all promotion and me from Ukraine making all arts).
Igor Sikorsky Kyiv Polytechnic Institute (Publishing and Printing Institute ) specialization - Graphix

Skills : 2d, illustration, animation, mixed arts

Soft : deep knowlege photoshop, illustrator, premiere pro, after effects, blender.
Work experience : since 2010 (12 years) . Art direction, animation, illustration, senior 2d artist
Worked with a lot of musicians as animator and illustrator.
On the creation of video clips. Product development and design.
Character creation. Generation ideas, quality work.",Artist,Not Available,Not Available,11.0 years,2D/3D artist,Djinni Recruitment Dataset (English Candidate Profiles),https://huggingface.co/datasets/lang-uk/recruitment-dataset-candidate-profiles-english,4852f248-a8ef-535a-acfa-5a0bfd09a6ee,anonymized,MIT License,2d 3d artist last project was two successful nft collection projects 9999 illustrations each i was one artist in the team all team is 4 people 3 from singapore making all promotion and me from ukraine making all arts igor sikorsky kyiv polytechnic institute publishing and printing institute specialization graphix skills 2d illustration animation mixed arts soft deep knowlege photoshop illustrator premiere pro after effects blender work experience since 2010 12 years art direction animation illustration senior 2d artist worked with a lot of musicians as animator and illustrator on the creation of video clips product development and design character creation generation ideas quality work 11 0 years
DJINNI-2199cf07-2a58-5c0b-a153-3d70b5e815ca,"I work as a 2D/3d artist. 
Texturing, 3D modeling, Lighting,Retopology, UV Mapping, PBR Texturing,Shading, 3D Visualization, Anatomy,
Rigging.

I draw designs for Slots, arcade games, casual games. I make ui, icons and creatives for the App store. Draw the environment and characters. 
Collaboration, Problem-solving, Gamedevelopment knowledge, Continuouslearning.

My skills:
photoshop
Illustrator
Adobe Substance 3D Painter
Blender
Autodesk Maya
Marmoset toolbag",Artist,Not Available,Not Available,3.0 years,2D/3D artist,Djinni Recruitment Dataset (English Candidate Profiles),https://huggingface.co/datasets/lang-uk/recruitment-dataset-candidate-profiles-english,2199cf07-2a58-5c0b-a153-3d70b5e815ca,anonymized,MIT License,2d 3d artist i work as a 2d 3d artist texturing 3d modeling lighting retopology uv mapping pbr texturing shading 3d visualization anatomy rigging i draw designs for slots arcade games casual games i make ui icons and creatives for the app store draw the environment and characters collaboration problem solving gamedevelopment knowledge continuouslearning my skills photoshop illustrator adobe substance 3d painter blender autodesk maya marmoset toolbag 3 0 years
DJINNI-9d6962eb-f476-5060-a329-255532e9ce1e,"3D scene location ‘Harbor’.
Education project Art Craft CG School 

3D model of the character Woman-warrior
Education project Art Craft CG School

2D arts of original character ‘Koko’
Freelance project
Kyiv National University of Technologies and Design
Teacher of painting 
Dec.2019- Mar.2020

Freelance",Unity,Not Available,Not Available,0.0 years,2D/3D artist,Djinni Recruitment Dataset (English Candidate Profiles),https://huggingface.co/datasets/lang-uk/recruitment-dataset-candidate-profiles-english,9d6962eb-f476-5060-a329-255532e9ce1e,anonymized,MIT License,2d 3d artist 3d scene location harbor education project art craft cg school 3d model of the character woman warrior education project art craft cg school 2d arts of original character koko freelance project kyiv national university of technologies and design teacher of painting dec 2019 mar 2020 freelance 0 0 years
DJINNI-04fed6bc-3533-5ee7-a389-c0882f82e7f8,"Portfolio on artstation: alina_zayats

Khar begins Turn-based RPG PC
Sept.2020 - Jan.2021 | Kyiv
Drawing icons of skills, talents, weapons, armor, staff.
Rendering a universal information window for interface
elements.
Rendering backgrounds using a 3D model.

Illustrator | One More Idea art
Dec.2021 - Aug.2021 | Freelance position
Creation illustrations in Adobe Photoshop and Adobe Illustrator for different projects: books, promotional products.
Generating ideas, participating in brainstorms.
Drawing illustrations for books, advertising materials.

CC Admin | Wesoftyou
Apr.2021 - Dec.2021 | Kyiv
Installation and maintenance of computer and office equipment, internal automatic telephone exchange.
Ensuring error-free operation of system software (Windows OS,Windows Server).
Ensuring the operability and security of the company's network.
Installation, configuration and updating of office and application software (MS Office, etc.).
Providing data backup (as well as data recovery if necessary).
Technical support and user assistance.
Drawing up reports on the work done.",Artist,Not Available,Not Available,2.0 years,2D/3D artist,Djinni Recruitment Dataset (English Candidate Profiles),https://huggingface.co/datasets/lang-uk/recruitment-dataset-candidate-profiles-english,04fed6bc-3533-5ee7-a389-c0882f82e7f8,anonymized,MIT License,2d 3d artist portfolio on artstation alina_zayats khar begins turn based rpg pc sept 2020 jan 2021 kyiv drawing icons of skills talents weapons armor staff rendering a universal information window for interface elements rendering backgrounds using a 3d model illustrator one more idea art dec 2021 aug 2021 freelance position creation illustrations in adobe photoshop and adobe illustrator for different projects books promotional products generating ideas participating in brainstorms drawing illustrations for books advertising materials cc admin wesoftyou apr 2021 dec 2021 kyiv installation and maintenance of computer and office equipment internal automatic telephone exchange ensuring error free operation of system software windows os windows server ensuring the operability and security of the company s network installation configuration and updating of office and application software ms office etc providing data backup as well as data recovery if necessary technical support and user assistance drawing up reports on the work done 2 0 years
DJINNI-ddd91622-6377-518c-b366-eda47c2d5c2f,"For over a year I have been increasing my experience and creating various mascots – characters, 3D, 2D illustrations for companies. I studied all the stages of the pipeline and continue to improve them. I am constantly learning new techniques by analyzing the work of other artists. Most of all I like to draw characters and props.
I have 5 years of Experience starting as UX UI and Graphic Designer and successfully implemented myself in that field, but the creative part of me decide not to stop on these results and I am gradually transitioning to 2D and 3D Artworks. 
Also in my pocket - good understanding of UI, visual design, good illustration, basic anatomy knowledge, and concepts art skills. 

Tools:
- ZBrush
- Adobe Photoshop
- Blender
- Substance Painter
- Procreate",Artist,Not Available,Not Available,1.0 years,2D | 3D Artist,Djinni Recruitment Dataset (English Candidate Profiles),https://huggingface.co/datasets/lang-uk/recruitment-dataset-candidate-profiles-english,ddd91622-6377-518c-b366-eda47c2d5c2f,anonymized,MIT License,2d 3d artist for over a year i have been increasing my experience and creating various mascots characters 3d 2d illustrations for companies i studied all the stages of the pipeline and continue to improve them i am constantly learning new techniques by analyzing the work of other artists most of all i like to draw characters and props i have 5 years of experience starting as ux ui and graphic designer and successfully implemented myself in that field but the creative part of me decide not to stop on these results and i am gradually transitioning to 2d and 3d artworks also in my pocket good understanding of ui visual design good illustration basic anatomy knowledge and concepts art skills tools zbrush adobe photoshop blender substance painter procreate 1 0 years
DJINNI-18fc30cb-aaee-5f6e-94ae-8c8395f8d012,"Proud of being patient to the tiny project details, as an artist you need to know that true beauty is hidden in something small. 

You can also check my work examples as an attachments in my LinkedIn profile.
For the most part, these were disposable projects and freelance orders with a duration of no more than 3-4 months.

Got involved in some visualization and animation tasks for the companies that worked for the European market.

Had experience in VFX and AR projects as a well.

Mainly my workflow is Blender with other graphic software in use for material and maps development.
There are no expectations by default, ready to get a try of any task with communicative and experienced team, but firstly want to look forward for something that requires less time.",Artist,Not Available,Not Available,4.0 years,2D/3D Artist,Djinni Recruitment Dataset (English Candidate Profiles),https://huggingface.co/datasets/lang-uk/recruitment-dataset-candidate-profiles-english,18fc30cb-aaee-5f6e-94ae-8c8395f8d012,anonymized,MIT License,2d 3d artist proud of being patient to the tiny project details as an artist you need to know that true beauty is hidden in something small you can also check my work examples as an attachments in my linkedin profile for the most part these were disposable projects and freelance orders with a duration of no more than 3 4 months got involved in some visualization and animation tasks for the companies that worked for the european market had experience in vfx and ar projects as a well mainly my workflow is blender with other graphic software in use for material and maps development there are no expectations by default ready to get a try of any task with communicative and experienced team but firstly want to look forward for something that requires less time 4 0 years
DJINNI-79ac9345-cf09-547e-8dfe-43a4173a47cf,"I am a freelance digital artist, working in diffrent software for my projects.
The programs I use in my work are:  Adobe Photoshop, Adobe Illustrator, Blender, Zbrush, SAI Paint Tool, CorelDRAW, and I'm always ready to start learning new software and integrate it into my work. Сan work in different styles and directions.
I want to start working in the direction of the game industry, as I have been interested in computer games all my life, and I'll be glad to see such proposals.",Artist,Not Available,Not Available,3.0 years,2D/3D Artist,Djinni Recruitment Dataset (English Candidate Profiles),https://huggingface.co/datasets/lang-uk/recruitment-dataset-candidate-profiles-english,79ac9345-cf09-547e-8dfe-43a4173a47cf,anonymized,MIT License,2d 3d artist i am a freelance digital artist working in diffrent software for my projects the programs i use in my work are adobe photoshop adobe illustrator blender zbrush sai paint tool coreldraw and i m always ready to start learning new software and integrate it into my work an work in different styles and directions i want to start working in the direction of the game industry as i have been interested in computer games all my life and i ll be glad to see such proposals 3 0 years
DJINNI-413ae21b-6c9f-5d62-a504-c7ad11a172f2,"I am a professional artist with over 7 years of experience in the industry. My career began with creating paintings, illustrations, and graphics for commercial purposes through academic drawing. Since 2014, I have shifted my focus towards digital art, gaining experience in advertising and game development industries.

My expertise lies in handling the entire graphics cycle for game projects, from ideation to final art. I specialize in creating character and object concepts using both 2D and 3D techniques, and reproducing game assets in accordance with the specified stylistic requirements.

With my extensive knowledge and skills, I am able to provide a wide range of creative solutions for game development projects. Whether it's designing characters, environments, or objects, my goal is always to create visually stunning and engaging content that enhances the overall gaming experience. 

I invite you to browse through my portfolio to gain an understanding of the quality and scope of my creative abilities. Behance: SSavenets
I'm seeking a project where I can apply my skills and experience while also growing professionally. I value a positive work environment where I can collaborate and work effectively with my team members. I see myself as an proactive and valuable team member and I can't wait to make a meaningful impact and bring value to both the company and its users.",Artist,Not Available,Not Available,7.0 years,2D/3D Artist,Djinni Recruitment Dataset (English Candidate Profiles),https://huggingface.co/datasets/lang-uk/recruitment-dataset-candidate-profiles-english,413ae21b-6c9f-5d62-a504-c7ad11a172f2,anonymized,MIT License,2d 3d artist i am a professional artist with over 7 years of experience in the industry my career began with creating paintings illustrations and graphics for commercial purposes through academic drawing since 2014 i have shifted my focus towards digital art gaining experience in advertising and game development industries my expertise lies in handling the entire graphics cycle for game projects from ideation to final art i specialize in creating character and object concepts using both 2d and 3d techniques and reproducing game assets in accordance with the specified stylistic requirements with my extensive knowledge and skills i am able to provide a wide range of creative solutions for game development projects whether it s designing characters environments or objects my goal is always to create visually stunning and engaging content that enhances the overall gaming experience i invite you to browse through my portfolio to gain an understanding of the quality and scope of my creative abilities behance ssavenets i m seeking a project where i can apply my skills and experience while also growing professionally i value a positive work environment where i can collaborate and work effectively with my team members i see myself as an proactive and valuable team member and i can t wait to make a meaningful impact and bring value to both the company and its users 7 0 years
DJINNI-37661013-aecd-5c4f-807e-0e8c5e0fe264,"I have a lot of experience in private orders, simple animations (Life 2D), 3D (Blender). Drawing backgrounds, textures, characters. I easily adapt to artistic styles, I know how to lineart and non-line art.",Artist,Not Available,Not Available,1.0 years,2D/3D Artist,Djinni Recruitment Dataset (English Candidate Profiles),https://huggingface.co/datasets/lang-uk/recruitment-dataset-candidate-profiles-english,37661013-aecd-5c4f-807e-0e8c5e0fe264,anonymized,MIT License,2d 3d artist i have a lot of experience in private orders simple animations life 2d 3d blender drawing backgrounds textures characters i easily adapt to artistic styles i know how to lineart and non line art 1 0 years
DJINNI-24b3c1d8-87ba-5859-89c3-c4fd1b141fb5,"I'm beginner 3d artist. Creating models for video games with AAA pipeline: Low-poly, high-poly modeling in Blender, unwrapping in Rizom UV, baked in Marmoset Toolbag, textured in Adobe Substance Painter and rendering. I also have a skill in 2D graphics. Passed courses: ""Digital drawing"", ""2D rendering from A to Z"" at ArtCraft school. Completed a course project. Created the character, his story and artifacts.",Artist,Not Available,Not Available,0.0 years,2D/3D Artist,Djinni Recruitment Dataset (English Candidate Profiles),https://huggingface.co/datasets/lang-uk/recruitment-dataset-candidate-profiles-english,24b3c1d8-87ba-5859-89c3-c4fd1b141fb5,anonymized,MIT License,2d 3d artist i m beginner 3d artist creating models for video games with aaa pipeline low poly high poly modeling in blender unwrapping in rizom uv baked in marmoset toolbag textured in adobe substance painter and rendering i also have a skill in 2d graphics passed courses digital drawing 2d rendering from a to z at artcraft school completed a course project created the character his story and artifacts 0 0 years
DJINNI-7686eee0-ae13-53cb-810f-a8f9f2eb0582,"Working in 2D and 3D modelling, fascinated in texturing and drawing.
After several years of self-employing I finally got enough of money and an opportunity to get my ""job of a dream"" =) Instead of little experience I have a really BIG passion for games and it's creation - as big as The Witcher's 3 world, as high as Skyrim's mountains and as endless as Civ's replayability =)
I'm a team player, non-conflicted one, stress-resisted.
Maya/Photoshop/Substance Painter/Marmoset Toolbag/ZBrush
Interesting projects, professional development, friendly team.",Design,Not Available,Not Available,0.5 years,2D/3D Artist,Djinni Recruitment Dataset (English Candidate Profiles),https://huggingface.co/datasets/lang-uk/recruitment-dataset-candidate-profiles-english,7686eee0-ae13-53cb-810f-a8f9f2eb0582,anonymized,MIT License,2d 3d artist working in 2d and 3d modelling fascinated in texturing and drawing after several years of self employing i finally got enough of money and an opportunity to get my job of a dream instead of little experience i have a really big passion for games and it s creation as big as the witcher s 3 world as high as skyrim s mountains and as endless as civ s replayability i m a team player non conflicted one stress resisted maya photoshop substance painter marmoset toolbag zbrush interesting projects professional development friendly team 0 5 years
DJINNI-77329b50-5d42-5cc2-b4b6-9aef9945fe53,"Successfully designed and launched some NFTs and was a member of Brushpic company.
- Setting up 2D content and implementation of the 2D assets.
-  Setting and testing the quality levels of graphics on different types of devices and platforms.
- Work with technical documentation on the development of art for projects.
- Experience with 3ds Max/Maya, ZBrush, Substance Painter, and Photoshop;
-  Practical working experience in Unity and Game optimization.
Fully remote and creative job.",Artist,Not Available,Not Available,5.0 years,2D/3D Artist,Djinni Recruitment Dataset (English Candidate Profiles),https://huggingface.co/datasets/lang-uk/recruitment-dataset-candidate-profiles-english,77329b50-5d42-5cc2-b4b6-9aef9945fe53,anonymized,MIT License,2d 3d artist successfully designed and launched some nfts and was a member of brushpic company setting up 2d content and implementation of the 2d assets setting and testing the quality levels of graphics on different types of devices and platforms work with technical documentation on the development of art for projects experience with 3ds max maya zbrush substance painter and photoshop practical working experience in unity and game optimization fully remote and creative job 5 0 years
DJINNI-d8c29054-2b56-57aa-8b94-78b720d9afa1,"EXPERIENCE

2021-2022
SNAP. Inc
- Concept designer

2016 / 2020
BIDON GAMES STUDIO
Lead artist
- Illustration
- Character design
- Concept art
- 3D modeling
- VR
- AR

2014 / 2016
DESIGN ATELIER ARTICLE
Lead artist
- Illustration
- Industrial design
- Graphic design
- 3D modeling
- Sculpture
- Fine art

2009 / 2023
FREELANCE
- Book illustration
- Concept art
- Street art
- Industrial design
- Graphic design
- 3D modeling",Artist,Not Available,Not Available,11.0 years,2D \ 3D ARTIST,Djinni Recruitment Dataset (English Candidate Profiles),https://huggingface.co/datasets/lang-uk/recruitment-dataset-candidate-profiles-english,d8c29054-2b56-57aa-8b94-78b720d9afa1,anonymized,MIT License,2d 3d artist experience 2021 2022 snap inc concept designer 2016 2020 bidon games studio lead artist illustration character design concept art 3d modeling vr ar 2014 2016 design atelier article lead artist illustration industrial design graphic design 3d modeling sculpture fine art 2009 2023 freelance book illustration concept art street art industrial design graphic design 3d modeling 11 0 years
DJINNI-1ab16cb5-c3f4-5581-add0-2e8995e3045f,"Results-orientated 2D/3D Animator, 2D/3D Artist, VFX Artist accustomed to surpassing expectations in deadline-driven environments. Able to adapt to a wide range of design styles. Like to learn something new.

Responsibilities:
  Creating 2D/3D Assets, 2D/3D Animations, Visual Effects, 
  Engine Integration, Solving Issues, Guiding.

Technologies:
  Unity.
  Blender/Maya/ZBrush(prefer blender or ZBrush(need licence)).
  Photoshop/Krita/CLIP STUDIO PAINT(prefer Photoshop).
  3DCoatTextura/Substance Painter.
  Git/GitKraken/SmartGit(prefer GitKraken).
  Spine2D.
  Miro, Figma(prefer Miro).
  Trello, Jira.
  Movavi Video Suite, DaVinci Resolve.

Position:
  Lead 3D Generalist.

Growth:
  Want to draw Illustration like in Riot Games.
  Want to create VFX like in Riot Games.
  Want to create 3D Models like in Riot Games.
  Want to create Animations like in Riot Games.

P.S. Ready to work on Riot Games for food!!!!!!",Unity,Not Available,Not Available,8.0 years,"2D/3D Artist, 2D/3D Animator, VFX Artist",Djinni Recruitment Dataset (English Candidate Profiles),https://huggingface.co/datasets/lang-uk/recruitment-dataset-candidate-profiles-english,1ab16cb5-c3f4-5581-add0-2e8995e3045f,anonymized,MIT License,2d 3d artist 2d 3d animator vfx artist results orientated 2d 3d animator 2d 3d artist vfx artist accustomed to surpassing expectations in deadline driven environments able to adapt to a wide range of design styles like to learn something new responsibilities creating 2d 3d assets 2d 3d animations visual effects engine integration solving issues guiding technologies unity blender maya zbrush prefer blender or zbrush need licence photoshop krita clip studio paint prefer photoshop 3dcoattextura substance painter git gitkraken smartgit prefer gitkraken spine2d miro figma prefer miro trello jira movavi video suite davinci resolve position lead 3d generalist growth want to draw illustration like in riot games want to create vfx like in riot games want to create 3d models like in riot games want to create animations like in riot games p s ready to work on riot games for food 8 0 years
DJINNI-10640479-d22e-51fb-8a99-2aa195c6a06e,"For the last 4 years I was using Maya to model and animate characters, buildings, props or anything else needed for a strategy game on Steam. It has a low poly colorful style with some elements hand painted. For UI and concepts I use Photoshop.

In the past worked as a 2d artist and animator on games for web, PC,  Android and iOS devices. For that I mostly used Adobe animate and Photoshop. In a few projects I was making only pixel art and animations.
Becastled is a real time strategy I made 2d/3d art and 3d animations. Working in a small team of programmers I had to make art choices myself ant represent them to the team. I made buildings, player and enemy units, decorations, trees, animals, game UI (not fully implemented yet) and any needed concepts. I also took part in some other aspects of game creation if I saw I could be useful there.

Happy Room is a 2d game on Steam for which I made art and animations along with another artist. Animations were made in Unity. On the last big Dungeon update I was the only artist.
Projects where I can use and develop 2d and 3d skills. Team of people interested in making a good product for games to enjoy.",Artist,Not Available,Not Available,9.0 years,"2d/3d artist, animator",Djinni Recruitment Dataset (English Candidate Profiles),https://huggingface.co/datasets/lang-uk/recruitment-dataset-candidate-profiles-english,10640479-d22e-51fb-8a99-2aa195c6a06e,anonymized,MIT License,2d 3d artist animator for the last 4 years i was using maya to model and animate characters buildings props or anything else needed for a strategy game on steam it has a low poly colorful style with some elements hand painted for ui and concepts i use photoshop in the past worked as a 2d artist and animator on games for web pc android and ios devices for that i mostly used adobe animate and photoshop in a few projects i was making only pixel art and animations becastled is a real time strategy i made 2d 3d art and 3d animations working in a small team of programmers i had to make art choices myself ant represent them to the team i made buildings player and enemy units decorations trees animals game ui not fully implemented yet and any needed concepts i also took part in some other aspects of game creation if i saw i could be useful there happy room is a 2d game on steam for which i made art and animations along with another artist animations were made in unity on the last big dungeon update i was the only artist projects where i can use and develop 2d and 3d skills team of people interested in making a good product for games to enjoy 9 0 years
DJINNI-9babc106-0de4-5cc3-b1f2-b8591cd551df,Hello. I'm a CG artist animator and motion graphics designer. My work experience is more than 10 years.,Artist,Not Available,Not Available,11.0 years,2D-3D artist animator,Djinni Recruitment Dataset (English Candidate Profiles),https://huggingface.co/datasets/lang-uk/recruitment-dataset-candidate-profiles-english,9babc106-0de4-5cc3-b1f2-b8591cd551df,anonymized,MIT License,2d 3d artist animator hello i m a cg artist animator and motion graphics designer my work experience is more than 10 years 11 0 years
DJINNI-76713ade-fc6d-5e50-8cbe-4333a40fa9c5,"An interdisciplinary artist with over 12 years of experience. I specialize in visual art creation, illustration, visual effects, concept art, and art direction. With a versatile skill set, I have worked across various industries including gaming and animated feature production, collaborating and directing teams of artists and creators.

2D / 3D artist, VFX compositor2D / 3D artist, VFX compositor
Robert Sahakyants production · Full-timeRobert Sahakyants production · Full-time
Mar 2011 - Feb 2018 · 7 yrsMar 2011 - Feb 2018 · 7 yrs
Yerevan, Yerevan, ArmeniaYerevan, Yerevan, Armenia
Worked on feature and short films, commercial projects. Mainly did background art, 2D illustration, 3D modeling, VFX composition and some 2D animation.Worked on feature and short films, commercial projects. Mainly did background art, 2D illustration, 3D modeling, VFX composition and some 2D animation.
Skills: Visual Effects · 2D Animation · 3D Modeling · Background Art · Concept Art · Illustration


2D / 3D Artist, Concept artist2D / 3D Artist, Concept artist
SoftConstruct · Full-timeSoftConstruct · Full-time
Feb 2018 - Present · 5 yrs 5 mosFeb 2018 - Present · 5 yrs 5 mos
Yerevan, Yerevan, ArmeniaYerevan, Yerevan, Armenia
Creating concept art for gaming and commercial projects. In charge of creating visual guidelines. Designing and modeling characters.Creating concept art for gaming and commercial projects. In charge of creating visual guidelines. Designing and modeling characters.
Skills: Charachter design · Environmental Design · Digital Sculpting · Concept Art · Illustration",Artist,Not Available,Not Available,10.0 years,2D/3D Artist Concept Artist,Djinni Recruitment Dataset (English Candidate Profiles),https://huggingface.co/datasets/lang-uk/recruitment-dataset-candidate-profiles-english,76713ade-fc6d-5e50-8cbe-4333a40fa9c5,anonymized,MIT License,2d 3d artist concept artist an interdisciplinary artist with over 12 years of experience i specialize in visual art creation illustration visual effects concept art and art direction with a versatile skill set i have worked across various industries including gaming and animated feature production collaborating and directing teams of artists and creators 2d 3d artist vfx compositor2d 3d artist vfx compositor robert sahakyants production full timerobert sahakyants production full time mar 2011 feb 2018 7 yrsmar 2011 feb 2018 7 yrs yerevan yerevan armeniayerevan yerevan armenia worked on feature and short films commercial projects mainly did background art 2d illustration 3d modeling vfx composition and some 2d animation worked on feature and short films commercial projects mainly did background art 2d illustration 3d modeling vfx composition and some 2d animation skills visual effects 2d animation 3d modeling background art concept art illustration 2d 3d artist concept artist2d 3d artist concept artist softconstruct full timesoftconstruct full time feb 2018 present 5 yrs 5 mosfeb 2018 present 5 yrs 5 mos yerevan yerevan armeniayerevan yerevan armenia creating concept art for gaming and commercial projects in charge of creating visual guidelines designing and modeling characters creating concept art for gaming and commercial projects in charge of creating visual guidelines designing and modeling characters skills charachter design environmental design digital sculpting concept art illustration 10 0 years
DJINNI-fa536694-ef32-5b70-b07b-40773ac14b74,"I was made charity auction, to support our army, with my acrilic paintings.
I'm studing on master degree as Architector. I had few projects for my study with pllanning/construction/visualising of buldings. Also I love to paint with acrilic and oil. I've also will send you example of my digital works.
I'm highly motivated young artist who looking for opportunity to work in team that can share knowledges and help me to grow up in area of 2D or 3D.",Artist,Not Available,Not Available,0.0 years,2D/3D artist / illustrator,Djinni Recruitment Dataset (English Candidate Profiles),https://huggingface.co/datasets/lang-uk/recruitment-dataset-candidate-profiles-english,fa536694-ef32-5b70-b07b-40773ac14b74,anonymized,MIT License,2d 3d artist illustrator i was made charity auction to support our army with my acrilic paintings i m studing on master degree as architector i had few projects for my study with pllanning construction visualising of buldings also i love to paint with acrilic and oil i ve also will send you example of my digital works i m highly motivated young artist who looking for opportunity to work in team that can share knowledges and help me to grow up in area of 2d or 3d 0 0 years
DJINNI-506a2b46-8547-552e-8022-6b09be3e02d8,"Graduated from the Computer Graphics course,
also studied in parallel at the Cisco course and received the IT Essentials diploma with honors
I had experience in correcting the work of design projects,
familiar with the Pro100 program.
At the university, he graduated from the Computer Graphics course with flying colors, studied such software environments as Corell Draw, Adobe Photoshop, 3d's Max, Adobe Premiere Pro, Adobe Illustrator
He also successfully completed the course and received an IT Essentials specialist diploma and diploma.
At the highest level, I have Microsoft Office, I have basic programming skills
I will be glad to cooperate with you, I appreciate the experience that can be gained in the work, I will gladly study to improve my skills. I don't want to do programming, because it's quite difficult for me.",Artist,Not Available,Not Available,0.0 years,2D/3D Artist / Illustrator,Djinni Recruitment Dataset (English Candidate Profiles),https://huggingface.co/datasets/lang-uk/recruitment-dataset-candidate-profiles-english,506a2b46-8547-552e-8022-6b09be3e02d8,anonymized,MIT License,2d 3d artist illustrator graduated from the computer graphics course also studied in parallel at the cisco course and received the it essentials diploma with honors i had experience in correcting the work of design projects familiar with the pro100 program at the university he graduated from the computer graphics course with flying colors studied such software environments as corell draw adobe photoshop 3d s max adobe premiere pro adobe illustrator he also successfully completed the course and received an it essentials specialist diploma and diploma at the highest level i have microsoft office i have basic programming skills i will be glad to cooperate with you i appreciate the experience that can be gained in the work i will gladly study to improve my skills i don t want to do programming because it s quite difficult for me 0 0 years
DJINNI-8f17af6d-90df-55d7-918f-66efd8159693,"I will be glad to contribute to a new interesting project. With great pleasure, I draw and learn new methods, in my work, I combine 2D and 3D graphics programs. This speeds up the task with excellent results. 
   Skills:
- 2d graphics: any modern packages, Adobe Photoshop, Krita, Painter, Alchemy, and others.); 3D-Coat, Blander.  Traditional art: painting (oil, acrylic, watercolor, pastel) Graphics.",Artist,Not Available,Not Available,10.0 years,2D/3D Artist / Illustrator / Lead artist / Senior artist,Djinni Recruitment Dataset (English Candidate Profiles),https://huggingface.co/datasets/lang-uk/recruitment-dataset-candidate-profiles-english,8f17af6d-90df-55d7-918f-66efd8159693,anonymized,MIT License,2d 3d artist illustrator lead artist senior artist i will be glad to contribute to a new interesting project with great pleasure i draw and learn new methods in my work i combine 2d and 3d graphics programs this speeds up the task with excellent results skills 2d graphics any modern packages adobe photoshop krita painter alchemy and others 3d coat blander traditional art painting oil acrylic watercolor pastel graphics 10 0 years
DJINNI-b0238a98-e27f-5b5d-b9e2-06666dcca8c6,"Responsible and goal-oriented, willing to develop and learn. Always finish what I take on.
Courses:
Genius Space - Profession: WEB designer 
Genius Space - Intensive course on Freelance",Artist,Not Available,Not Available,0.0 years,"2D/3D Artist/Illustrator, web designer, design UI/UX,",Djinni Recruitment Dataset (English Candidate Profiles),https://huggingface.co/datasets/lang-uk/recruitment-dataset-candidate-profiles-english,b0238a98-e27f-5b5d-b9e2-06666dcca8c6,anonymized,MIT License,2d 3d artist illustrator web designer design ui ux responsible and goal oriented willing to develop and learn always finish what i take on courses genius space profession web designer genius space intensive course on freelance 0 0 years
DJINNI-effab674-bb17-5da9-ac5c-85a9562100fe,"2022: In Ejaw-company I was creating football kit designs based on references in Photoshop and Substance Painter.
2021: CoMoon 3D-animation project based on character
animations: animatic, storyboard, render, editing
2018 - 2021: Freelance as a graphic designer: business cards,
brochures, presentations, personal orders, logos,
magazines, illustrations and work with a camera",Artist,Not Available,Not Available,1.5 years,2D-3D Artist / Modeller / Animator,Djinni Recruitment Dataset (English Candidate Profiles),https://huggingface.co/datasets/lang-uk/recruitment-dataset-candidate-profiles-english,effab674-bb17-5da9-ac5c-85a9562100fe,anonymized,MIT License,2d 3d artist modeller animator 2022 in ejaw company i was creating football kit designs based on references in photoshop and substance painter 2021 comoon 3d animation project based on character animations animatic storyboard render editing 2018 2021 freelance as a graphic designer business cards brochures presentations personal orders logos magazines illustrations and work with a camera 1 5 years
DJINNI-157da3ae-b2b6-58ee-907e-9a70878f49f5,"2D/ 3D Motion designer

Еxperience :

Freelance (02.01.22- 10.05.23)

UpWork:
- Worked on children`s books. Generating and validating ideas in close collaboration with a stakeholder.

- Explainer video for real estate agency Dim Dim.
- illustrations and animations of provided storylines for the real estate agency. Following agency brand styles. 

- Rotoscoping, color correction, and video editing.

Fiverr :
- Worked on a huge amount of complex 3d illustrations for a crypto company.
Later - on its animations. 

- Explainer video for Catania oil comp. animation illustrations.
achievement:
attracted the attention of + 1012 customers.

Courses:
Motion design school (01.04.23 - now)
- Motion pro
- Character animation
- 3D Motion Beast

Software:
- Cinema 4D
- After Effects
- Figma
- illustrator
- Photoshop

  Skills: 
- quick, persistent learning 
- time-management skills
 - character animation 
- Sketching ideas 
- team player
- super sociable",Artist,Not Available,Not Available,1.0 years,2D 3D artist Motion designer,Djinni Recruitment Dataset (English Candidate Profiles),https://huggingface.co/datasets/lang-uk/recruitment-dataset-candidate-profiles-english,157da3ae-b2b6-58ee-907e-9a70878f49f5,anonymized,MIT License,2d 3d artist motion designer 2d 3d motion designer xperience freelance 02 01 22 10 05 23 upwork worked on children s books generating and validating ideas in close collaboration with a stakeholder explainer video for real estate agency dim dim illustrations and animations of provided storylines for the real estate agency following agency brand styles rotoscoping color correction and video editing fiverr worked on a huge amount of complex 3d illustrations for a crypto company later on its animations explainer video for catania oil comp animation illustrations achievement attracted the attention of 1012 customers courses motion design school 01 04 23 now motion pro character animation 3d motion beast software cinema 4d after effects figma illustrator photoshop skills quick persistent learning time management skills character animation sketching ideas team player super sociable 1 0 years
DJINNI-c8fdd763-d6fc-5953-98da-ad635317a122,"Hello, my name is Stacy, and I am a passionate and experienced Motion Designer. With a strong background in visual storytelling and a keen eye for detail, I have been creating captivating motion graphics and animations for past years.

Throughout my career, I have worked on a diverse range of projects, including promotional videos, explainer animations, title sequences, and visual effects for both broadcast and digital platforms. I thrive in collaborative environments and enjoy working closely with clients, art directors, and creative teams to bring their visions to life.

I am proficient in industry-standard software such as Adobe After Effects, Cinema 4D, and Photoshop, and constantly stay updated with the latest design trends and techniques. I have a solid understanding of motion principles, composition, and timing, which allows me to craft engaging and visually appealing animations.

One of my strengths as a Motion Designer is my ability to combine technical expertise with a strong artistic sensibility. I have a deep understanding of color theory, typography, and graphic design principles, which I incorporate into my motion work to create visually stunning and cohesive pieces.

Additionally, I am highly organized and detail-oriented, ensuring that projects are delivered on time and meet the highest quality standards. I am comfortable managing multiple projects simultaneously and thrive in fast-paced and deadline-driven environments.

I am constantly seeking opportunities to expand my skill set and push the boundaries of motion design. I believe that effective communication and collaboration are essential in delivering exceptional results, and I am always open to feedback and constructive criticism to refine my work.

I am excited about the opportunity to contribute my expertise and creativity to new projects and to work with a dynamic team of professionals. If you are looking for a talented Motion Designer who is dedicated to delivering visually stunning and engaging motion graphics, I would love to discuss how I can contribute to your organization.",Artist,Not Available,Not Available,1.5 years,"2D/3D Artist, Motion Designer",Djinni Recruitment Dataset (English Candidate Profiles),https://huggingface.co/datasets/lang-uk/recruitment-dataset-candidate-profiles-english,c8fdd763-d6fc-5953-98da-ad635317a122,anonymized,MIT License,2d 3d artist motion designer hello my name is stacy and i am a passionate and experienced motion designer with a strong background in visual storytelling and a keen eye for detail i have been creating captivating motion graphics and animations for past years throughout my career i have worked on a diverse range of projects including promotional videos explainer animations title sequences and visual effects for both broadcast and digital platforms i thrive in collaborative environments and enjoy working closely with clients art directors and creative teams to bring their visions to life i am proficient in industry standard software such as adobe after effects cinema 4d and photoshop and constantly stay updated with the latest design trends and techniques i have a solid understanding of motion principles composition and timing which allows me to craft engaging and visually appealing animations one of my strengths as a motion designer is my ability to combine technical expertise with a strong artistic sensibility i have a deep understanding of color theory typography and graphic design principles which i incorporate into my motion work to create visually stunning and cohesive pieces additionally i am highly organized and detail oriented ensuring that projects are delivered on time and meet the highest quality standards i am comfortable managing multiple projects simultaneously and thrive in fast paced and deadline driven environments i am constantly seeking opportunities to expand my skill set and push the boundaries of motion design i believe that effective communication and collaboration are essential in delivering exceptional results and i am always open to feedback and constructive criticism to refine my work i am excited about the opportunity to contribute my expertise and creativity to new projects and to work with a dynamic team of professionals if you are looking for a talented motion designer who is dedicated to delivering visually stunning and engaging motion graphics i would love to discuss how i can contribute to your organization 1 5 years
DJINNI-ede78d45-4432-5ad4-b295-e2a6bbd1b48f,"3D character artist with little experience in the industry yet, looking to use his skills and knowledge as a Junior Character Artist.Thanks to the thorough experience of working in Blender and the Adobe package, I will be able to complement the creative team. I am able to create conceptual sketches, model characters and environments, as well as give high-quality presentations. Strong theoretical and practical background in 3D Arts, Fine and Decorative Arts.
Looking for a remote full-time or part-time job in the field of 3D/2D Art.",Artist,Not Available,Not Available,0.0 years,2D/3D artist of characters and environment,Djinni Recruitment Dataset (English Candidate Profiles),https://huggingface.co/datasets/lang-uk/recruitment-dataset-candidate-profiles-english,ede78d45-4432-5ad4-b295-e2a6bbd1b48f,anonymized,MIT License,2d 3d artist of characters and environment 3d character artist with little experience in the industry yet looking to use his skills and knowledge as a junior character artist thanks to the thorough experience of working in blender and the adobe package i will be able to complement the creative team i am able to create conceptual sketches model characters and environments as well as give high quality presentations strong theoretical and practical background in 3d arts fine and decorative arts looking for a remote full time or part time job in the field of 3d 2d art 0 0 years
DJINNI-d36f577d-eef3-5ff8-a103-872a288a3abd,"2015: Award ""Design of a navigation system for shopping centers"" for the shopping center Ocean Plaza in the Digital Signage area
2016: 3rd place for the design of the stand of the EKTA company in the category at the Integrated Systems Europe exhibition
2017: Creation of a design department in one of the Taurus Media holding companies
2018: Creating infographics for the UN
2016: Creation of part of the content for the show “LOVE It Rhythm” by Dmitry Monatik at the NSC “Olympic” audience for 40-50 thousand.
Unreal Engine, Unity 3d, Adobe After Effects, Adobe Premiere, Adobe Photoshop, Adobe Illustrator, Maxon Cinema 4D, 3ds MAX, Z-brush, Substance Paintner,
work with the following OS:
Windows, MacOs, Linux.
Basic skills of programming and game development.
Correct management. New challenges. The ability to make independent decisions. The opportunity to get a new achievement in design.",Unity,Not Available,Not Available,5.0 years,2D/3d artist / vfx / motion designer / design leed,Djinni Recruitment Dataset (English Candidate Profiles),https://huggingface.co/datasets/lang-uk/recruitment-dataset-candidate-profiles-english,d36f577d-eef3-5ff8-a103-872a288a3abd,anonymized,MIT License,2d 3d artist vfx motion designer design leed 2015 award design of a navigation system for shopping centers for the shopping center ocean plaza in the digital signage area 2016 3rd place for the design of the stand of the ekta company in the category at the integrated systems europe exhibition 2017 creation of a design department in one of the taurus media holding companies 2018 creating infographics for the un 2016 creation of part of the content for the show love it rhythm by dmitry monatik at the nsc olympic audience for 40 50 thousand unreal engine unity 3d adobe after effects adobe premiere adobe photoshop adobe illustrator maxon cinema 4d 3ds max z brush substance paintner work with the following os windows macos linux basic skills of programming and game development correct management new challenges the ability to make independent decisions the opportunity to get a new achievement in design 5 0 years
DJINNI-bd6a8c8a-1243-5f76-ba23-9b98fe85fb3c,"Full development pipeline from quick concepts to Concept models in a 3D editor or engine
CG generalist for VR
- concept art, Environment design, prop design, blockout.

Tools:
Photoshop, Blender, 3D coat, Octane render, Gravity sketch, Adobe Medium, Tilt brush
VR industy only",Other,Not Available,Not Available,3.0 years,2d/3d concept artist,Djinni Recruitment Dataset (English Candidate Profiles),https://huggingface.co/datasets/lang-uk/recruitment-dataset-candidate-profiles-english,bd6a8c8a-1243-5f76-ba23-9b98fe85fb3c,anonymized,MIT License,2d 3d concept artist full development pipeline from quick concepts to concept models in a 3d editor or engine cg generalist for vr concept art environment design prop design blockout tools photoshop blender 3d coat octane render gravity sketch adobe medium tilt brush vr industy only 3 0 years
DJINNI-e60db0d1-27fb-5084-815f-ad46b87da6b2,"I completed course :” Concept art from XYZ” , “CGMA - Digital painting - David Merritt”, “Inking and characters develop - Domestica” ,”ArtStation- Photobashing in Concept Art Jose Borges”
Hello! 
My name is Mykhailo, I am a concept artist. I work in ProCreate, Photoshop, have basic skills in 3D modeling (Blender, Substance painter, Marmosetset), worked as a storyboard artist for films and studied character design for about 2 years, have B1 level of English.",Artist,Not Available,Not Available,1.0 years,2D/3D concept artist,Djinni Recruitment Dataset (English Candidate Profiles),https://huggingface.co/datasets/lang-uk/recruitment-dataset-candidate-profiles-english,e60db0d1-27fb-5084-815f-ad46b87da6b2,anonymized,MIT License,2d 3d concept artist i completed course concept art from xyz cgma digital painting david merritt inking and characters develop domestica artstation photobashing in concept art jose borges hello my name is mykhailo i am a concept artist i work in procreate photoshop have basic skills in 3d modeling blender substance painter marmosetset worked as a storyboard artist for films and studied character design for about 2 years have b1 level of english 1 0 years
DJINNI-c9000871-cea4-511b-8a06-759ee6db7399,"3Ds Max Designer-Modeler certificate
I am a certified 2D/3D designer. 
Have some freelance experience painting and working on 3D models in Blender. 
Had practice in the print shop and multimedia design course.
Want to search for new styles and forms of self-expression to improve my skills.
Happy to work with a company, in order to create new designs and projects.",Artist,Not Available,Not Available,1.0 years,2D/3D designer,Djinni Recruitment Dataset (English Candidate Profiles),https://huggingface.co/datasets/lang-uk/recruitment-dataset-candidate-profiles-english,c9000871-cea4-511b-8a06-759ee6db7399,anonymized,MIT License,2d 3d designer 3ds max designer modeler certificate i am a certified 2d 3d designer have some freelance experience painting and working on 3d models in blender had practice in the print shop and multimedia design course want to search for new styles and forms of self expression to improve my skills happy to work with a company in order to create new designs and projects 1 0 years
DJINNI-e58d2d63-3c9e-54b7-ac22-6b5bc8f19ddb,"Newfold Digital
Graphic designer
Skills: 

-Creating templates for social media posts
-Character Animation
-Motion Tracking
-2D/3D Animation
-Create social media illustrations, animations, infographics
-Create brand AE templates for corporate videos
-Video Editing
-Photo Editing
-Wireframing
-Design Methods
-Design Techniques
-UI Prototyping
-Visual Design Interaction Design Responsive Design 
-UI Kits



Blue Carrot Video Production logo
Motion Designer
Skills: 
- Website design
- Adaptation of design for mobile applications
- Prototyping
- Icons
- Illustrations



Soondook LLC logo
Graphic Designer
Skills: 
- Video Editing
- Sound Design
- Color Correction 
- Create Commercials 
- Animations and Infographics 
- Creating Logos
My expectations
-A supportive work-life balance
-A job that allows me to exercise my creativity
-Collaborative work environment
-Opportunities for professional development",Design,Not Available,Not Available,5.0 years,2D/3D designer,Djinni Recruitment Dataset (English Candidate Profiles),https://huggingface.co/datasets/lang-uk/recruitment-dataset-candidate-profiles-english,e58d2d63-3c9e-54b7-ac22-6b5bc8f19ddb,anonymized,MIT License,2d 3d designer newfold digital graphic designer skills creating templates for social media posts character animation motion tracking 2d 3d animation create social media illustrations animations infographics create brand ae templates for corporate videos video editing photo editing wireframing design methods design techniques ui prototyping visual design interaction design responsive design ui kits blue carrot video production logo motion designer skills website design adaptation of design for mobile applications prototyping icons illustrations soondook llc logo graphic designer skills video editing sound design color correction create commercials animations and infographics creating logos my expectations a supportive work life balance a job that allows me to exercise my creativity collaborative work environment opportunities for professional development 5 0 years
DJINNI-47700eaf-34fd-517c-85c7-afef6cb6f903,"1. Graphic, UI/UX Design.
2. Drawing in a vector and in raster graphics and also the creation of vector and raster animations.
3. Working with sound and creating soundtracks.
4. Skills at 3D graphics, animation (Blender). Knowledge of human anatomy, creating 3D characters, environments, drawing stylized textures, rigging and animation.
Creative and friendly team.",Artist,Not Available,Not Available,5.0 years,"2D\3D Designer, Illustrator, Animator, UI\UX Designer",Djinni Recruitment Dataset (English Candidate Profiles),https://huggingface.co/datasets/lang-uk/recruitment-dataset-candidate-profiles-english,47700eaf-34fd-517c-85c7-afef6cb6f903,anonymized,MIT License,2d 3d designer illustrator animator ui ux designer 1 graphic ui ux design 2 drawing in a vector and in raster graphics and also the creation of vector and raster animations 3 working with sound and creating soundtracks 4 skills at 3d graphics animation blender knowledge of human anatomy creating 3d characters environments drawing stylized textures rigging and animation creative and friendly team 5 0 years
DJINNI-94cd7a95-4f71-5d74-908a-371e70fbef14,"-Have a degree in architecture. Was studying 6 years architecture and urbanism, was learning how to make 3d models.
- Have a degree in game development. There I was studying to work with game design, art, animation, Unity.
HI! My name is Natalia, I am a 2d/3d environment concept artist from Moldova, with more than 6 years of experience in the game industry. I worked as an environment artist, with different novels games, worked as a lead artist on my own small visual novel game, also worked as a marketing artist, worked as UI artist, and have experience working as an environment concept artist. Mostly work in realistic style but can work in different styles.
Now I am improving my 3d skills. Mostly work in blender and I like it!",Artist,Not Available,Not Available,6.0 years,2D/3D environment artist,Djinni Recruitment Dataset (English Candidate Profiles),https://huggingface.co/datasets/lang-uk/recruitment-dataset-candidate-profiles-english,94cd7a95-4f71-5d74-908a-371e70fbef14,anonymized,MIT License,2d 3d environment artist have a degree in architecture was studying 6 years architecture and urbanism was learning how to make 3d models have a degree in game development there i was studying to work with game design art animation unity hi my name is natalia i am a 2d 3d environment concept artist from moldova with more than 6 years of experience in the game industry i worked as an environment artist with different novels games worked as a lead artist on my own small visual novel game also worked as a marketing artist worked as ui artist and have experience working as an environment concept artist mostly work in realistic style but can work in different styles now i am improving my 3d skills mostly work in blender and i like it 6 0 years
DJINNI-a1e0e66d-48e7-56dd-aeba-5ab4a40926f3,"Hello! I am a 2D/3D Generaist with Art Lead experience.
In total, I have 5 years of commercial experience, 4 of them in hyper- and hybridcasual projects. Last half of the year I work as Art Lead and manage up to 10 Junior and Middle artists.
Now I'm looking for the role of a lead artist on a hybrid-casual project. I am interested in developing projects with an experienced motivated team.",Artist,Not Available,Not Available,5.0 years,2D/3D Generalist / Art Lead,Djinni Recruitment Dataset (English Candidate Profiles),https://huggingface.co/datasets/lang-uk/recruitment-dataset-candidate-profiles-english,a1e0e66d-48e7-56dd-aeba-5ab4a40926f3,anonymized,MIT License,2d 3d generalist art lead hello i am a 2d 3d generaist with art lead experience in total i have 5 years of commercial experience 4 of them in hyper and hybridcasual projects last half of the year i work as art lead and manage up to 10 junior and middle artists now i m looking for the role of a lead artist on a hybrid casual project i am interested in developing projects with an experienced motivated team 5 0 years
DJINNI-72a850a0-a157-5923-8a90-73e048ed4261,"I am a graphic designer, photographer, colorist, video editor.
I do digital design for various projects. I am engaged in the creation of 3D models and scenes for various projects. I am engaged in photography (photography, processing, color correction). I also do color grading and editing, from simple vlogs to serious short films and more
7 years experience in design
I can perform tasks from editing to 2D and 3D modeling
Take me to work and you will understand that I am your best employee",Artist,Not Available,Not Available,7.0 years,"2d/3d ,graphic designer, photographer, colorist, video editor.",Djinni Recruitment Dataset (English Candidate Profiles),https://huggingface.co/datasets/lang-uk/recruitment-dataset-candidate-profiles-english,72a850a0-a157-5923-8a90-73e048ed4261,anonymized,MIT License,2d 3d graphic designer photographer colorist video editor i am a graphic designer photographer colorist video editor i do digital design for various projects i am engaged in the creation of 3d models and scenes for various projects i am engaged in photography photography processing color correction i also do color grading and editing from simple vlogs to serious short films and more 7 years experience in design i can perform tasks from editing to 2d and 3d modeling take me to work and you will understand that i am your best employee 7 0 years
DJINNI-5f53016b-4e24-5cc6-badc-0fe082dbb87e,"Implementation of effective solutions to increase work efficiency by 50%
Building a team from scratch
Increasing the company's profits by optimizing work processes, focusing on quality and professionals
I'm a Executive animation lead with over 7 years of experience in game development, casual games,  marketing creatives and digital production. I possess professional skills in creating high-quality animation content. I have a deep understanding of the animation creation and development process, as well as experience in managing teams to achieve outstanding results.

NOW
Playrix
Marketing Creative Executive Animation Lead

- Development of ideas for marketing creatives
- Development of creatives at all stages - pre-production, production, quality assessment
- Competitor monitoring and analytics
- Development, optimization and automation of creative processes
- UI/UX animation for the development department
- Developed and optimized pipeline
- Improved team from Juniors to Middle\Senior
specialists

BEFORE
Fabiosa Media
Creative Team Lead

- Idea generation for video content, development of the R&D department
- Managing a team of motion designers (16 people) 
- Creating guidelines and tutorials to optimize and enhance team efficiency
- 2D and 3D animation, creating animated and promotional videos
- Planning and guiding the content creation process. Tracking the success of creatives.

BEFORE
Production Studio DarVideo
Art Director

- Creating of the art department (15 people), optimizing the entire production cycle, elevating the product to a higher quality level
- Monitoring processes - from idea generation and concept development to product release
- Editing and post-production of advertising videos, music videos, feature films, and short films for Ukrainian, European, and American studios

Here's what you need to know about my skills:
- 2D, 3D animation
- Marketing analytics and study of trends for subsequent implementation in work
- Strategic planning of company development and development of new projects
- Ability to quickly solve production tasks. Scaling the solutions obtained to other teams
- On-the-fly idea generation
favorable conditions for work, opportunities for career growth",Marketing,Not Available,Not Available,7.0 years,"2D, 3D Lead Animator/Executive Animation Lead/Creative Producer",Djinni Recruitment Dataset (English Candidate Profiles),https://huggingface.co/datasets/lang-uk/recruitment-dataset-candidate-profiles-english,5f53016b-4e24-5cc6-badc-0fe082dbb87e,anonymized,MIT License,2d 3d lead animator executive animation lead creative producer implementation of effective solutions to increase work efficiency by 50 building a team from scratch increasing the company s profits by optimizing work processes focusing on quality and professionals i m a executive animation lead with over 7 years of experience in game development casual games marketing creatives and digital production i possess professional skills in creating high quality animation content i have a deep understanding of the animation creation and development process as well as experience in managing teams to achieve outstanding results now playrix marketing creative executive animation lead development of ideas for marketing creatives development of creatives at all stages pre production production quality assessment competitor monitoring and analytics development optimization and automation of creative processes ui ux animation for the development department developed and optimized pipeline improved team from juniors to middle senior specialists before fabiosa media creative team lead idea generation for video content development of the r d department managing a team of motion designers 16 people creating guidelines and tutorials to optimize and enhance team efficiency 2d and 3d animation creating animated and promotional videos planning and guiding the content creation process tracking the success of creatives before production studio darvideo art director creating of the art department 15 people optimizing the entire production cycle elevating the product to a higher quality level monitoring processes from idea generation and concept development to product release editing and post production of advertising videos music videos feature films and short films for ukrainian european and american studios here s what you need to know about my skills 2d 3d animation marketing analytics and study of trends for subsequent implementation in work strategic planning of company development and development of new projects ability to quickly solve production tasks scaling the solutions obtained to other teams on the fly idea generation favorable conditions for work opportunities for career growth 7 0 years
DJINNI-1a0973d2-ee5e-5e94-8333-74689292a976,"For quite a long time I worked and led 5 projects at the same time, working on all types of graphics, including all animations, 2D and 3D art, UI, layout, FX and much more - in all these areas I have sufficient expertise. I have extensive experience working with hyper-casual and casual projects.
I have been working in the gaming industry for 5 years, in design for 8 years.
Was involved in the creation World famous games such as Polysphere, Happy 
Color, Polyartbook.
I have extensive experience in 2D / 3D animation, 3D modeling, digital drawing, 
VFX and UI / UX development and in Spine animation. I've worked in a bunch 
of programs, from After Effects with every plugin possible to Houdini and many 
more. I have worked a lot with the Unity game engine, gained the experience and 
knowledge of a Tech Artist, and have a technical background. 
You can find out the rest of my skills from me personally.
I would very much like to work in a team of professionals and do something unusual that will be higher than the market level.",Design,Not Available,Not Available,5.0 years,2D/3D Lead Designer,Djinni Recruitment Dataset (English Candidate Profiles),https://huggingface.co/datasets/lang-uk/recruitment-dataset-candidate-profiles-english,1a0973d2-ee5e-5e94-8333-74689292a976,anonymized,MIT License,2d 3d lead designer for quite a long time i worked and led 5 projects at the same time working on all types of graphics including all animations 2d and 3d art ui layout fx and much more in all these areas i have sufficient expertise i have extensive experience working with hyper casual and casual projects i have been working in the gaming industry for 5 years in design for 8 years was involved in the creation world famous games such as polysphere happy color polyartbook i have extensive experience in 2d 3d animation 3d modeling digital drawing vfx and ui ux development and in spine animation i ve worked in a bunch of programs from after effects with every plugin possible to houdini and many more i have worked a lot with the unity game engine gained the experience and knowledge of a tech artist and have a technical background you can find out the rest of my skills from me personally i would very much like to work in a team of professionals and do something unusual that will be higher than the market level 5 0 years
DJINNI-939f1812-1ee5-5c6d-adb6-2aff949f8cb0,"My main working experience is connected with:
— Cinema 4D + Octane;
— Adobe After Effects;
— Adobe Photoshop;
— Adobe Illustrator;

I have a solid experience in:
— low poly and high poly hard-surface modeling;
— lighting, texturing & rendering;
— 3D animation;
— post-production;
— Instagram grid design;
— animations for social networks;
— video editing;
— poster design for music events;
— Creating Lottie files
— Creating Google Ads ( Google Web Designer or Adobe Animate )

I have a basic knowledge and little experience in:
— 3D animation, rigging and simulations (Cinema 4D);
— creating and animating characters (Cinema 4D)
— UV mapping (RizomUV);
— texturing (Substance Painter);

I keep an eye on new technologies that may simplify or improve overall workflow and pipeline. Right now I'm interested in learning Marvelous Designer

I am a 100% team player. My ideal position is where I can be multifunctional and use my various skills on different production levels.

Skills
Adobe Photoshop, Adobe Illustrator, Adobe After Effects, Google Web Designer, Adobe Animate, Cinema 4D, Photoshop, Illustrator, graphic design, typography, Instagram, SMM, 
 After Effects, Octane, Marvelous Designer, Substance, Brainstorming, 3D animation, Figma

Highlights
I am proud of being self-taught: everything I am able to do in motion graphics and 3D is a result of hundreds of hours of self-education: tutorials, video courses, articles — you name it.

Looking for
I want to feel that I am a valuable member of a team, where creativity is a must and extraordinary ideas get reviewed no matter what.

I want a team with flexible work schedule, love for memes and understanding, that the best result we can get is only working hand-in-hand, brainstorming, testing different variants, i.e. experimenting a lot.

An English-speaking environment will only light up a fire in my eyes.

I want to have a mentor — a wise professional that will help to develop my weak skills alongside with upgrading my strengths. I want to feel his interest in my growth, because overall result always depends on team's level.

Really interested in working with NFTs.",Design,Not Available,Not Available,5.0 years,2D/3D Motion Designer,Djinni Recruitment Dataset (English Candidate Profiles),https://huggingface.co/datasets/lang-uk/recruitment-dataset-candidate-profiles-english,939f1812-1ee5-5c6d-adb6-2aff949f8cb0,anonymized,MIT License,2d 3d motion designer my main working experience is connected with cinema 4d octane adobe after effects adobe photoshop adobe illustrator i have a solid experience in low poly and high poly hard surface modeling lighting texturing rendering 3d animation post production instagram grid design animations for social networks video editing poster design for music events creating lottie files creating google ads google web designer or adobe animate i have a basic knowledge and little experience in 3d animation rigging and simulations cinema 4d creating and animating characters cinema 4d uv mapping rizomuv texturing substance painter i keep an eye on new technologies that may simplify or improve overall workflow and pipeline right now i m interested in learning marvelous designer i am a 100 team player my ideal position is where i can be multifunctional and use my various skills on different production levels skills adobe photoshop adobe illustrator adobe after effects google web designer adobe animate cinema 4d photoshop illustrator graphic design typography instagram smm after effects octane marvelous designer substance brainstorming 3d animation figma highlights i am proud of being self taught everything i am able to do in motion graphics and 3d is a result of hundreds of hours of self education tutorials video courses articles you name it looking for i want to feel that i am a valuable member of a team where creativity is a must and extraordinary ideas get reviewed no matter what i want a team with flexible work schedule love for memes and understanding that the best result we can get is only working hand in hand brainstorming testing different variants i e experimenting a lot an english speaking environment will only light up a fire in my eyes i want to have a mentor a wise professional that will help to develop my weak skills alongside with upgrading my strengths i want to feel his interest in my growth because overall result always depends on team s level really interested in working with nfts 5 0 years
DJINNI-f0e8ba91-3239-5f0d-aee6-07380a953632,"As a Motion graphics designer and animator worked remotely with companies across the globe with more than 5 years of experience. I was 
responsible for designing and animating motion graphic elements for all 
shows, networks, digital signage, pilots, pitches, and special projects as 
instructed by the CreativeDirector/ProducerorTeam Lead.",Artist,Not Available,Not Available,6.0 years,2D / 3D motion designer and animator,Djinni Recruitment Dataset (English Candidate Profiles),https://huggingface.co/datasets/lang-uk/recruitment-dataset-candidate-profiles-english,f0e8ba91-3239-5f0d-aee6-07380a953632,anonymized,MIT License,2d 3d motion designer and animator as a motion graphics designer and animator worked remotely with companies across the globe with more than 5 years of experience i was responsible for designing and animating motion graphic elements for all shows networks digital signage pilots pitches and special projects as instructed by the creativedirector producerorteam lead 6 0 years
DJINNI-17f2df4e-488c-58f0-95d9-47ab7e3d3f12,"I try to cover different techniques of animation, so I can make hand draw frame by frame animation, skeleton animation, 3d and also VFX.
You can request my CV for more details.
In total, I have gotten about 10 years of animation experience. It includes social media projects, where I worked as frame by frame animator, mobile games projects as gameplay animator and VFX artist. You can find more about it in my CV.",Unity,Not Available,Not Available,8.0 years,2d/3d/Technical animator,Djinni Recruitment Dataset (English Candidate Profiles),https://huggingface.co/datasets/lang-uk/recruitment-dataset-candidate-profiles-english,17f2df4e-488c-58f0-95d9-47ab7e3d3f12,anonymized,MIT License,2d 3d technical animator i try to cover different techniques of animation so i can make hand draw frame by frame animation skeleton animation 3d and also vfx you can request my cv for more details in total i have gotten about 10 years of animation experience it includes social media projects where i worked as frame by frame animator mobile games projects as gameplay animator and vfx artist you can find more about it in my cv 8 0 years
DJINNI-dd8749fb-8ed0-5233-a893-b216ad0e0624,"6+ years of video editing experience, worked in companies creating commercials and YouTube videos for many major channels.

Excellent skills in creating dynamic videos, intros, VFX, compositing.",Artist,Not Available,Not Available,6.0 years,2D / 3D / VFX Artist / Motion Designer,Djinni Recruitment Dataset (English Candidate Profiles),https://huggingface.co/datasets/lang-uk/recruitment-dataset-candidate-profiles-english,dd8749fb-8ed0-5233-a893-b216ad0e0624,anonymized,MIT License,2d 3d vfx artist motion designer 6 years of video editing experience worked in companies creating commercials and youtube videos for many major channels excellent skills in creating dynamic videos intros vfx compositing 6 0 years
DJINNI-1f916aed-74c3-5175-832b-c7c73f82026b,"3D artist, Pixode, Stryi
JANUARY 2021 — MAY 2022
Created 3D scenes for the game ""Colors and friend"".
Also prepared scenes for 2d artists for the game ""Soli Town"".
2D animator, Pixode, Stryi
NOVEMBER 2021 — PRESENT
Engaged in the animation of the construction of episodes, animation of characters for pop-ups. Prepared all animations in the unit for the unity developer.
Since this spring, I have been animating content for the game ""Soul battles"".
I have experience mentoring beginners and have taught beginner animation courses.",Artist,Not Available,Not Available,2.5 years,2d aminator,Djinni Recruitment Dataset (English Candidate Profiles),https://huggingface.co/datasets/lang-uk/recruitment-dataset-candidate-profiles-english,1f916aed-74c3-5175-832b-c7c73f82026b,anonymized,MIT License,2d aminator 3d artist pixode stryi january 2021 may 2022 created 3d scenes for the game colors and friend also prepared scenes for 2d artists for the game soli town 2d animator pixode stryi november 2021 present engaged in the animation of the construction of episodes animation of characters for pop ups prepared all animations in the unit for the unity developer since this spring i have been animating content for the game soul battles i have experience mentoring beginners and have taught beginner animation courses 2 5 years
DJINNI-e30abb70-c2d1-5a22-8dde-74b3f5e1e0ed,"PROF IT, DEVELOPMENT OF NFT FOR THE WEWAY.IO
2D and 3D Artist
•	Design and customize a variety of 2D and 3D assets, models, textures, animations, and skeletal meshes
•	Analyze client requirements and collaborate with concept artists to create initial drawings that help us and the client better visualize the intended end product
•	Maintain 100% client satisfaction by delivering consistent aesthetic and technical quality throughout the asset pipeline 
•	Designed a variety of hard surface and organic models, ensuring proper scaling of assets and models in line with real world standards",Artist,Not Available,Not Available,2.0 years,2D and 3D Artist,Djinni Recruitment Dataset (English Candidate Profiles),https://huggingface.co/datasets/lang-uk/recruitment-dataset-candidate-profiles-english,e30abb70-c2d1-5a22-8dde-74b3f5e1e0ed,anonymized,MIT License,2d and 3d artist prof it development of nft for the weway io 2d and 3d artist design and customize a variety of 2d and 3d assets models textures animations and skeletal meshes analyze client requirements and collaborate with concept artists to create initial drawings that help us and the client better visualize the intended end product maintain 100 client satisfaction by delivering consistent aesthetic and technical quality throughout the asset pipeline designed a variety of hard surface and organic models ensuring proper scaling of assets and models in line with real world standards 2 0 years
DJINNI-978f79a1-ec1e-5bb0-a39a-4fd4dc9d1796,"I have done several design and supervised them during construction and I was employed to be the team lead of site supervisor of an American corner project in Nigeria.i have also supply and install furnitures to several companies in Nigeria.
I have done several designs and it has been implemented under my supervision,using sketchup for 3d designs ,revit and autocad for 2d drawings..
I also supervise projects on site and  I supply furnitures and install them",Lead,Not Available,Not Available,5.0 years,"2d and 3d Design,furniture supply and installation",Djinni Recruitment Dataset (English Candidate Profiles),https://huggingface.co/datasets/lang-uk/recruitment-dataset-candidate-profiles-english,978f79a1-ec1e-5bb0-a39a-4fd4dc9d1796,anonymized,MIT License,2d and 3d design furniture supply and installation i have done several design and supervised them during construction and i was employed to be the team lead of site supervisor of an american corner project in nigeria i have also supply and install furnitures to several companies in nigeria i have done several designs and it has been implemented under my supervision using sketchup for 3d designs revit and autocad for 2d drawings i also supervise projects on site and i supply furnitures and install them 5 0 years
DJINNI-af5f41b9-8845-536b-810e-af5a42b83b42,"Spine PRO: A Complete 2D Character Animation Guide (2022)
GREEN FOREST, English courses, B1
2d animation is a fork part of my life, I have been working professionally as an animator for 1 year and I was happy to be part of the team and contribute to the production of the cartoon series, but unfortunately the project is closed and we need to look for a new team.  I will be happy to be a part of the team, which, like me, loves animation.",Artist,Not Available,Not Available,1.5 years,2d animation,Djinni Recruitment Dataset (English Candidate Profiles),https://huggingface.co/datasets/lang-uk/recruitment-dataset-candidate-profiles-english,af5f41b9-8845-536b-810e-af5a42b83b42,anonymized,MIT License,2d animation spine pro a complete 2d character animation guide 2022 green forest english courses b1 2d animation is a fork part of my life i have been working professionally as an animator for 1 year and i was happy to be part of the team and contribute to the production of the cartoon series but unfortunately the project is closed and we need to look for a new team i will be happy to be a part of the team which like me loves animation 1 5 years
DJINNI-2530e013-7911-5334-9147-b9aec43cb3ef,"character animation environment
UI/UX ,creation and animation of effects,invention of animations,
project structuring and integration for Frontend,
preparing characters and environments in Photoshop for animation",Unity,Not Available,Not Available,3.0 years,2d animation,Djinni Recruitment Dataset (English Candidate Profiles),https://huggingface.co/datasets/lang-uk/recruitment-dataset-candidate-profiles-english,2530e013-7911-5334-9147-b9aec43cb3ef,anonymized,MIT License,2d animation character animation environment ui ux creation and animation of effects invention of animations project structuring and integration for frontend preparing characters and environments in photoshop for animation 3 0 years
DJINNI-63507ce5-0e1e-522f-8dd8-d6690c5227d1,"Imagination and fantasy are my strong points. professional qualities - I can follow a clear technical assignment, as well as implement my ideas. I do not stop at what I have achieved and continue to learn new things in my field and beyond.",Artist,Not Available,Not Available,3.0 years,2D Animation,Djinni Recruitment Dataset (English Candidate Profiles),https://huggingface.co/datasets/lang-uk/recruitment-dataset-candidate-profiles-english,63507ce5-0e1e-522f-8dd8-d6690c5227d1,anonymized,MIT License,2d animation imagination and fantasy are my strong points professional qualities i can follow a clear technical assignment as well as implement my ideas i do not stop at what i have achieved and continue to learn new things in my field and beyond 3 0 years
DJINNI-8d532d41-cd58-5f0c-89ab-b3066a03e7cc,"I learned how to use Spine 2D and animation tools in Unity in few days while doing the test task for N-iX. And landed the job. When I say I'm fast learner I meant it:)
Hi! My education is monumental arts, but my calling is animation. For the last 6 years I was working as 2D animator in several projects. I have experience with both traditional (Toon Boom, Adobe Animate, Cacani 2D) and bone (Spine 2D, Moho) animation. Also I have one year of experience in 2.5D animation and Unity.
In Meet Arnold youtube project I worked for 4 years, starting as a junior, then middle, then senior animator. We were working in  small teams (director, background artist and two animators).
In Bazaar game project (as part of N-iX), I was creating 2.5D animations in  both Spine and Unity.
For Speed Crew game I animated characters in Spine 2D for cinematics.
I'm not interested in companies that continue to work with russia, communicate with employees in russian or employ russians.",Artist,Not Available,Not Available,6.0 years,2D animation artist,Djinni Recruitment Dataset (English Candidate Profiles),https://huggingface.co/datasets/lang-uk/recruitment-dataset-candidate-profiles-english,8d532d41-cd58-5f0c-89ab-b3066a03e7cc,anonymized,MIT License,2d animation artist i learned how to use spine 2d and animation tools in unity in few days while doing the test task for n ix and landed the job when i say i m fast learner i meant it hi my education is monumental arts but my calling is animation for the last 6 years i was working as 2d animator in several projects i have experience with both traditional toon boom adobe animate cacani 2d and bone spine 2d moho animation also i have one year of experience in 2 5d animation and unity in meet arnold youtube project i worked for 4 years starting as a junior then middle then senior animator we were working in small teams director background artist and two animators in bazaar game project as part of n ix i was creating 2 5d animations in both spine and unity for speed crew game i animated characters in spine 2d for cinematics i m not interested in companies that continue to work with russia communicate with employees in russian or employ russians 6 0 years
DJINNI-d6325e29-5dc8-53f7-9fbd-3bf767d2d49a,"I treat all tasks responsibly and do not have a habit of delaying deadlines. I try to improve not only my technical skills but also my creativity.

Adobe Illustrator
Adobe After Effects
Adobe Animate
Adobe Photoshop
Adobe InDesign
Rubber Hose
Duik new
Character Tool",Artist,Not Available,Not Available,11.0 years,2D Animation+Illustrator,Djinni Recruitment Dataset (English Candidate Profiles),https://huggingface.co/datasets/lang-uk/recruitment-dataset-candidate-profiles-english,d6325e29-5dc8-53f7-9fbd-3bf767d2d49a,anonymized,MIT License,2d animation illustrator i treat all tasks responsibly and do not have a habit of delaying deadlines i try to improve not only my technical skills but also my creativity adobe illustrator adobe after effects adobe animate adobe photoshop adobe indesign rubber hose duik new character tool 11 0 years
DJINNI-be5df0c0-b8d2-55c3-b88f-78ea56144439,"I'm a beginning 2D animator. Working in After Effects, 
Also, know about Premiere Pro and Photoshop.
I passed several courses in ""Videosmile"" school; some courses are still in progress.
Hi. My name is Denys and I'm a 2D motion animator. I continuously studying to upgrade my skills and to learn something new. Open to new, interesting challenges. Now I'm on my way to studying 3D creation and animation.",Artist,Not Available,Not Available,0.0 years,2D animation | Motion Design,Djinni Recruitment Dataset (English Candidate Profiles),https://huggingface.co/datasets/lang-uk/recruitment-dataset-candidate-profiles-english,be5df0c0-b8d2-55c3-b88f-78ea56144439,anonymized,MIT License,2d animation motion design i m a beginning 2d animator working in after effects also know about premiere pro and photoshop i passed several courses in videosmile school some courses are still in progress hi my name is denys and i m a 2d motion animator i continuously studying to upgrade my skills and to learn something new open to new interesting challenges now i m on my way to studying 3d creation and animation 0 0 years
DJINNI-7281f664-f276-5d2e-9011-7aed15e9509a,"I have been working on real projects for more than 1 year, I always learn something new, I am looking for more projects to work on

Able to work independently and in a team.
My main tasks are the preparation of PSD, an animation of characters, an objects and elements of environment.
3D UI UX VFX Match3",Artist,Not Available,Not Available,1.5 years,2d animation (spine),Djinni Recruitment Dataset (English Candidate Profiles),https://huggingface.co/datasets/lang-uk/recruitment-dataset-candidate-profiles-english,7281f664-f276-5d2e-9011-7aed15e9509a,anonymized,MIT License,2d animation spine i have been working on real projects for more than 1 year i always learn something new i am looking for more projects to work on able to work independently and in a team my main tasks are the preparation of psd an animation of characters an objects and elements of environment 3d ui ux vfx match3 1 5 years
DJINNI-a784341c-da2e-52f1-b518-8fd72371905b,".
- 2d animation
- Spine Animation 
- After Effects",Other,Not Available,Not Available,2.5 years,2d animation (Spine),Djinni Recruitment Dataset (English Candidate Profiles),https://huggingface.co/datasets/lang-uk/recruitment-dataset-candidate-profiles-english,a784341c-da2e-52f1-b518-8fd72371905b,anonymized,MIT License,2d animation spine 2d animation spine animation after effects 2 5 years
DJINNI-1df57dc6-3ae0-51ca-a278-19800e8947ae,"2018-2020 - freelancer
2020 - Playrix - marketing creatives video designer.Prepared marketing creatives, including character animation, work with effects, various plugins
2020- until now - outsourcing company - gamedev project. Preparing animation of characters, backgrounds, interface, particles, preparing scene previews, assembling assets with the frontend team, searching for and refining optimization solutions",Other,Not Available,Not Available,4.0 years,2d animator,Djinni Recruitment Dataset (English Candidate Profiles),https://huggingface.co/datasets/lang-uk/recruitment-dataset-candidate-profiles-english,1df57dc6-3ae0-51ca-a278-19800e8947ae,anonymized,MIT License,2d animator 2018 2020 freelancer 2020 playrix marketing creatives video designer prepared marketing creatives including character animation work with effects various plugins 2020 until now outsourcing company gamedev project preparing animation of characters backgrounds interface particles preparing scene previews assembling assets with the frontend team searching for and refining optimization solutions 4 0 years
DJINNI-103821e9-a4e5-51ba-9666-9704ab3c8601,"2D animator experienced in:
-developing, maintaining, and creating animations for characters, props, backgrounds, and UI elements using Esoteric Spine 2D
-developing, maintaining, and creating VFX using Adobe After Effects
-communication and working closely with game designers, artists, and programmers to find effective solutions or fix issues, and achieve goals in time
-working well under pressure and sticking to strict deadlines without compromising on the production quality
For me the following issues are important:
-teamwork and cooperation within the team, since the interaction of employees, is an important component of the work process;
-timely and competent feedback;
-work-life balance;
-remote work",Artist,Not Available,Not Available,1.5 years,2d animator,Djinni Recruitment Dataset (English Candidate Profiles),https://huggingface.co/datasets/lang-uk/recruitment-dataset-candidate-profiles-english,103821e9-a4e5-51ba-9666-9704ab3c8601,anonymized,MIT License,2d animator 2d animator experienced in developing maintaining and creating animations for characters props backgrounds and ui elements using esoteric spine 2d developing maintaining and creating vfx using adobe after effects communication and working closely with game designers artists and programmers to find effective solutions or fix issues and achieve goals in time working well under pressure and sticking to strict deadlines without compromising on the production quality for me the following issues are important teamwork and cooperation within the team since the interaction of employees is an important component of the work process timely and competent feedback work life balance remote work 1 5 years
DJINNI-a56df35e-26f8-5275-8dc4-999639a9b757,"2D ANIMATOR, TECHNICAL ANIMATOR.
Worked with all type game animations for slot-games in Playtika from february 2018 till december 2022, made reskins and feature elements, created tutorials and written wiki articles.

2D ANIMATOR, TECHNICAL ANIMATOR, 
ERS GAME STUDIO (VOKI GAMES) — FEBRUARY 2016 - FEBRUARY 2018 
Animating games in the genre HOPA and mach3.",Artist,Not Available,Not Available,7.0 years,2d animator,Djinni Recruitment Dataset (English Candidate Profiles),https://huggingface.co/datasets/lang-uk/recruitment-dataset-candidate-profiles-english,a56df35e-26f8-5275-8dc4-999639a9b757,anonymized,MIT License,2d animator 2d animator technical animator worked with all type game animations for slot games in playtika from february 2018 till december 2022 made reskins and feature elements created tutorials and written wiki articles 2d animator technical animator ers game studio voki games february 2016 february 2018 animating games in the genre hopa and mach3 7 0 years
DJINNI-3a11af28-0b2b-5ea8-9367-15cad817c74e,"Created 2D animation using Spine 
Prepared special effects in Adobe Photoshop and After Effects
Created storyboards for animations 
Good knowledge of the technical aspects of skinning symbols for animation
Worked with clients to understand their needs
Worked closely with developers
2D animator with 1 year of experience in the animation in game industry. Experienced in creating 2D animation in Spine of characters, objects and environments. Prepared special effects in Adobe Photoshop and After Effects. I would like to be useful for projects or company with my knowledge and skills in game dеsign.",Artist,Not Available,Not Available,1.0 years,2d animator,Djinni Recruitment Dataset (English Candidate Profiles),https://huggingface.co/datasets/lang-uk/recruitment-dataset-candidate-profiles-english,3a11af28-0b2b-5ea8-9367-15cad817c74e,anonymized,MIT License,2d animator created 2d animation using spine prepared special effects in adobe photoshop and after effects created storyboards for animations good knowledge of the technical aspects of skinning symbols for animation worked with clients to understand their needs worked closely with developers 2d animator with 1 year of experience in the animation in game industry experienced in creating 2d animation in spine of characters objects and environments prepared special effects in adobe photoshop and after effects i would like to be useful for projects or company with my knowledge and skills in game d sign 1 0 years
DJINNI-b793b1c1-11e7-54dd-9bd8-fd612ffb84df,"- 4 years in gamedev
- ability to work in Adobe Photoshop, Illustrator, Animate, Spine
- ability to work in various graphic styles
- creativity and the ability to use references wisely
- teamwork and excellent communication skills
- developing storyboards for animation projects",Other,Not Available,Not Available,4.0 years,2d animator,Djinni Recruitment Dataset (English Candidate Profiles),https://huggingface.co/datasets/lang-uk/recruitment-dataset-candidate-profiles-english,b793b1c1-11e7-54dd-9bd8-fd612ffb84df,anonymized,MIT License,2d animator 4 years in gamedev ability to work in adobe photoshop illustrator animate spine ability to work in various graphic styles creativity and the ability to use references wisely teamwork and excellent communication skills developing storyboards for animation projects 4 0 years
DJINNI-96b68189-5c4a-563f-a030-ca997b4df158,"• Experienced digital artist, able to develop graphics from sketches to final artwork;
• Have experience in creating graphic for games (casino, hidden objects, farm-simulators, strategies, etc.), advertisement (banners, promo), some UI; 
• Concept artist (characters, maps and other game objects);
• Have experience with time-lapse animation; 
• Have experience in leading art team on game project;
• Have experience in graphic optimization for better performance;
• Understanding of the whole development process of Flash applications;
• Good knowledge of Adobe Flash.",Design,Not Available,Not Available,3.0 years,2d animator,Djinni Recruitment Dataset (English Candidate Profiles),https://huggingface.co/datasets/lang-uk/recruitment-dataset-candidate-profiles-english,96b68189-5c4a-563f-a030-ca997b4df158,anonymized,MIT License,2d animator experienced digital artist able to develop graphics from sketches to final artwork have experience in creating graphic for games casino hidden objects farm simulators strategies etc advertisement banners promo some ui concept artist characters maps and other game objects have experience with time lapse animation have experience in leading art team on game project have experience in graphic optimization for better performance understanding of the whole development process of flash applications good knowledge of adobe flash 3 0 years
DJINNI-30d98078-b2c9-5570-81b0-f091a1366d98,"Hi! My name is Liliia

    I have more than three  years of experience creating 2D animation  for cartoons and gaming  industry and I  have strong understanding of animation principles;

I have working knowledge of Photoshop (ability to separate assets from art, making them ready for animation)

I have confident knowledge of Spine 2D and Adobe After Effects and ability to animate a range of elements — from characters to effects;

 I am comfortable working with a team or independently, and I am able to meet deadlines under pressure.
You can find my portfolio and  more detailed information about my professional skills and previous work experience in the resume attached to this letter.

     I am looking for a job that allows me to develop my professional and personal qualities and realize acquired knowledge and skills that I have derived from previous job experience.

Best regards,
Balabanova Liliia",Artist,Not Available,Not Available,3.0 years,2d animator,Djinni Recruitment Dataset (English Candidate Profiles),https://huggingface.co/datasets/lang-uk/recruitment-dataset-candidate-profiles-english,30d98078-b2c9-5570-81b0-f091a1366d98,anonymized,MIT License,2d animator hi my name is liliia i have more than three years of experience creating 2d animation for cartoons and gaming industry and i have strong understanding of animation principles i have working knowledge of photoshop ability to separate assets from art making them ready for animation i have confident knowledge of spine 2d and adobe after effects and ability to animate a range of elements from characters to effects i am comfortable working with a team or independently and i am able to meet deadlines under pressure you can find my portfolio and more detailed information about my professional skills and previous work experience in the resume attached to this letter i am looking for a job that allows me to develop my professional and personal qualities and realize acquired knowledge and skills that i have derived from previous job experience best regards balabanova liliia 3 0 years
DJINNI-82a66065-b1d7-51a2-999b-083a8d412e3c,"I am an aspiring Spine 2D animator with a skill in developing engaging
characters/objects animations. Interested in joining a team of creative professionals on
a long-term contract. Also, I have experience in creation of animations for Gambling
Slot games.",Artist,Not Available,Not Available,2.5 years,2d animator,Djinni Recruitment Dataset (English Candidate Profiles),https://huggingface.co/datasets/lang-uk/recruitment-dataset-candidate-profiles-english,82a66065-b1d7-51a2-999b-083a8d412e3c,anonymized,MIT License,2d animator i am an aspiring spine 2d animator with a skill in developing engaging characters objects animations interested in joining a team of creative professionals on a long term contract also i have experience in creation of animations for gambling slot games 2 5 years
DJINNI-6faf07db-d9e4-500b-a7e3-14ab771652d4,"I worked on the CS3 and Fish Dream Blast projects as a technical artist and animator
I have experience working as a technical artist and animator. I have worked closely with developers, artists, testers and game designers on such games projects: christmas sweeper 2, christmas sweeper 3, easter sweeper, Fish Dream Blast, christmas sweeper 4, Brave Birds.",Artist,Not Available,Not Available,3.0 years,2d animator,Djinni Recruitment Dataset (English Candidate Profiles),https://huggingface.co/datasets/lang-uk/recruitment-dataset-candidate-profiles-english,6faf07db-d9e4-500b-a7e3-14ab771652d4,anonymized,MIT License,2d animator i worked on the cs3 and fish dream blast projects as a technical artist and animator i have experience working as a technical artist and animator i have worked closely with developers artists testers and game designers on such games projects christmas sweeper 2 christmas sweeper 3 easter sweeper fish dream blast christmas sweeper 4 brave birds 3 0 years
DJINNI-7cb236c1-5df4-565e-846b-ac2b6057a211,"- Successfully completed Motion Beast course of Motion Design School.
- Successfully completed Drawing and Digital Painting Roman Guro course.
I’m a 2D animator and illustrator with 6+ years experience, specializing in:
• character animation
• UI animation
• VFX

I grasp new animation methods and techniques quickly and make the concepts and ideas streamlined for my customers.
Naturally, I'm passionate about drawing illustrations and breathing life into them. 

Tools I use: 
• After Effects
• Spine
• Unity
• Adobe Animate
• Adobe Illustrator
• Adobe Photoshop
I would like to join the team of specialists to engage in interesting projects and share experiences with colleagues.",Artist,Not Available,Not Available,6.0 years,2d animator,Djinni Recruitment Dataset (English Candidate Profiles),https://huggingface.co/datasets/lang-uk/recruitment-dataset-candidate-profiles-english,7cb236c1-5df4-565e-846b-ac2b6057a211,anonymized,MIT License,2d animator successfully completed motion beast course of motion design school successfully completed drawing and digital painting roman guro course i m a 2d animator and illustrator with 6 years experience specializing in character animation ui animation vfx i grasp new animation methods and techniques quickly and make the concepts and ideas streamlined for my customers naturally i m passionate about drawing illustrations and breathing life into them tools i use after effects spine unity adobe animate adobe illustrator adobe photoshop i would like to join the team of specialists to engage in interesting projects and share experiences with colleagues 6 0 years
DJINNI-6ff26a97-e52b-5670-9905-7cc70c5afb6c,"I'm Rebeca Espindola Recoder, a Mexican artist with a profound love for the world of animation. My heart beats to the rhythm of animators, while my mind operates like a producer. I've found my niche in the enchanting realm of 2D character animation, where I bring characters and stories to life through my artistic talents.

Beyond animation, my skill set extends into the realm of marketing, allowing me to bridge the gap between creativity and strategy seamlessly.

As a freelancer, I've had the privilege of breathing life into brand identities as a logo animator, infusing them with dynamic flair and character.

What sets me apart is my adventurous spirit; I'm always open to new challenges and opportunities. I'm willing to relocate, eager to explore fresh horizons, and committed to infusing creativity into every facet of my professional journey.",Artist,Not Available,Not Available,2.0 years,2d animator,Djinni Recruitment Dataset (English Candidate Profiles),https://huggingface.co/datasets/lang-uk/recruitment-dataset-candidate-profiles-english,6ff26a97-e52b-5670-9905-7cc70c5afb6c,anonymized,MIT License,2d animator i m rebeca espindola recoder a mexican artist with a profound love for the world of animation my heart beats to the rhythm of animators while my mind operates like a producer i ve found my niche in the enchanting realm of 2d character animation where i bring characters and stories to life through my artistic talents beyond animation my skill set extends into the realm of marketing allowing me to bridge the gap between creativity and strategy seamlessly as a freelancer i ve had the privilege of breathing life into brand identities as a logo animator infusing them with dynamic flair and character what sets me apart is my adventurous spirit i m always open to new challenges and opportunities i m willing to relocate eager to explore fresh horizons and committed to infusing creativity into every facet of my professional journey 2 0 years
DJINNI-606b8bd4-b75e-5c5c-b0a9-c2838db4a16a,"I've been practicing animation for 4 years
During my work I've mastered the following software:
Spine, Adobe Animate, Blender (2d rig and cut-out animation), Moho, After Effects.
Also, my shots are included in some animated series published on youtube.
I started creating of animation as a freelancer, my first contracts were commercial and non-commercial short videos. In 2019 I got my first job at the animation studio ""Propellers studio"". There I worked on the ""Grumpy Greg"" animated series for youtube. Now at the new studio Unicorn media I am working on a new project for youtube as a 2D animator and layout artist. Also, since October 2020, I've been working on 2D animation for video game projects as a freelancer. Now my desire is to create animation of characters and objects for videogames.
During my work I've mastered the following software:
Spine, Adobe Animate, Blender (2d rig and cut-out animation), Moho, After Effects.
I'm interested in the character animation for cartoons and video games. Possibility to work by the flexible schedule will be a plus but is not must.",Unity,Not Available,Not Available,4.0 years,2d animator,Djinni Recruitment Dataset (English Candidate Profiles),https://huggingface.co/datasets/lang-uk/recruitment-dataset-candidate-profiles-english,606b8bd4-b75e-5c5c-b0a9-c2838db4a16a,anonymized,MIT License,2d animator i ve been practicing animation for 4 years during my work i ve mastered the following software spine adobe animate blender 2d rig and cut out animation moho after effects also my shots are included in some animated series published on youtube i started creating of animation as a freelancer my first contracts were commercial and non commercial short videos in 2019 i got my first job at the animation studio propellers studio there i worked on the grumpy greg animated series for youtube now at the new studio unicorn media i am working on a new project for youtube as a 2d animator and layout artist also since october 2020 i ve been working on 2d animation for video game projects as a freelancer now my desire is to create animation of characters and objects for videogames during my work i ve mastered the following software spine adobe animate blender 2d rig and cut out animation moho after effects i m interested in the character animation for cartoons and video games possibility to work by the flexible schedule will be a plus but is not must 4 0 years
DJINNI-63d53e1d-23e1-56fc-9d49-59ae8c1a1693,"• Made rig and animations in the Spine
• Created VFX, video previews, and animations in Adobe AE
• Created UI/UX
• Integrated assets and animations in PixiJS
• Made particles in Pixi Particles Editor
• Optimized animation projects
• Created and fix assets in Photoshop",Other,Not Available,Not Available,3.0 years,2d animator,Djinni Recruitment Dataset (English Candidate Profiles),https://huggingface.co/datasets/lang-uk/recruitment-dataset-candidate-profiles-english,63d53e1d-23e1-56fc-9d49-59ae8c1a1693,anonymized,MIT License,2d animator made rig and animations in the spine created vfx video previews and animations in adobe ae created ui ux integrated assets and animations in pixijs made particles in pixi particles editor optimized animation projects created and fix assets in photoshop 3 0 years
DJINNI-234b8edd-21d1-5b35-91a2-644ecd9deb35,"Playtika - Social Casino Slots (December 2020 - December 2022)
2D Animator / Technical Animator

•	Creating 2D animation of characters, environment, objects and UI in Spine and AfterEffects
•	Creating visual effects with the particle systems
•	Preparation and finalization of sources for animation
•	Sources optimization and package in TexturePacker
•	Cooperation with development team on resources’ integration and optimization

Parimatch – Betting/Casino (August 2018 – December 2020)  
Motion Designer / 2D Animator

•	Creating Motion Graphics (explainer videos, video design, post-production) 
•	2D/3D animation of characters, environment and objects
•	Storyboarding 
•	Sound Design 

Tekrum - CPA Hub (June 2017 – August 2018) 
Motion Designer / 2D Animator

•	Creating videos ads for web and social media advertising platforms across different devices 
•	Creating character animation in After Effects

Freelance (November 2015 по June 2017)
Motion Designer 
•	Creating videos (doodle video, video presentations, video-infographics etc.)",Artist,Not Available,Not Available,4.0 years,2d animator,Djinni Recruitment Dataset (English Candidate Profiles),https://huggingface.co/datasets/lang-uk/recruitment-dataset-candidate-profiles-english,234b8edd-21d1-5b35-91a2-644ecd9deb35,anonymized,MIT License,2d animator playtika social casino slots december 2020 december 2022 2d animator technical animator creating 2d animation of characters environment objects and ui in spine and aftereffects creating visual effects with the particle systems preparation and finalization of sources for animation sources optimization and package in texturepacker cooperation with development team on resources integration and optimization parimatch betting casino august 2018 december 2020 motion designer 2d animator creating motion graphics explainer videos video design post production 2d 3d animation of characters environment and objects storyboarding sound design tekrum cpa hub june 2017 august 2018 motion designer 2d animator creating videos ads for web and social media advertising platforms across different devices creating character animation in after effects freelance november 2015 june 2017 motion designer creating videos doodle video video presentations video infographics etc 4 0 years
DJINNI-e7caf689-9a29-5ec1-b612-84db19e1c7a6,"I like to develop in creativity every new day. and any new project of mine is an achievement for me and a start to create an even better next achievement.
Previously, I worked as an Art Director on set. Сreated visualizations of the sets and supervised their construction in real time.
After gaining experience with the scenery, I increasingly wanted to create them in the virtual world.
I have experience with 2D digital drawing, composition and lighting.
I'm good at photoshop.
Familiar with Illustrator and Blender. 
Аnd for the last 6 months I have been actively developing in 2D animation. Spine. 
At the moment, I have collected a small portfolio for myself and gradually replenish it with my work.
I enjoy working with animation and I want to develop further on various new projects.
I want to study 3d animation in the future.
I learn very quickly on new tasks of any complexity, so I'm not afraid to take responsibility for performing different tasks.
You can see my work on my Youtube page NikolasKosmit
I definitely don't want to stand still. 
But I want to move forward and towards the achievements of my creativity.",Artist,Not Available,Not Available,0.5 years,2d animator,Djinni Recruitment Dataset (English Candidate Profiles),https://huggingface.co/datasets/lang-uk/recruitment-dataset-candidate-profiles-english,e7caf689-9a29-5ec1-b612-84db19e1c7a6,anonymized,MIT License,2d animator i like to develop in creativity every new day and any new project of mine is an achievement for me and a start to create an even better next achievement previously i worked as an art director on set reated visualizations of the sets and supervised their construction in real time after gaining experience with the scenery i increasingly wanted to create them in the virtual world i have experience with 2d digital drawing composition and lighting i m good at photoshop familiar with illustrator and blender nd for the last 6 months i have been actively developing in 2d animation spine at the moment i have collected a small portfolio for myself and gradually replenish it with my work i enjoy working with animation and i want to develop further on various new projects i want to study 3d animation in the future i learn very quickly on new tasks of any complexity so i m not afraid to take responsibility for performing different tasks you can see my work on my youtube page nikolaskosmit i definitely don t want to stand still but i want to move forward and towards the achievements of my creativity 0 5 years
DJINNI-a3c8c394-897e-5041-9059-fc49633664fc,"Skilled 2D Animator specializing in betting and casino industrie. Spine, After Effects, Unity 3D, Cocos 2d, Photoshop, Sprite Builder. Deep knowledge of builds optimization. Quality control and overall animation style as required. Understanding of all standard slot mechanics. The ability to cause the player to have an inexpressible sensation at a boring moment through animation. Creative thinking, the ability to solve non-standard tasks with simple methods. Communication skills, respect and empathy for the team, the ability to train staff and pull up weaknesses.",Artist,Not Available,Not Available,7.0 years,2d animator,Djinni Recruitment Dataset (English Candidate Profiles),https://huggingface.co/datasets/lang-uk/recruitment-dataset-candidate-profiles-english,a3c8c394-897e-5041-9059-fc49633664fc,anonymized,MIT License,2d animator skilled 2d animator specializing in betting and casino industrie spine after effects unity 3d cocos 2d photoshop sprite builder deep knowledge of builds optimization quality control and overall animation style as required understanding of all standard slot mechanics the ability to cause the player to have an inexpressible sensation at a boring moment through animation creative thinking the ability to solve non standard tasks with simple methods communication skills respect and empathy for the team the ability to train staff and pull up weaknesses 7 0 years
DJINNI-7a1c13cf-f93d-519b-b27c-57bc3c26e3c2,"SKYWIND GROUP 
2D Animator, technical artist
September 2017 — until now
Creating symbol, dialogue and character animations for slots and arcadian games according to technical and aesthetic requirements. 
Creating Promo movies about our games for marketing and supporting. 
Creating animations in Spine and After Effects. 

Before that, I worked as a graphic designer and art director in different creative studios and editorials of magazines for more than 12 years.
2D Animation for mobile games in Spine and After Effects",Design,Not Available,Not Available,11.0 years,2d animator,Djinni Recruitment Dataset (English Candidate Profiles),https://huggingface.co/datasets/lang-uk/recruitment-dataset-candidate-profiles-english,7a1c13cf-f93d-519b-b27c-57bc3c26e3c2,anonymized,MIT License,2d animator skywind group 2d animator technical artist september 2017 until now creating symbol dialogue and character animations for slots and arcadian games according to technical and aesthetic requirements creating promo movies about our games for marketing and supporting creating animations in spine and after effects before that i worked as a graphic designer and art director in different creative studios and editorials of magazines for more than 12 years 2d animation for mobile games in spine and after effects 11 0 years
DJINNI-b25a6774-343f-54ef-9e88-904679ddc436,"Worked for 1.5 years as a 2d Animator, creating props, characters and vfx animations, using company's engine.
Participating in the creation of animated music clips and youtube series in indie animation studio, using Spine2D
Have one year experience working as a Technical artist, integrating art and animations and optimizing assets.
I'm highly interested in doing more chalenging animations, using Spine2d. I'm passionate about animation in general, but specifically want to polish my skills in character animation.
Not interested in motion design, slot games and applying specifically on vfx artist position",Artist,Not Available,Not Available,2.5 years,2d animator,Djinni Recruitment Dataset (English Candidate Profiles),https://huggingface.co/datasets/lang-uk/recruitment-dataset-candidate-profiles-english,b25a6774-343f-54ef-9e88-904679ddc436,anonymized,MIT License,2d animator worked for 1 5 years as a 2d animator creating props characters and vfx animations using company s engine participating in the creation of animated music clips and youtube series in indie animation studio using spine2d have one year experience working as a technical artist integrating art and animations and optimizing assets i m highly interested in doing more chalenging animations using spine2d i m passionate about animation in general but specifically want to polish my skills in character animation not interested in motion design slot games and applying specifically on vfx artist position 2 5 years
DJINNI-d9ae4bc2-18af-5a7e-8994-6f4b56827ee9,"-Character and object animation
-Ambient animation, create visual effects
-Special Messages animations,Transition animation, Logo animation
-Optimization
-Organization of the workflow for the team of animators",Other,Not Available,Not Available,7.0 years,2d Animator,Djinni Recruitment Dataset (English Candidate Profiles),https://huggingface.co/datasets/lang-uk/recruitment-dataset-candidate-profiles-english,d9ae4bc2-18af-5a7e-8994-6f4b56827ee9,anonymized,MIT License,2d animator character and object animation ambient animation create visual effects special messages animations transition animation logo animation optimization organization of the workflow for the team of animators 7 0 years
DJINNI-696bb4f7-0b2e-5459-a5be-c204ea5fe52e,"Spine animation course
Classic 2d animation base course
Fast learning.
Drawing with pentablet.
Creating 2d Animation in Spine (backgrounds, characters, symbols, effects).
Creating 2d effects and previews in After Effect.
Slight knowledge of blender - creating small 3d sprites, working with Grease Pencil, drawn animatics, primitive rigging.
Looking for more interesting tasks and more knowledge.
Hope to find interesting tasks and development for my skills.",Artist,Not Available,Not Available,2.5 years,2d Animator,Djinni Recruitment Dataset (English Candidate Profiles),https://huggingface.co/datasets/lang-uk/recruitment-dataset-candidate-profiles-english,696bb4f7-0b2e-5459-a5be-c204ea5fe52e,anonymized,MIT License,2d animator spine animation course classic 2d animation base course fast learning drawing with pentablet creating 2d animation in spine backgrounds characters symbols effects creating 2d effects and previews in after effect slight knowledge of blender creating small 3d sprites working with grease pencil drawn animatics primitive rigging looking for more interesting tasks and more knowledge hope to find interesting tasks and development for my skills 2 5 years
DJINNI-6a9b97ca-6978-55e7-a993-378895141e44,"I’m graduated with a bachelor's degree in Animation and Graphic Design from a Polish university, Collegium da Vinci. 
  I have been working as a freelancer of 2D animation for two years now,but I'm interested in trying a job with a permanent employer. 
  I have 3+ years of experience in 2d animation.  I worked with skeletal animation, with frame-by-frame animation. In most animations I use illustrations created by me. A lot of experience in children's animation, created clips for songs and also animated stories.  I work in Adobe Animate, After Effects and in Spine.",Artist,Not Available,Not Available,2.0 years,2d Animator,Djinni Recruitment Dataset (English Candidate Profiles),https://huggingface.co/datasets/lang-uk/recruitment-dataset-candidate-profiles-english,6a9b97ca-6978-55e7-a993-378895141e44,anonymized,MIT License,2d animator i m graduated with a bachelor s degree in animation and graphic design from a polish university collegium da vinci i have been working as a freelancer of 2d animation for two years now but i m interested in trying a job with a permanent employer i have 3 years of experience in 2d animation i worked with skeletal animation with frame by frame animation in most animations i use illustrations created by me a lot of experience in children s animation created clips for songs and also animated stories i work in adobe animate after effects and in spine 2 0 years
DJINNI-f6c4da31-150b-5b0e-8d70-b1c05f4c83f0,"In my current role, I am engaged in character animation and UI animation for games, as
well as assembling in-game cutscenes and promotional videos. I take great pride in my
achievements over the past 10 months, during which I actively contributed to the
development of a new educational application, becoming an integral part of the team.
My animation skills have allowed me to make a significant impact on creating fun and
endearing character animations and interactive game elements. I actively participated in
shaping the animation and artistic aspects of the project, closely collaborating with the
development department to optimize processes and successfully implement the game
designer's ideas. Additionally, I was entrusted with the role of mentoring a couple of
animators, helping them adapt to working within the team.",Other,Not Available,Not Available,4.0 years,2d Animator,Djinni Recruitment Dataset (English Candidate Profiles),https://huggingface.co/datasets/lang-uk/recruitment-dataset-candidate-profiles-english,f6c4da31-150b-5b0e-8d70-b1c05f4c83f0,anonymized,MIT License,2d animator in my current role i am engaged in character animation and ui animation for games as well as assembling in game cutscenes and promotional videos i take great pride in my achievements over the past 10 months during which i actively contributed to the development of a new educational application becoming an integral part of the team my animation skills have allowed me to make a significant impact on creating fun and endearing character animations and interactive game elements i actively participated in shaping the animation and artistic aspects of the project closely collaborating with the development department to optimize processes and successfully implement the game designer s ideas additionally i was entrusted with the role of mentoring a couple of animators helping them adapt to working within the team 4 0 years
DJINNI-11bd2012-343b-5026-9c13-12e9ec7184ef,"As an animator, as part of the art team & developers, I took part in the creation of casual games for smartphones, tables, PC/Mac in the following genres: match-3, city builder, time-management games, simulator, pazzle, bubble shooter.
I work in programs: Spine 2D, Adobe Animate, Unity, Adobe After Effects, DragonBones. I also have experience with 3D software - Maya, Blender.
Responsibilities:
1) Сollaborating with the art team and developers to create a high-quality animation
2) Preparing graphics for animation: cutting, drawing the necessary elements, optimization (Photoshop)
3) 2D animation:
 - ui, objects, locations, vfx (Adobe Animate/Spine 2D/Unity)
- characters: planning, rigging and animation (Spine 2D/Adobe Animate)
4) Working with Git (basic)
5) Importing animation to the game (*Unity)
6) Reporting: jira/confluence/slack
* Gamedev
* Preference for product companies
* Comfortable salary range: 1800-2000$
* Game genres: casual, match-3, city builder, time-management games, simulator, pazzle, bubble shooter, adventure, quest, hog
* Currently I more focused on character animation in Spine 2D
* I'm not interested iGaming sphere products - slots/casino etc.",Unity,Not Available,Not Available,6.0 years,2D animator,Djinni Recruitment Dataset (English Candidate Profiles),https://huggingface.co/datasets/lang-uk/recruitment-dataset-candidate-profiles-english,11bd2012-343b-5026-9c13-12e9ec7184ef,anonymized,MIT License,2d animator as an animator as part of the art team developers i took part in the creation of casual games for smartphones tables pc mac in the following genres match 3 city builder time management games simulator pazzle bubble shooter i work in programs spine 2d adobe animate unity adobe after effects dragonbones i also have experience with 3d software maya blender responsibilities 1 ollaborating with the art team and developers to create a high quality animation 2 preparing graphics for animation cutting drawing the necessary elements optimization photoshop 3 2d animation ui objects locations vfx adobe animate spine 2d unity characters planning rigging and animation spine 2d adobe animate 4 working with git basic 5 importing animation to the game unity 6 reporting jira confluence slack gamedev preference for product companies comfortable salary range 1800 2000 game genres casual match 3 city builder time management games simulator pazzle bubble shooter adventure quest hog currently i more focused on character animation in spine 2d i m not interested igaming sphere products slots casino etc 6 0 years
DJINNI-054e8cf0-50c7-5718-856f-471821f979db,"I am a junior Spine 2D animator. For the last 4 months I have been studying hard and gaining experience from a wonderful teacher Katerina Mogilko at her Kate Motion Academy. At the moment, I have experience in creating different characters, their emotions and skills, walking animation, portrait animation, creating pseudo-3D (2.5) effect, difficult rigs and connecting bones, rotating an object 360 degrees, VFX and many other skills. I am very grateful to Katya for all this knowledge and now I am ready to put it into practice)",Other,Not Available,Not Available,0.5 years,2D animator,Djinni Recruitment Dataset (English Candidate Profiles),https://huggingface.co/datasets/lang-uk/recruitment-dataset-candidate-profiles-english,054e8cf0-50c7-5718-856f-471821f979db,anonymized,MIT License,2d animator i am a junior spine 2d animator for the last 4 months i have been studying hard and gaining experience from a wonderful teacher katerina mogilko at her kate motion academy at the moment i have experience in creating different characters their emotions and skills walking animation portrait animation creating pseudo 3d 2 5 effect difficult rigs and connecting bones rotating an object 360 degrees vfx and many other skills i am very grateful to katya for all this knowledge and now i am ready to put it into practice 0 5 years
DJINNI-cea07114-56df-5af9-b024-204c0ce4ca2f,"I have experience with casino games and casual games as well, knowledge of the corresponding software (Adobe Photoshop, Adobe After Effects, Spine, Adobe Animate), can handle all aspects of the animation production pipeline, from concept to final implementation. I always keep an eye for detail and have passion, desire to learn and develop.",Artist,Not Available,Not Available,4.0 years,2D animator,Djinni Recruitment Dataset (English Candidate Profiles),https://huggingface.co/datasets/lang-uk/recruitment-dataset-candidate-profiles-english,cea07114-56df-5af9-b024-204c0ce4ca2f,anonymized,MIT License,2d animator i have experience with casino games and casual games as well knowledge of the corresponding software adobe photoshop adobe after effects spine adobe animate can handle all aspects of the animation production pipeline from concept to final implementation i always keep an eye for detail and have passion desire to learn and develop 4 0 years
DJINNI-59170da3-b55b-5e88-b363-a54d1d812151,"I have more than 7 years of experience working with graphic editors. In my work, I am helped by the ability to learn new things quickly, orientation to results, high work efficiency and stress resistance. Higher technical education gives an opportunity to independently master new programs, based on previous knowledge. I have successful experience working on projects in a team. Responsible and goal-oriented, I adore the creative side of my profession and always admire the result.",Artist,Not Available,Not Available,3.0 years,2D animator,Djinni Recruitment Dataset (English Candidate Profiles),https://huggingface.co/datasets/lang-uk/recruitment-dataset-candidate-profiles-english,59170da3-b55b-5e88-b363-a54d1d812151,anonymized,MIT License,2d animator i have more than 7 years of experience working with graphic editors in my work i am helped by the ability to learn new things quickly orientation to results high work efficiency and stress resistance higher technical education gives an opportunity to independently master new programs based on previous knowledge i have successful experience working on projects in a team responsible and goal oriented i adore the creative side of my profession and always admire the result 3 0 years
DJINNI-a8357880-75a7-526a-a635-5b81d94aec9d,"I'm a senior 2D Spine animator. With a keen eye for detail and a vivid imagination, I bring mobile games to life with high-quality animations that captivate players and keep them coming back for more.

Using my extensive experience in Spine, I specialize in creating animations that have their own unique character, bringing a touch of personality and charm to every project I work on. But my talents don't stop there! In addition to my animation work, I'm also passionate about sports, advertising, marketing, financial literacy, and learning foreign languages.

Whether I'm crafting a stunning animation or exploring a new language, I approach everything I do with the same level of enthusiasm and dedication. I'm always looking for new challenges and opportunities to grow, and I can't wait to see where my skills and passions take me next!",Other,Not Available,Not Available,4.0 years,2D animator,Djinni Recruitment Dataset (English Candidate Profiles),https://huggingface.co/datasets/lang-uk/recruitment-dataset-candidate-profiles-english,a8357880-75a7-526a-a635-5b81d94aec9d,anonymized,MIT License,2d animator i m a senior 2d spine animator with a keen eye for detail and a vivid imagination i bring mobile games to life with high quality animations that captivate players and keep them coming back for more using my extensive experience in spine i specialize in creating animations that have their own unique character bringing a touch of personality and charm to every project i work on but my talents don t stop there in addition to my animation work i m also passionate about sports advertising marketing financial literacy and learning foreign languages whether i m crafting a stunning animation or exploring a new language i approach everything i do with the same level of enthusiasm and dedication i m always looking for new challenges and opportunities to grow and i can t wait to see where my skills and passions take me next 4 0 years
DJINNI-0d868c0e-cd2b-54a4-8da6-34930d1f2f6f,"On one of the previous projects, I participated in the launch of the Ice Molly animated series on YouTube as a 2d animator.
Skilled animator with 3 years experience and a great sense of
timing for action sequences and acting. Practiced with a 2D
character rig. Experienced in animation on a series production.
I am interested in projects where I can prove myself as a 2d animator. Both casual games and gambling are interesting. Most of the time I like animating characters.",Unity,Not Available,Not Available,3.0 years,2D animator,Djinni Recruitment Dataset (English Candidate Profiles),https://huggingface.co/datasets/lang-uk/recruitment-dataset-candidate-profiles-english,0d868c0e-cd2b-54a4-8da6-34930d1f2f6f,anonymized,MIT License,2d animator on one of the previous projects i participated in the launch of the ice molly animated series on youtube as a 2d animator skilled animator with 3 years experience and a great sense of timing for action sequences and acting practiced with a 2d character rig experienced in animation on a series production i am interested in projects where i can prove myself as a 2d animator both casual games and gambling are interesting most of the time i like animating characters 3 0 years
DJINNI-fe6eb471-41c7-58c1-a344-a219650f94e3,"Spine
Adobe package: After Effects, Photoshop, Illustrator.

Crazy Talk

Animation of casino games.
Animation of commercials for Googl play, Facebook, etc.
Animation of locations and characters for casual computer games, creating video cutscenes, lip-syncing characters.
Processing and preparation PSD sources.
Creative thinking;
The ability to quickly find solutions for new problems;
Sincere passion for the process of creating animation;
High level of self-discipline;",Design,Not Available,Not Available,3.0 years,2D animator,Djinni Recruitment Dataset (English Candidate Profiles),https://huggingface.co/datasets/lang-uk/recruitment-dataset-candidate-profiles-english,fe6eb471-41c7-58c1-a344-a219650f94e3,anonymized,MIT License,2d animator spine adobe package after effects photoshop illustrator crazy talk animation of casino games animation of commercials for googl play facebook etc animation of locations and characters for casual computer games creating video cutscenes lip syncing characters processing and preparation psd sources creative thinking the ability to quickly find solutions for new problems sincere passion for the process of creating animation high level of self discipline 3 0 years
DJINNI-276bf37d-063a-5542-a0fc-096ddc855329,"Tools:
- Spine;
- Adobe Photoshop;
- Adobe  After Effects.

Experience:
>1.5 year in product company (casual games).

I create animations for:
-characters;
-animals;
-environment;
-effects.

Thank you for the suggestions.",Unity,Not Available,Not Available,2.0 years,2D animator,Djinni Recruitment Dataset (English Candidate Profiles),https://huggingface.co/datasets/lang-uk/recruitment-dataset-candidate-profiles-english,276bf37d-063a-5542-a0fc-096ddc855329,anonymized,MIT License,2d animator tools spine adobe photoshop adobe after effects experience 1 5 year in product company casual games i create animations for characters animals environment effects thank you for the suggestions 2 0 years
DJINNI-f91fd6fb-ec86-59c3-b01b-81e8e9cf92bc,"For this time I did
more than 100 animation works - this is TV commercials, game projects, animation for you-tube cartoons, intros, etc.
Versatile Animator with talent for motion graphics and character animation. Expert-level proficiency in Spine and Adobe Animate. Operates effectively in fast-paced, deadline-driven environments.
I work by freelancer more than 15 years.",Other,Not Available,Not Available,11.0 years,2D animator,Djinni Recruitment Dataset (English Candidate Profiles),https://huggingface.co/datasets/lang-uk/recruitment-dataset-candidate-profiles-english,f91fd6fb-ec86-59c3-b01b-81e8e9cf92bc,anonymized,MIT License,2d animator for this time i did more than 100 animation works this is tv commercials game projects animation for you tube cartoons intros etc versatile animator with talent for motion graphics and character animation expert level proficiency in spine and adobe animate operates effectively in fast paced deadline driven environments i work by freelancer more than 15 years 11 0 years
DJINNI-98d26559-0e46-5dee-8dd1-dd8bbfcd59b4,"my last projects are protected by non-disclosure agreement, so i can't show it in public, but you can write me in privet massanges what you would like to see.
Worked as a 2D animator on cooking game project (cook simulator) : rigs of characters, animations characters/ui/effects; optimization content/developing pipelines for optimization working process/creating tech art list for artists.
Worked as a 2D animator in outsource company : making mini games for playrix(fishdom,township,manor matters,homescapes); creating charecters animations for IGG(I Got Games); working on romance simulator project with match-3 elements (but game is not released yet): making animations for episodes(charecters,backgrounds.objects)/ui(bubbles,icons,dialogue char portraits pseudo 3D/2,5D)/creating skins/building episodes scenes in unity.

once tried creating animations for singleplayer 3D survival game on itch.io (3D animator position) 

software: 2D - spine,animate,dragon bones; 3D - blender.",Unity,Not Available,Not Available,3.0 years,2D animator,Djinni Recruitment Dataset (English Candidate Profiles),https://huggingface.co/datasets/lang-uk/recruitment-dataset-candidate-profiles-english,98d26559-0e46-5dee-8dd1-dd8bbfcd59b4,anonymized,MIT License,2d animator my last projects are protected by non disclosure agreement so i can t show it in public but you can write me in privet massanges what you would like to see worked as a 2d animator on cooking game project cook simulator rigs of characters animations characters ui effects optimization content developing pipelines for optimization working process creating tech art list for artists worked as a 2d animator in outsource company making mini games for playrix fishdom township manor matters homescapes creating charecters animations for igg i got games working on romance simulator project with match 3 elements but game is not released yet making animations for episodes charecters backgrounds objects ui bubbles icons dialogue char portraits pseudo 3d 2 5d creating skins building episodes scenes in unity once tried creating animations for singleplayer 3d survival game on itch io 3d animator position software 2d spine animate dragon bones 3d blender 3 0 years
DJINNI-1b60d0f6-ac65-5ac0-9997-61c0c29a3a43,"10 years of animation experience: 4 years (cartoons, advertisement), 6 years of Game Dev (Spine Animator 2D)
Understanding a whole development pipeline from asset separation to export. 
Communication with a team to provide the best quality animation with project limitations. Work on references as well as the implementation of my own ideas. 
I really appreciate creative freedom.
Worked on match-3 (character animation, environment (isometric), objects), time management (character and objects animation), and hidden objects (characters, objects, ui, location) mobile games, based on the Unity engine.
Participated in the development of an English learning app with Cocos 2d engine (minigames).
Provided Lottie and Rive animation which reacted natively on Android, IOS, and Web platforms, considering their compatibility.",Artist,Not Available,Not Available,10.0 years,2D Animator,Djinni Recruitment Dataset (English Candidate Profiles),https://huggingface.co/datasets/lang-uk/recruitment-dataset-candidate-profiles-english,1b60d0f6-ac65-5ac0-9997-61c0c29a3a43,anonymized,MIT License,2d animator 10 years of animation experience 4 years cartoons advertisement 6 years of game dev spine animator 2d understanding a whole development pipeline from asset separation to export communication with a team to provide the best quality animation with project limitations work on references as well as the implementation of my own ideas i really appreciate creative freedom worked on match 3 character animation environment isometric objects time management character and objects animation and hidden objects characters objects ui location mobile games based on the unity engine participated in the development of an english learning app with cocos 2d engine minigames provided lottie and rive animation which reacted natively on android ios and web platforms considering their compatibility 10 0 years
DJINNI-90b944c6-412f-5770-945e-8a3f5df00a52,"2D animator / Freelance 2023-present
- Creating animation effects
- Creating rigging animation
- Creating characters animation
- Creating environment animations
- Creating animated preview

2D animator / DIGICODE 2020-2023
- Creating animation effects
- Creating rigging animation
- Creating characters animation
- Creating environment animations
- Creating pop-aps / transitions animation
- Creating animated preview

2D animator / Freelancer 2020-present days

- Creating rigging animation
- Creating animation effects
- Creating animation for characters
- Creating objectives animation
- Creating ambients animation
- Creating pop-aps animation

Game Designer / Streamer

- Worked on creation, improving and testing new game mechanics. 
- Was a part of the team in improving game features based on focus group feedback. 
- Created diverse game content. 
- Worked with improving project documentation on all levels of project.
- Worked with personalization of characters. 
- Also directly voiced several characters.  
- Created new product promotion mechanisms based on gaming market analytics and 
 community formation strategies through: forums, social networks and popular chat software.
- Modified old marketing strategy.",Artist,Not Available,Not Available,2.5 years,2D Animator,Djinni Recruitment Dataset (English Candidate Profiles),https://huggingface.co/datasets/lang-uk/recruitment-dataset-candidate-profiles-english,90b944c6-412f-5770-945e-8a3f5df00a52,anonymized,MIT License,2d animator 2d animator freelance 2023 present creating animation effects creating rigging animation creating characters animation creating environment animations creating animated preview 2d animator digicode 2020 2023 creating animation effects creating rigging animation creating characters animation creating environment animations creating pop aps transitions animation creating animated preview 2d animator freelancer 2020 present days creating rigging animation creating animation effects creating animation for characters creating objectives animation creating ambients animation creating pop aps animation game designer streamer worked on creation improving and testing new game mechanics was a part of the team in improving game features based on focus group feedback created diverse game content worked with improving project documentation on all levels of project worked with personalization of characters also directly voiced several characters created new product promotion mechanisms based on gaming market analytics and community formation strategies through forums social networks and popular chat software modified old marketing strategy 2 5 years
DJINNI-c45eae4e-332d-5d31-a162-d85327430a58,"2D animator with 5 years of digital art expertise, primarily focused on character animation. 

I'm a switcher—realized in 2022 that static art wasn't enough; I wanted to make it come alive. 

I've collaborated with diverse clients worldwide, excelling in game art, marketing visuals, and book covers. Since winter 2023, I've embarked on a freelance animation career, crafting projects for private clients. Currently, I'm eager to explore an animator role within a company.

My primary tool is Spine, but I occasionally use After Effects to add vibrancy to my animations. Proficient in Adobe Photoshop, I carry my artist's background with me. 
My previous roles involved both giving and receiving feedback and managing collaborative projects, experiences I believe would be valuable in an Animator position.

Let's connect and explore our potential synergy. Feel free to reach out!",Artist,Not Available,Not Available,1.0 years,2D Animator,Djinni Recruitment Dataset (English Candidate Profiles),https://huggingface.co/datasets/lang-uk/recruitment-dataset-candidate-profiles-english,c45eae4e-332d-5d31-a162-d85327430a58,anonymized,MIT License,2d animator 2d animator with 5 years of digital art expertise primarily focused on character animation i m a switcher realized in 2022 that static art wasn t enough i wanted to make it come alive i ve collaborated with diverse clients worldwide excelling in game art marketing visuals and book covers since winter 2023 i ve embarked on a freelance animation career crafting projects for private clients currently i m eager to explore an animator role within a company my primary tool is spine but i occasionally use after effects to add vibrancy to my animations proficient in adobe photoshop i carry my artist s background with me my previous roles involved both giving and receiving feedback and managing collaborative projects experiences i believe would be valuable in an animator position let s connect and explore our potential synergy feel free to reach out 1 0 years
DJINNI-5fd57795-a9da-5de7-905d-e500688d9839,"2D АНИМАЦИЯ В SPINE(ArtCraft CG school )

Knowledge of classic animation principles
Ability to animate a range of elements from characters to effects
Skills in both hand drawing and computer drawing
Advanced visual skills of scale, proportion, point of view, perspective, size, color, form, composition and depth of field
Strong layout and design skills
2D Animator (Сlassic) - July, 2021 - present
- Hand-drawn style character animation.
- Animating realistic, story-driven character actions that are exciting, emotional, and compelling.
- Animating creatures, props, vehicles, and actions based on animatic or descriptions.
- Hand-drawn style character animation.
 - Animating realistic, story-driven character actions that are exciting, emotional, and compelling.
 - Animating creatures, props, vehicles, and actions based on animatic or descriptions.

2D Spine Animator Freelancer (2021 - 2022)
- Animation of relatable characters conveying different emotional states and personalities as well as featuring a stylized look in general;
- characters animation; 
- animation of objects at the location; 
- expressive animation of emotions (e.g. face, gaze, gestures..); 
- body mechanics animation; 
- optimization of work and export.

Graphic Designer
www.2Flame.org(Advertising/Marketing/PR Services)
2020 - 2021
Worked on the cartoon at Toon Boom Harmony
(Compositing, clean up art, coloring, sketching, including special 
effects in the storyboard frames)
Worked on the film in Adobe After effects(Postproduction)

Graphic Designer DTP
VIP-Print(Publishing and Printing)
2019 - 2020
Preparation of materials for social networks for Facebook, Linkedin, 
Instagram. Filling the company's website with visual content
Design and visualization of souvenir products, creation of mockup files.
Design of advertising printed products, POS materials
Correction and revision of customer files, changes, resize.
Working with customers (design approval).
Preparation of layouts for printing by the technical requirements of production, material features, and adaptation of projects by the 
wishes of the client.
Design and preparation of materials for printing exhibitions.",Unity,Not Available,Not Available,3.0 years,2D Animator,Djinni Recruitment Dataset (English Candidate Profiles),https://huggingface.co/datasets/lang-uk/recruitment-dataset-candidate-profiles-english,5fd57795-a9da-5de7-905d-e500688d9839,anonymized,MIT License,2d animator 2d spine artcraft cg school knowledge of classic animation principles ability to animate a range of elements from characters to effects skills in both hand drawing and computer drawing advanced visual skills of scale proportion point of view perspective size color form composition and depth of field strong layout and design skills 2d animator lassic july 2021 present hand drawn style character animation animating realistic story driven character actions that are exciting emotional and compelling animating creatures props vehicles and actions based on animatic or descriptions hand drawn style character animation animating realistic story driven character actions that are exciting emotional and compelling animating creatures props vehicles and actions based on animatic or descriptions 2d spine animator freelancer 2021 2022 animation of relatable characters conveying different emotional states and personalities as well as featuring a stylized look in general characters animation animation of objects at the location expressive animation of emotions e g face gaze gestures body mechanics animation optimization of work and export graphic designer services 2020 2021 worked on the cartoon at toon boom harmony compositing clean up art coloring sketching including special effects in the storyboard frames worked on the film in adobe after effects postproduction graphic designer dtp vip print publishing and printing 2019 2020 preparation of materials for social networks for facebook linkedin instagram filling the company s website with visual content design and visualization of souvenir products creation of mockup files design of advertising printed products pos materials correction and revision of customer files changes resize working with customers design approval preparation of layouts for printing by the technical requirements of production material features and adaptation of projects by the wishes of the client design and preparation of materials for printing exhibitions 3 0 years
DJINNI-481204e8-f31c-506f-8242-4c5cd834c2df,"Creating 2d animations of UI, characters, environment, game elements, particles, etc. Experience with slots and casual games.",Design,Not Available,Not Available,3.0 years,2D Animator,Djinni Recruitment Dataset (English Candidate Profiles),https://huggingface.co/datasets/lang-uk/recruitment-dataset-candidate-profiles-english,481204e8-f31c-506f-8242-4c5cd834c2df,anonymized,MIT License,2d animator creating 2d animations of ui characters environment game elements particles etc experience with slots and casual games 3 0 years
DJINNI-7b53d29b-a7a4-514e-971f-0b4dfc5b393f,"Hello, I am a beginner 2d animator. 
I took a course in 2D Spine animation from the wonderful ""Kate motion academy"".
After finishing this course, I started creating illustrations and animated them in the last half of the year. 
I have experience in preparing images for animation.
I know how to set up almost 3D animation in 2D.
I have experience in creating character animations, building objects, walking animations.
I am looking for a company in which I will work on an ongoing basis or part-time, where I can develop and work on interesting projects with great guys. 
Ready to learn something new.",Artist,Not Available,Not Available,1.0 years,2D Animator,Djinni Recruitment Dataset (English Candidate Profiles),https://huggingface.co/datasets/lang-uk/recruitment-dataset-candidate-profiles-english,7b53d29b-a7a4-514e-971f-0b4dfc5b393f,anonymized,MIT License,2d animator hello i am a beginner 2d animator i took a course in 2d spine animation from the wonderful kate motion academy after finishing this course i started creating illustrations and animated them in the last half of the year i have experience in preparing images for animation i know how to set up almost 3d animation in 2d i have experience in creating character animations building objects walking animations i am looking for a company in which i will work on an ongoing basis or part time where i can develop and work on interesting projects with great guys ready to learn something new 1 0 years
DJINNI-3da91925-b49b-5bbd-9b4e-4d18d481db0f,"I created a 5-minute short cartoon about Space for children.
(You can view it in my portfolio on Behance.)

And I got 99 out of 100 points in my diploma defense. :)
Hii.
I like the combination of creativity and technology as it is in animation. You can move the whole world :)
It's magic 🪄
I can create a character for you, an environment and animate them.",Artist,Not Available,Not Available,0.5 years,2D Animator,Djinni Recruitment Dataset (English Candidate Profiles),https://huggingface.co/datasets/lang-uk/recruitment-dataset-candidate-profiles-english,3da91925-b49b-5bbd-9b4e-4d18d481db0f,anonymized,MIT License,2d animator i created a 5 minute short cartoon about space for children you can view it in my portfolio on behance and i got 99 out of 100 points in my diploma defense hii i like the combination of creativity and technology as it is in animation you can move the whole world it s magic i can create a character for you an environment and animate them 0 5 years
DJINNI-5d816eb0-be2a-5659-96a8-d86503149427,"I have been doing animation for half a year, skills include logo animation, corporate videos, advertising animations, animation for social networks, your personal wishes",Artist,Not Available,Not Available,2.0 years,2D Animator,Djinni Recruitment Dataset (English Candidate Profiles),https://huggingface.co/datasets/lang-uk/recruitment-dataset-candidate-profiles-english,5d816eb0-be2a-5659-96a8-d86503149427,anonymized,MIT License,2d animator i have been doing animation for half a year skills include logo animation corporate videos advertising animations animation for social networks your personal wishes 2 0 years
DJINNI-39d3ad59-e184-5bf7-b46c-c1fbb9e2ce3d,"I have been working in the game industry as a 2D animator for seven years. Work in After Effects and Spine, I like to animate characters. I made animations not only characters, but also animations of features, pop-ups, backgrounds. Before that, I worked in post-production, doing compositing and rotoscoping for commercials and films. Worked at Nuke, Mocha and Silhouette. Took drawing courses on a tablet at the ArtCraft studio. I learn quickly, I love my job, I want to continue to develop learn new design programs and improve my skills in the programs in which i work.",Artist,Not Available,Not Available,7.0 years,2D Animator,Djinni Recruitment Dataset (English Candidate Profiles),https://huggingface.co/datasets/lang-uk/recruitment-dataset-candidate-profiles-english,39d3ad59-e184-5bf7-b46c-c1fbb9e2ce3d,anonymized,MIT License,2d animator i have been working in the game industry as a 2d animator for seven years work in after effects and spine i like to animate characters i made animations not only characters but also animations of features pop ups backgrounds before that i worked in post production doing compositing and rotoscoping for commercials and films worked at nuke mocha and silhouette took drawing courses on a tablet at the artcraft studio i learn quickly i love my job i want to continue to develop learn new design programs and improve my skills in the programs in which i work 7 0 years
DJINNI-beae1ab2-1f8c-5dd0-b555-2cfb350fb5c8,"I’ve been working for over a year now in Motion Graphic Animation and 2D Animation (Cut Out, Moho Pro, Adobe After Effects)
I’m also familiar with Spine 2D but lack of work experience in it.
My primary goal in my career as a 2D Animator, is to improve the quality of the animation and to learn 3D animation as well.",Artist,Not Available,Not Available,1.0 years,2D Animator,Djinni Recruitment Dataset (English Candidate Profiles),https://huggingface.co/datasets/lang-uk/recruitment-dataset-candidate-profiles-english,beae1ab2-1f8c-5dd0-b555-2cfb350fb5c8,anonymized,MIT License,2d animator i ve been working for over a year now in motion graphic animation and 2d animation cut out moho pro adobe after effects i m also familiar with spine 2d but lack of work experience in it my primary goal in my career as a 2d animator is to improve the quality of the animation and to learn 3d animation as well 1 0 years
DJINNI-8b085b0d-c533-5845-9edd-a4297677c945,"I worked as Motion Designer since Mar 2016 to Dec 2017 in Lime-Line studio.
Lime-Line was company that created explainer and promo videos, also
videoshooting for different events like conferences.
• I was responsible for creating storyboards
• Creating and preparing graphics for animation
• Creating of animation
• Videoediting
• Also i worked on characters animation in Cinema4d a little
From Jan 2018 to Apr 2023 I worked as 2dAnimator in FgFactory.
FgFactory is a software development and art agency that provides
services to game developers, media companies, and other organizations.
My responsibilities were:
• Creation of animation for characters, backgrounds, vfx for UI elements
and game objects
• Communication with a 2d artist to properly prepare graphics for
animation
• Preparing exports and assets for developers
• In 2022, I became a team-lead and controlled the quality of the
animation we made for our clients and supervised junior animators",Artist,Not Available,Not Available,7.0 years,2D Animator,Djinni Recruitment Dataset (English Candidate Profiles),https://huggingface.co/datasets/lang-uk/recruitment-dataset-candidate-profiles-english,8b085b0d-c533-5845-9edd-a4297677c945,anonymized,MIT License,2d animator i worked as motion designer since mar 2016 to dec 2017 in lime line studio lime line was company that created explainer and promo videos also videoshooting for different events like conferences i was responsible for creating storyboards creating and preparing graphics for animation creating of animation videoediting also i worked on characters animation in cinema4d a little from jan 2018 to apr 2023 i worked as 2danimator in fgfactory fgfactory is a software development and art agency that provides services to game developers media companies and other organizations my responsibilities were creation of animation for characters backgrounds vfx for ui elements and game objects communication with a 2d artist to properly prepare graphics for animation preparing exports and assets for developers in 2022 i became a team lead and controlled the quality of the animation we made for our clients and supervised junior animators 7 0 years
DJINNI-6db525f8-79fc-5156-bce2-34c078ca0b01,"More than 10 years of animation experience in the Gamedev and film industry.
- Spine 2D
- After Effects
- Rive, Lottie
- Adobe Animate (Flash)
- Toon Boom Harmony
Participated in game projects for well-known companies such as Playrix, Aglet, Big Fish Games, Fabros, Playtika, Chess.com, and Foxbear Games.
As an animation generalist, able to adjust to a variety of animation projects to meet clients' needs.",Other,Not Available,Not Available,11.0 years,2D Animator,Djinni Recruitment Dataset (English Candidate Profiles),https://huggingface.co/datasets/lang-uk/recruitment-dataset-candidate-profiles-english,6db525f8-79fc-5156-bce2-34c078ca0b01,anonymized,MIT License,2d animator more than 10 years of animation experience in the gamedev and film industry spine 2d after effects rive lottie adobe animate flash toon boom harmony participated in game projects for well known companies such as playrix aglet big fish games fabros playtika chess com and foxbear games as an animation generalist able to adjust to a variety of animation projects to meet clients needs 11 0 years
DJINNI-e6d5b8d1-5250-5e64-ad2c-42ee8492f8fc,"Participated in the creation of NFT game ""War of Trolls"".
All animation of each character, their interaction, battles on arena -  it's my work.
worked with ux design, developed effects and implemented in the browser through html, css
Took an active part in testing, solving technical problems and finalizing game mechanics.
war-of-trolls.io
Character animation in Spine 2D.
FX, UI and background animation.
Video editing.",Artist,Not Available,Not Available,1.0 years,2D Animator,Djinni Recruitment Dataset (English Candidate Profiles),https://huggingface.co/datasets/lang-uk/recruitment-dataset-candidate-profiles-english,e6d5b8d1-5250-5e64-ad2c-42ee8492f8fc,anonymized,MIT License,2d animator participated in the creation of nft game war of trolls all animation of each character their interaction battles on arena it s my work worked with ux design developed effects and implemented in the browser through html css took an active part in testing solving technical problems and finalizing game mechanics war of trolls io character animation in spine 2d fx ui and background animation video editing 1 0 years
DJINNI-6e830d7e-f713-5a4b-a520-338f2cbeb3a3,"Work on game/learning kids project from very beginning to release (started as trainee, ended-up as techlead),
Practical experience of using Unity3d:
Character rigging, reskinning, animation;
State-machine for characters, UI, windows, different objects;
Particle System: VFX of leaves, dust, bombs, shinings, water, explosions, magic fx in gameplays etc;
UI and puzzle mechanics animation: match3, merge, find 10 obj., farm, hidden objects;
Cutscene animations with 3d characters and 2d environment (cooperation with 3d animators);
UI event windows animation, building UI according mockups;
Trainees mentoring, assisting animators team, manage animation production;
Task estimation, skill-sharing meetings, creating pipelines documentation.

Non-commercial experience in Spine: rigging, character animation, ui windows animation

Freelance experience: NFT character animation, FX (Particle System), video editing (After Effects)
Mobile games (Casual, puzzle, platformers, adventure)",Unity,Not Available,Not Available,5.0 years,2D Animator,Djinni Recruitment Dataset (English Candidate Profiles),https://huggingface.co/datasets/lang-uk/recruitment-dataset-candidate-profiles-english,6e830d7e-f713-5a4b-a520-338f2cbeb3a3,anonymized,MIT License,2d animator work on game learning kids project from very beginning to release started as trainee ended up as techlead practical experience of using unity3d character rigging reskinning animation state machine for characters ui windows different objects particle system vfx of leaves dust bombs shinings water explosions magic fx in gameplays etc ui and puzzle mechanics animation match3 merge find 10 obj farm hidden objects cutscene animations with 3d characters and 2d environment cooperation with 3d animators ui event windows animation building ui according mockups trainees mentoring assisting animators team manage animation production task estimation skill sharing meetings creating pipelines documentation non commercial experience in spine rigging character animation ui windows animation freelance experience nft character animation fx particle system video editing after effects mobile games casual puzzle platformers adventure 5 0 years
DJINNI-39cd19bf-6830-551f-bd97-75cb1a116f6b,"- Rigging Characters in Moho for «Ice Molly» project 
- Creating Walk Cycles for Characters. Creating Actions for Cycles;
- Creating Rigs in Spine. Creating Animation in Spine. 
- Creating different types of 2d art (icons, props, environment 
elements, cartoon characters with line/shape);

I'd like to enhance my 2D Animation skills.",Other,Not Available,Not Available,2.0 years,2D Animator,Djinni Recruitment Dataset (English Candidate Profiles),https://huggingface.co/datasets/lang-uk/recruitment-dataset-candidate-profiles-english,39cd19bf-6830-551f-bd97-75cb1a116f6b,anonymized,MIT License,2d animator rigging characters in moho for ice molly project creating walk cycles for characters creating actions for cycles creating rigs in spine creating animation in spine creating different types of 2d art icons props environment elements cartoon characters with line shape i d like to enhance my 2d animation skills 2 0 years
DJINNI-973e962f-60a5-551c-93b0-93ca1eb95be9,"Here is my portfolio:
https://readymag.com/u66498178/portfolio

I`ve worked as a slots artist for games in casino style, animated characters for fighting platformer game and created a bunch of movies!
- 2D artist and animator for games.
- Experience 3+ years 

- Excellent knowledge of Moho, Spine and After Effects for animation
- Excellent knowledge of Photoshop, Illustrator for 2d raster and vector art
- ZBrush, 3dsMax, Maya basic knowledge
- Bachelor of Fine Arts
- 4 years working as a Designer (creating brands identity, advertising)
- I am aspired to create great games
- I enjoy creating characters, backgrounds, UI, and animation
- Flexible schedule is preferable for me",Other,Not Available,Not Available,3.0 years,"2D Animator, 2D Artist",Djinni Recruitment Dataset (English Candidate Profiles),https://huggingface.co/datasets/lang-uk/recruitment-dataset-candidate-profiles-english,973e962f-60a5-551c-93b0-93ca1eb95be9,anonymized,MIT License,2d animator 2d artist here is my portfolio i ve worked as a slots artist for games in casino style animated characters for fighting platformer game and created a bunch of movies 2d artist and animator for games experience 3 years excellent knowledge of moho spine and after effects for animation excellent knowledge of photoshop illustrator for 2d raster and vector art zbrush 3dsmax maya basic knowledge bachelor of fine arts 4 years working as a designer creating brands identity advertising i am aspired to create great games i enjoy creating characters backgrounds ui and animation flexible schedule is preferable for me 3 0 years
DJINNI-43f85ce0-33ca-591e-8940-9c586f6aa733,"Hi! I am an illustrator, animator and a graduate specialist in the field of graphic design. Work experience in the field of graphic design and illustration for more than 4 years and animation for about 2 years.
Familiar with many graphic editors, such as: Adobe After Effects, Adobe Photoshop, Adobe Illustrator, Adobe Character Animator, Adobe Premiere Pro. But I mainly work on the iPad in the Procreate program. Familiar with various types of animation. Therefore, I will gladly help you with the project.",Artist,Not Available,Not Available,5.0 years,2D Animator/2D Artist,Djinni Recruitment Dataset (English Candidate Profiles),https://huggingface.co/datasets/lang-uk/recruitment-dataset-candidate-profiles-english,43f85ce0-33ca-591e-8940-9c586f6aa733,anonymized,MIT License,2d animator 2d artist hi i am an illustrator animator and a graduate specialist in the field of graphic design work experience in the field of graphic design and illustration for more than 4 years and animation for about 2 years familiar with many graphic editors such as adobe after effects adobe photoshop adobe illustrator adobe character animator adobe premiere pro but i mainly work on the ipad in the procreate program familiar with various types of animation therefore i will gladly help you with the project 5 0 years
DJINNI-a5364f31-d4e4-5889-a241-b57361e0563f,"I've been working in the Toon Boom Harmony program for over four years. Professionally engaged in the creation of Riggs 2D characters, of any complexity. Worked as a rigger and animator at several studios. The last studio I worked at was StoryBox Studios, where I was a 2D rigger and animator. Created over 20 character rigs for their project.
Worked on the same team with Matt Watts.",Artist,Not Available,Not Available,4.0 years,"2D animator, 2d rigger",Djinni Recruitment Dataset (English Candidate Profiles),https://huggingface.co/datasets/lang-uk/recruitment-dataset-candidate-profiles-english,a5364f31-d4e4-5889-a241-b57361e0563f,anonymized,MIT License,2d animator 2d rigger i ve been working in the toon boom harmony program for over four years professionally engaged in the creation of riggs 2d characters of any complexity worked as a rigger and animator at several studios the last studio i worked at was storybox studios where i was a 2d rigger and animator created over 20 character rigs for their project worked on the same team with matt watts 4 0 years
DJINNI-f82bb259-ca33-5ba4-9b03-fb6c04fde837,"A skilled 2D animator and 3D artist who excels at producing excellent animations rapidly to meet tight deadlines. efficient, adaptable, and highly intelligent professional. 
  I enjoy creating 3D models and 2D animations.",Artist,Not Available,Not Available,1.0 years,"2D Animator, 3D Artist",Djinni Recruitment Dataset (English Candidate Profiles),https://huggingface.co/datasets/lang-uk/recruitment-dataset-candidate-profiles-english,f82bb259-ca33-5ba4-9b03-fb6c04fde837,anonymized,MIT License,2d animator 3d artist a skilled 2d animator and 3d artist who excels at producing excellent animations rapidly to meet tight deadlines efficient adaptable and highly intelligent professional i enjoy creating 3d models and 2d animations 1 0 years
DJINNI-b0ea7159-1e9e-52bc-ba1d-a2b6c8a062bb,"Create animation for casual games cutting and correcting art for animation, optimization ,training events for colleagues.
Scriptwriter and animate misslid cut scenes for a hyper-casual project, layout and animation UI elements for game.
Creation animation at all stages slot projects, backgrounds, characters, mechanics, UI, symbols and effects, support and optimization assets.
Creation promo videos for advertising games.
Working on a 3D cartoon.
I definitely don't want to do Unity animation",Artist,Not Available,Not Available,4.0 years,"2d animator, ae motion/vfx designer, blender artist/animator",Djinni Recruitment Dataset (English Candidate Profiles),https://huggingface.co/datasets/lang-uk/recruitment-dataset-candidate-profiles-english,b0ea7159-1e9e-52bc-ba1d-a2b6c8a062bb,anonymized,MIT License,2d animator ae motion vfx designer blender artist animator create animation for casual games cutting and correcting art for animation optimization training events for colleagues scriptwriter and animate misslid cut scenes for a hyper casual project layout and animation ui elements for game creation animation at all stages slot projects backgrounds characters mechanics ui symbols and effects support and optimization assets creation promo videos for advertising games working on a 3d cartoon i definitely don t want to do unity animation 4 0 years
DJINNI-469c642e-a4ff-5c3f-8ed8-dcdac7ee10c8,"Creative and self-motivated 2d-animator and with  experience in creating character animations, explainer videos, infographic, typography, logo animation.
Strong knowledge of composition, color theory, anatomy. Know and use 12 principles of animation.

• 2d vector-based animation
• Frame-by-frame animation
• character animation
• rigging (DuikBassel, Joystick & sliders)
• hand draw skills
• free drawing on graphics tablet
• team player and fast-leaner

Software:
• Adobe After Effects
• Adobe Animate
• Illustrator
• basic knowledge of ToonBoom (still learning)
I want to gain more experience as 2d Animator & motion designer. I would like to work as a part of a friendly and strong team and be able to gain knowledge through collaboration.",Other,Not Available,Not Available,1.5 years,2D Animator (After Effects & Adobe Animate),Djinni Recruitment Dataset (English Candidate Profiles),https://huggingface.co/datasets/lang-uk/recruitment-dataset-candidate-profiles-english,469c642e-a4ff-5c3f-8ed8-dcdac7ee10c8,anonymized,MIT License,2d animator after effects adobe animate creative and self motivated 2d animator and with experience in creating character animations explainer videos infographic typography logo animation strong knowledge of composition color theory anatomy know and use 12 principles of animation 2d vector based animation frame by frame animation character animation rigging duikbassel joystick sliders hand draw skills free drawing on graphics tablet team player and fast leaner software adobe after effects adobe animate illustrator basic knowledge of toonboom still learning i want to gain more experience as 2d animator motion designer i would like to work as a part of a friendly and strong team and be able to gain knowledge through collaboration 1 5 years
DJINNI-888c6bea-3b8f-53f3-9827-8f7c4950ae88,"4+ years experience as 2D artist and animator
2+ years experience in Game dev industry 
1 year as indie 

Experience in:
- Spine animation
- Animation from idea to final render
- Character design and animation 
- Props animations 
- VFX in Spine and After Effects 
- Frame by frame animations
- Storyboarding
- Mentoring animators

Software experience and skills in:
- Spine 2D
- Adobe After Effects
- Adobe Photoshop
- Adobe Illustrator 
- Dragon Bones 
- Figma
- Blender 3D",Artist,Not Available,Not Available,4.0 years,2D Animator and 2D Artist,Djinni Recruitment Dataset (English Candidate Profiles),https://huggingface.co/datasets/lang-uk/recruitment-dataset-candidate-profiles-english,888c6bea-3b8f-53f3-9827-8f7c4950ae88,anonymized,MIT License,2d animator and 2d artist 4 years experience as 2d artist and animator 2 years experience in game dev industry 1 year as indie experience in spine animation animation from idea to final render character design and animation props animations vfx in spine and after effects frame by frame animations storyboarding mentoring animators software experience and skills in spine 2d adobe after effects adobe photoshop adobe illustrator dragon bones figma blender 3d 4 0 years
DJINNI-33fecd61-41e5-5810-a8e3-e71fa82d0d29,"I'm 29 years old and now I am living in Poland, Warszawa and search a good variants of full time remote job. Also consider a part time job.

I have 8 years experience of making HTML/CSS 2D Animation using Google Web Designer program.

I've make a magic using ready-made layouts in PSD format and picture assets.

Whole time I made banners and the last 3 years I've made animated CLM presentations which can integrated in many CRM platforms.
I am not a designer, I just can edit layouts.",Artist,Not Available,Not Available,8.0 years,"2D Animator, Banners, Video Ads, CLM Presentations",Djinni Recruitment Dataset (English Candidate Profiles),https://huggingface.co/datasets/lang-uk/recruitment-dataset-candidate-profiles-english,33fecd61-41e5-5810-a8e3-e71fa82d0d29,anonymized,MIT License,2d animator banners video ads clm presentations i m 29 years old and now i am living in poland warszawa and search a good variants of full time remote job also consider a part time job i have 8 years experience of making html css 2d animation using google web designer program i ve make a magic using ready made layouts in psd format and picture assets whole time i made banners and the last 3 years i ve made animated clm presentations which can integrated in many crm platforms i am not a designer i just can edit layouts 8 0 years
DJINNI-8488b400-e716-56a5-92bc-e1fcdb1aa172,"Hello, my name is Denis. I do 2D animation and vector graphics. Participated in the creation of graphics for public events. I also have experience in compositing, took part in the work on TV series, films and clips. People with whom I had to work usually spoke of me as an energetic, responsible and reliable partner. I will be glad to cooperate!
- Rototscoping, keying, tracking
- Color correction
- VFX
- Compositing
- Cleanup
- Motion design",Artist,Not Available,Not Available,6.0 years,"2d Animator, Composer",Djinni Recruitment Dataset (English Candidate Profiles),https://huggingface.co/datasets/lang-uk/recruitment-dataset-candidate-profiles-english,8488b400-e716-56a5-92bc-e1fcdb1aa172,anonymized,MIT License,2d animator composer hello my name is denis i do 2d animation and vector graphics participated in the creation of graphics for public events i also have experience in compositing took part in the work on tv series films and clips people with whom i had to work usually spoke of me as an energetic responsible and reliable partner i will be glad to cooperate rototscoping keying tracking color correction vfx compositing cleanup motion design 6 0 years
DJINNI-7118eefe-adca-5d96-a22c-69b56a886aef,"I realized that I had reached a new level when I received an offer to be a teacher in IT school. After all, teaching someone is a huge responsibility and an opportunity to grow as a leader.
I am a 2D Animator & Graphic Designer on slots games, mobile ads, education, advertising, marketing, outsourcing, consulting projects.
My responsibilities now are to create different animations for slots games (characters, backgrounds, effects etc). Have experience in Spine 2D, Adobe Creative Suite (Photoshop, Illustrator, After Effects, Premier Pro, InDesign).
I'm looking for:
- Interesting and ambitious projects, cool products
- Work where I can grow and get new skills",Other,Not Available,Not Available,7.0 years,"2D Animator, Graphic Designer",Djinni Recruitment Dataset (English Candidate Profiles),https://huggingface.co/datasets/lang-uk/recruitment-dataset-candidate-profiles-english,7118eefe-adca-5d96-a22c-69b56a886aef,anonymized,MIT License,2d animator graphic designer i realized that i had reached a new level when i received an offer to be a teacher in it school after all teaching someone is a huge responsibility and an opportunity to grow as a leader i am a 2d animator graphic designer on slots games mobile ads education advertising marketing outsourcing consulting projects my responsibilities now are to create different animations for slots games characters backgrounds effects etc have experience in spine 2d adobe creative suite photoshop illustrator after effects premier pro indesign i m looking for interesting and ambitious projects cool products work where i can grow and get new skills 7 0 years
DJINNI-7abd4dac-b1d3-52da-b3b6-e0fb2a83ac41,"On previous job my works have attracted more people on sites which leaded to higher profit for the company.
I had created interactive presentation of product. Also I had made a package design.
Right now improving skills in Spine and After Effects. 

Courses I had finished:
After Effect courses in the Artcraft school 
Digital drawing in  the Artcraft school 
Web Design courses in  the Interior Design School ""Uspeh""
Prepress courses in  the Interior Design School ""Uspeh""
UX/UI courses.
I have 5+ years experience as a Graphic Designer.
I worked mostly on logo design, landing pages, product design, wireframes, illustrations, animations in After Effects etc.
I have experience to work in startups and corporations.
I usually work in close cooperation with the customer and development team.

Main tools I use: Spine, After Effects, Photoshop, Adobe Illustrator, InDesign, Figma, Axure, Miro, Premire Pro.

Why you should hire me?
- I've experience with animation. Working in Spine and After Effects. And I really like it).
- I'm fast learner, always trying to do my work better than expected.
- I draw on Graphic tablet and by hand.
- I grown up on comics and video games. 
Also worked in a comics company as a Letterist.
Right now I would like to switch my career to 2D Animation.I have an experience in After Effects. I have basic knowledge in Spine (self taught).

I want to work on interesting projects that will be visually attractive and convenient for users. In the team of professional designers.
Would be perfect to work in the company that connected to Game design, art studios or Motion companies.
I don`t want to work with Casino sites, already had this kind of experience and realised it's not for me.",Design,Not Available,Not Available,5.0 years,2D Animator/ Illustrator,Djinni Recruitment Dataset (English Candidate Profiles),https://huggingface.co/datasets/lang-uk/recruitment-dataset-candidate-profiles-english,7abd4dac-b1d3-52da-b3b6-e0fb2a83ac41,anonymized,MIT License,2d animator illustrator on previous job my works have attracted more people on sites which leaded to higher profit for the company i had created interactive presentation of product also i had made a package design right now improving skills in spine and after effects courses i had finished after effect courses in the artcraft school digital drawing in the artcraft school web design courses in the interior design school uspeh prepress courses in the interior design school uspeh ux ui courses i have 5 years experience as a graphic designer i worked mostly on logo design landing pages product design wireframes illustrations animations in after effects etc i have experience to work in startups and corporations i usually work in close cooperation with the customer and development team main tools i use spine after effects photoshop adobe illustrator indesign figma axure miro premire pro why you should hire me i ve experience with animation working in spine and after effects and i really like it i m fast learner always trying to do my work better than expected i draw on graphic tablet and by hand i grown up on comics and video games also worked in a comics company as a letterist right now i would like to switch my career to 2d animation i have an experience in after effects i have basic knowledge in spine self taught i want to work on interesting projects that will be visually attractive and convenient for users in the team of professional designers would be perfect to work in the company that connected to game design art studios or motion companies i don t want to work with casino sites already had this kind of experience and realised it s not for me 5 0 years
DJINNI-2815fb9c-0efd-5702-bc05-08453b5209f5,"Characters animation for romantic games
Object animation 
Slots animation
Background animation
Effective cooperation with team (art team)
Decision maker starting from concept to project release
Presents the projects to management
Team and conflict management
Actors casting 
Work with producers and designers on design for concepts and videos
Team management (10 - 60 people)
Timing shooting
Estimation of scope",Artist,Not Available,Not Available,0.5 years,2D Animator in Spine,Djinni Recruitment Dataset (English Candidate Profiles),https://huggingface.co/datasets/lang-uk/recruitment-dataset-candidate-profiles-english,2815fb9c-0efd-5702-bc05-08453b5209f5,anonymized,MIT License,2d animator in spine characters animation for romantic games object animation slots animation background animation effective cooperation with team art team decision maker starting from concept to project release presents the projects to management team and conflict management actors casting work with producers and designers on design for concepts and videos team management 10 60 people timing shooting estimation of scope 0 5 years
DJINNI-c8205d3f-cf73-5341-955c-a60b8269bdc2,"I have completed the Motion Beast Course from Motion Design School and possess skills in shape animation, shape modifiers, path animation, keyframes and easing, expressions, looping, morphing, lettering, animation principles, effects, and stylization. 

I am proficient in After Effects, Illustrator, Photoshop, Media Encoder, and Premiere Pro.
Recently, I have been focusing on vector and shape animation and have been learning character animation, including walk and run cycles. 

I use the Duik plugin and path animation to animate characters.",Artist,Not Available,Not Available,0.0 years,"2d animator, motion design",Djinni Recruitment Dataset (English Candidate Profiles),https://huggingface.co/datasets/lang-uk/recruitment-dataset-candidate-profiles-english,c8205d3f-cf73-5341-955c-a60b8269bdc2,anonymized,MIT License,2d animator motion design i have completed the motion beast course from motion design school and possess skills in shape animation shape modifiers path animation keyframes and easing expressions looping morphing lettering animation principles effects and stylization i am proficient in after effects illustrator photoshop media encoder and premiere pro recently i have been focusing on vector and shape animation and have been learning character animation including walk and run cycles i use the duik plugin and path animation to animate characters 0 0 years
DJINNI-7de86039-69f2-5c74-96b4-98379c6f7a74,"March 2019 – present, RubyPlay
2d Animator
Creating animation and vfx for games

October 2018 – March 2019, INNOVECS
Motion designer
Design and video game trailers, interactive video ads for the world's largest brands and gaming companies. 

March 2018 – October 2018, Royal Advertising
Motion designer
Cases preparation, development of creative advertising concepts, motion graphics for presentations.

September 2017 – February 2019, VGNC
Motion designer
Motion graphics for TV, cases preparation, development of creative advertising concepts, movie titles, cooperation with web developers to create web animations.",Other,Not Available,Not Available,3.0 years,2d animator / motion designer,Djinni Recruitment Dataset (English Candidate Profiles),https://huggingface.co/datasets/lang-uk/recruitment-dataset-candidate-profiles-english,7de86039-69f2-5c74-96b4-98379c6f7a74,anonymized,MIT License,2d animator motion designer march 2019 present rubyplay 2d animator creating animation and vfx for games october 2018 march 2019 innovecs motion designer design and video game trailers interactive video ads for the world s largest brands and gaming companies march 2018 october 2018 royal advertising motion designer cases preparation development of creative advertising concepts motion graphics for presentations september 2017 february 2019 vgnc motion designer motion graphics for tv cases preparation development of creative advertising concepts movie titles cooperation with web developers to create web animations 3 0 years
DJINNI-b900f892-c593-59da-bb13-d7183581f4dd,"PORTFOLIO
https://www.youtube.com/channel/UC78KboE3WS3rvNkuyXwgL-w
Creating and animating 2D/3D items and characters. Taking part in scriptwriting and creating storyboards. Strong knowledge of animation principles. Compositing and color correction.
Professional growth. Challenging tasks. Possibility to learn from more experienced colleagues.",Design,Not Available,Not Available,1.0 years,"2d animator, motion designer",Djinni Recruitment Dataset (English Candidate Profiles),https://huggingface.co/datasets/lang-uk/recruitment-dataset-candidate-profiles-english,b900f892-c593-59da-bb13-d7183581f4dd,anonymized,MIT License,2d animator motion designer portfolio creating and animating 2d 3d items and characters taking part in scriptwriting and creating storyboards strong knowledge of animation principles compositing and color correction professional growth challenging tasks possibility to learn from more experienced colleagues 1 0 years
DJINNI-716c52e6-2604-50a9-b51c-37f575f95f39,"Hello! I am a motion designer with more than 6 years of professional experience.
Main services that I provide: 

— Logo Animation
— Logo Intro & Outro
— Explanation Video
— Animation
— Infographic Video
— 3D/2D motion graphics
— VFX and post-production
— Video editing
— Advertising Animated Video (Youtube, Facebook, LinkedIn, Pinterest, Instagram)

I can create professional explainer video for your business with a full production cycle: script, voice-over, illustration, animation, sound design.

I appreciate the time of my clients that's why work quickly and efficiently. If you want a fun, creative, professional video, I am the right guy. Feel free to ask any questions.
— Friendly team;
— Good worked workflow;
— Comfortable office;
— Interesting projects;
— Corporate English.",Other,Not Available,Not Available,5.0 years,"2d animator, motion designer",Djinni Recruitment Dataset (English Candidate Profiles),https://huggingface.co/datasets/lang-uk/recruitment-dataset-candidate-profiles-english,716c52e6-2604-50a9-b51c-37f575f95f39,anonymized,MIT License,2d animator motion designer hello i am a motion designer with more than 6 years of professional experience main services that i provide logo animation logo intro outro explanation video animation infographic video 3d 2d motion graphics vfx and post production video editing advertising animated video youtube facebook linkedin pinterest instagram i can create professional explainer video for your business with a full production cycle script voice over illustration animation sound design i appreciate the time of my clients that s why work quickly and efficiently if you want a fun creative professional video i am the right guy feel free to ask any questions friendly team good worked workflow comfortable office interesting projects corporate english 5 0 years
DJINNI-0dffbe5c-1f4b-55c7-93f2-5cfff57ccaf7,"I create motion design in After Effects or frame-by-frame and cut-out animation in Toon Boom. Responsible for creating animation from rough sketch to compositing and VFX. Have 6 years of experience in creating advertisments for games, services, products and recently NFTs. Programs I work with: After Effects, Photoshop, Illustrator, Toon Boom Harmony. Now I'm senior animator in creative agency. Looking for new ways to develop.",Artist,Not Available,Not Available,6.0 years,"2d animator, motion designer",Djinni Recruitment Dataset (English Candidate Profiles),https://huggingface.co/datasets/lang-uk/recruitment-dataset-candidate-profiles-english,0dffbe5c-1f4b-55c7-93f2-5cfff57ccaf7,anonymized,MIT License,2d animator motion designer i create motion design in after effects or frame by frame and cut out animation in toon boom responsible for creating animation from rough sketch to compositing and vfx have 6 years of experience in creating advertisments for games services products and recently nfts programs i work with after effects photoshop illustrator toon boom harmony now i m senior animator in creative agency looking for new ways to develop 6 0 years
DJINNI-4f7e5bed-a760-5005-8f4d-d257f6ced3f7,"I have an experience of animation characters and slots in Spine. Also I was working with Duik, Dragon bones, After Effects, Photoshop... Created effects and videos in After effects. I have a knowlage of plugins and particle emitters (pixi, magic particles, trapcode, element 3d, saber, form...)",Design,Not Available,Not Available,5.0 years,"2d animator, motion designer",Djinni Recruitment Dataset (English Candidate Profiles),https://huggingface.co/datasets/lang-uk/recruitment-dataset-candidate-profiles-english,4f7e5bed-a760-5005-8f4d-d257f6ced3f7,anonymized,MIT License,2d animator motion designer i have an experience of animation characters and slots in spine also i was working with duik dragon bones after effects photoshop created effects and videos in after effects i have a knowlage of plugins and particle emitters pixi magic particles trapcode element 3d saber form 5 0 years
DJINNI-6ee46610-2503-59ae-aa8c-a771262fea50,"I have experience in creating:
-2d vector character animation
- Explainer video
-Animation for Titles, Lower Thirds
-Shape animation
Now I would like to do more 2D character animation and motion design for various projects.
Also now I'm studying Maya, I want to develop in the direction of 3D animation",Artist,Not Available,Not Available,1.0 years,2d animator/motion designer,Djinni Recruitment Dataset (English Candidate Profiles),https://huggingface.co/datasets/lang-uk/recruitment-dataset-candidate-profiles-english,6ee46610-2503-59ae-aa8c-a771262fea50,anonymized,MIT License,2d animator motion designer i have experience in creating 2d vector character animation explainer video animation for titles lower thirds shape animation now i would like to do more 2d character animation and motion design for various projects also now i m studying maya i want to develop in the direction of 3d animation 1 0 years
DJINNI-b0456a37-2595-5daf-998c-34bc88e9b1f7,"Motion Designer (October 2020 – present)
“Genesis”, Kyiv, Ukraine
• Marketing creatives for the Brain Training App:
- creation of videos and banners based on the prepared technical 
assignment;
- advertising on facebook, tik tok, google, pinterest, snapchat;
- writing new concepts, refreshes and variations for creatives;
- editing illustrations in Adobe Illustrator, creating animation in After 
Effects with additional assets.
• Marketing creatives for the Word Search Game:
- creation of videos and banners based on the prepared technical 
assignment;
- advertising on facebook, google;
- writing new concepts, refreshes and variations for creatives;
- editing illustrations in Adobe Illustrator, creating animation in After 
Effects with additional assets.

Motion Designer, Animator (May 2019 – September 2020)
“WeeDesign”, Kharkiv, Ukraine
• Experience in 2D and 3D animation, motion design, frame-by-frame 
animation, illustration, AR animation, 3D modeling and texturing;
• Created: video explainers, promotional videos, trailers, video-cards, music 
videos, AR animations, titles, event videos, character concepts, logo designs, 
gifs, web illustrations, posters, infographics, videos for social media 
(instagram, facebook).

2D Freelance Animator (May 2018; August 2020)
• Instagram story promotional video for ""Medical School"";
• Instagram story gifs for ""Malinka"".

2D Freelance Illustrator (November 2016 – August 2018)
• Concept arts for indie game (backgrounds);
• Illustrations for children's book (characters and backgrounds);
• Certificates and Instagram stories for ""Medical School"".",Design,Not Available,Not Available,2.5 years,2D animator/Motion designer,Djinni Recruitment Dataset (English Candidate Profiles),https://huggingface.co/datasets/lang-uk/recruitment-dataset-candidate-profiles-english,b0456a37-2595-5daf-998c-34bc88e9b1f7,anonymized,MIT License,2d animator motion designer motion designer october 2020 present genesis kyiv ukraine marketing creatives for the brain training app creation of videos and banners based on the prepared technical assignment advertising on facebook tik tok google pinterest snapchat writing new concepts refreshes and variations for creatives editing illustrations in adobe illustrator creating animation in after effects with additional assets marketing creatives for the word search game creation of videos and banners based on the prepared technical assignment advertising on facebook google writing new concepts refreshes and variations for creatives editing illustrations in adobe illustrator creating animation in after effects with additional assets motion designer animator may 2019 september 2020 weedesign kharkiv ukraine experience in 2d and 3d animation motion design frame by frame animation illustration ar animation 3d modeling and texturing created video explainers promotional videos trailers video cards music videos ar animations titles event videos character concepts logo designs gifs web illustrations posters infographics videos for social media instagram facebook 2d freelance animator may 2018 august 2020 instagram story promotional video for medical school instagram story gifs for malinka 2d freelance illustrator november 2016 august 2018 concept arts for indie game backgrounds illustrations for children s book characters and backgrounds certificates and instagram stories for medical school 2 5 years
DJINNI-c88fe18d-8caa-5251-a639-607c75e232f3,"The latest achievements: 
Animated short UNEXPECTED made by me was selected to Lift-off film festival.
Defended my bachelor's diploma in new media art, animation.
Worked in team on improvement of exhibition in a museum Kopalnia Wiedzy o Cynku in Bukowno, Poland.
Got the opportunity to work with my university teacher on a commercial project - the client wanted to redesign the characters for cartoons, so I drew some artwork for the client so he could decide which style would suit his product better.
I had worked in an animated studio in Poland on a feature film as a cleanup animator and inbetweener. 
Worked in an advertising agency as a motion designer on animated advertisements and film editings.

I have experience in creating storyboards, scripts and animatics. Have organizational and planning skills.

Ukrainian - native
Polish - C1
English - B2

1)  Create animations in different tipes: frame by frame, cut-out, stop-motion, motion design. 
2)  Draw storyboards.
3)  Know the process of making animated films from script to post-production.
4)  Take part in brainstorming for creating better products.
5)  Good at communication, keep the work-life balance, and have the ability to work under time pressure.
6)  Researching and analyzing new graphic trends. 
7)  Draw and prepare graphics for animation.
8)  Create 3d environment in Adobe After Effects to add the effect of parallax to animation.",Artist,Not Available,Not Available,2.5 years,2D Animator / Motion Designer,Djinni Recruitment Dataset (English Candidate Profiles),https://huggingface.co/datasets/lang-uk/recruitment-dataset-candidate-profiles-english,c88fe18d-8caa-5251-a639-607c75e232f3,anonymized,MIT License,2d animator motion designer the latest achievements animated short unexpected made by me was selected to lift off film festival defended my bachelor s diploma in new media art animation worked in team on improvement of exhibition in a museum kopalnia wiedzy o cynku in bukowno poland got the opportunity to work with my university teacher on a commercial project the client wanted to redesign the characters for cartoons so i drew some artwork for the client so he could decide which style would suit his product better i had worked in an animated studio in poland on a feature film as a cleanup animator and inbetweener worked in an advertising agency as a motion designer on animated advertisements and film editings i have experience in creating storyboards scripts and animatics have organizational and planning skills ukrainian native polish c1 english b2 1 create animations in different tipes frame by frame cut out stop motion motion design 2 draw storyboards 3 know the process of making animated films from script to post production 4 take part in brainstorming for creating better products 5 good at communication keep the work life balance and have the ability to work under time pressure 6 researching and analyzing new graphic trends 7 draw and prepare graphics for animation 8 create 3d environment in adobe after effects to add the effect of parallax to animation 2 5 years
DJINNI-147caf01-b82b-5683-a819-e8b6c15185fa,"Created 4 explainer videos from scratch.
I have 1+ year of experience working in Adobe After Effects and Illustrator. 
As a self educated person,  I worked as a freelancer so far and completed such projects as explainer videos, logo/graphic/character/typography animation.
Constantly learning basics of graphic design, animation and  color theory.

Looking forward to start my carrier as a Junior Motion Designer/2D Animator at creative studio.",Artist,Not Available,Not Available,1.5 years,2D Animator / Motion Designer,Djinni Recruitment Dataset (English Candidate Profiles),https://huggingface.co/datasets/lang-uk/recruitment-dataset-candidate-profiles-english,147caf01-b82b-5683-a819-e8b6c15185fa,anonymized,MIT License,2d animator motion designer created 4 explainer videos from scratch i have 1 year of experience working in adobe after effects and illustrator as a self educated person i worked as a freelancer so far and completed such projects as explainer videos logo graphic character typography animation constantly learning basics of graphic design animation and color theory looking forward to start my carrier as a junior motion designer 2d animator at creative studio 1 5 years
DJINNI-c94815cb-069f-5f84-b8d2-82294df61611,"Motion Design in After Effects (Udemy)
2019

Motiondesign.school (Motion Beast)
2018

Graphic Design (Calarts, Coursera) 
2017
Motion Designer
PLINK - social network for gamers
Sep 2020 - Nov 2021
      commercials for social networks  
      shooting and processing of videos

Motion Designer
Nov 2019 - now
InRating music channel (Kyiv)
	mobile and interactive design
	2D animations
 support the launch of a TV-interactive social network

Motion Designer
Sep 2018 - now
FDR - Media (Kyiv)
	music and software service for TV&Radio
	media management for artists
 lyrics videos for musicians

Freelance Designer
Aug 2018 - now
	logo design and animation
	promotional motion design
	presentational motion design
	2D animations
        2D character animation
 cooperation with branding and UI/UX designers 

Co-founder, managing partner
2013
STEELHAMMER music store (Kharkiv)
	creating, development and promotion of the store brand
	managing sales, working with suppliers and clients
	graphic content creation & management",Design,Not Available,Not Available,3.0 years,2D Animator / Motion Designer,Djinni Recruitment Dataset (English Candidate Profiles),https://huggingface.co/datasets/lang-uk/recruitment-dataset-candidate-profiles-english,c94815cb-069f-5f84-b8d2-82294df61611,anonymized,MIT License,2d animator motion designer motion design in after effects udemy 2019 motiondesign school motion beast 2018 graphic design calarts coursera 2017 motion designer plink social network for gamers sep 2020 nov 2021 commercials for social networks shooting and processing of videos motion designer nov 2019 now inrating music channel kyiv mobile and interactive design 2d animations support the launch of a tv interactive social network motion designer sep 2018 now fdr media kyiv music and software service for tv radio media management for artists lyrics videos for musicians freelance designer aug 2018 now logo design and animation promotional motion design presentational motion design 2d animations 2d character animation cooperation with branding and ui ux designers co founder managing partner 2013 steelhammer music store kharkiv creating development and promotion of the store brand managing sales working with suppliers and clients graphic content creation management 3 0 years
DJINNI-ce05a854-2fc3-5e88-9f95-f7623b59924f,"Hello. I'm a 2D Animator and Motion Designer with 6 years experience. I do character animation, logo animation, animation for brending and more. Here's my website ` www.smbatharutyunyan.com                 
Thank you!",Marketing,Not Available,Not Available,6.0 years,"2D Animator, Motion Designer",Djinni Recruitment Dataset (English Candidate Profiles),https://huggingface.co/datasets/lang-uk/recruitment-dataset-candidate-profiles-english,ce05a854-2fc3-5e88-9f95-f7623b59924f,anonymized,MIT License,2d animator motion designer hello i m a 2d animator and motion designer with 6 years experience i do character animation logo animation animation for brending and more here s my website thank you 6 0 years
DJINNI-a01473c5-04a4-54c8-bf91-4b1c436e817f,"I have wide experience in digital arts, such as illustration, concept art, motion design, low poly 3d, traditional animation, storytelling (scripting/storyboarding), sound design, soundtrack. 
I worked with gamedev, animation, promo, advertising and product design.
I also succesfully manage and direct production processes on video & animation projects.
In 2016 I was assistant teacher at concept art courses.

My jobs were:
- illustrator & motion designer at Digifico (2018 - now)
- 2d artist, motion designer & video generalist at Chanty (apr 2017 - now)
- freelance illustrator at Interes (graphic design & illustrations for Yandex) (nov 2016 - mar 2017)
- concept artist at eJaw (november 2016 - mar 2017)
- illustrator & animator at Inovit (november 2015 - september 2016)
- lead designer at Daewoo Power Ukraine (december 2014- august 2015)
- freelance designer and illustrator (2013-2014)
Interesting projects",Design,Not Available,Not Available,6.0 years,"2d animator, motion designer, concept artist",Djinni Recruitment Dataset (English Candidate Profiles),https://huggingface.co/datasets/lang-uk/recruitment-dataset-candidate-profiles-english,a01473c5-04a4-54c8-bf91-4b1c436e817f,anonymized,MIT License,2d animator motion designer concept artist i have wide experience in digital arts such as illustration concept art motion design low poly 3d traditional animation storytelling scripting storyboarding sound design soundtrack i worked with gamedev animation promo advertising and product design i also succesfully manage and direct production processes on video animation projects in 2016 i was assistant teacher at concept art courses my jobs were illustrator motion designer at digifico 2018 now 2d artist motion designer video generalist at chanty apr 2017 now freelance illustrator at interes graphic design illustrations for yandex nov 2016 mar 2017 concept artist at ejaw november 2016 mar 2017 illustrator animator at inovit november 2015 september 2016 lead designer at daewoo power ukraine december 2014 august 2015 freelance designer and illustrator 2013 2014 interesting projects 6 0 years
DJINNI-9862028d-4ca0-515f-887b-32344ebbea24,"I’m a creative, talented motion designer and video editor with 6 years of experience in creating commercials, music videos, children's cartoons for various businesses such as real estate advertising, banking, grocery shopping, investing, pc games, infographics, video blogs, etc. I have completed more than 100 projects and cooperated with customers from the UK, Germany, the USA and other countries. Videos created by me have gained more than 10 million views. I’ll help you highlight your brand identity, promote your product or service, and attract customers by creating unique, custom-made videos.

My job is my passion! I have created videos for large and small companies, b2b and b2c. I understand very well what the client needs and provide high results. For example, I have cooperated with media production company Agenda Video for more than 4 years and created unique, appealing, intresting and easy-to-understand videos and animation for Data Show Social Network Channel that dealt with various companies such as banks, oil copmanies, medical companies, social projects, and social media. I created about 80 videos that had over 25 million views and 50,000 interactions.

 “Maryna is responsible. She always completes work on time. I really appreciate Marina's creativity, she offers her own ideas and unusual creative solutions. Maryna is constantly learning and improving her skills, and that is very valuable! Along with professionalism, I want to note that it is a pleasure to work with her. It is not necessary to explain the technical part of the task. I highly recommend her.” - Lydia L, the head of the “Data Show”, “Agenda Video”

Why you should work with me:
 fast and professional work
 attention to details
 attention to comments
 passionate about work and dedicated to every client
 easy to work with
 always in touch
 focused on achieving high-quality results
 listen carefully to the client
 meet deadlines

I will be glad to provide the following services (including, but not limited to):
 Motion Graphics
 Marketing Videos
 Explainer Videos
 Infographics
 Logo Intro/Outtro videos
 Social Media Advertising
 Educational Videos
 App promo
 Product videos
 Commercials
 Video Editing
 Brand Identity & Guidelines
 Video Production

My software: Adobe After Effects, Adobe Premiere Pro, Adobe Illustrator, Adobe Photoshop, Adobe Audition, Adobe Animate, Adobe Lightroom, Cinema 4D, Unreal Engine,  PFTrack,  Element 3d.",Artist,Not Available,Not Available,6.0 years,2D Animator | Motion Designer | Video Editor,Djinni Recruitment Dataset (English Candidate Profiles),https://huggingface.co/datasets/lang-uk/recruitment-dataset-candidate-profiles-english,9862028d-4ca0-515f-887b-32344ebbea24,anonymized,MIT License,2d animator motion designer video editor i m a creative talented motion designer and video editor with 6 years of experience in creating commercials music videos children s cartoons for various businesses such as real estate advertising banking grocery shopping investing pc games infographics video blogs etc i have completed more than 100 projects and cooperated with customers from the uk germany the usa and other countries videos created by me have gained more than 10 million views i ll help you highlight your brand identity promote your product or service and attract customers by creating unique custom made videos my job is my passion i have created videos for large and small companies b2b and b2c i understand very well what the client needs and provide high results for example i have cooperated with media production company agenda video for more than 4 years and created unique appealing intresting and easy to understand videos and animation for data show social network channel that dealt with various companies such as banks oil copmanies medical companies social projects and social media i created about 80 videos that had over 25 million views and 50 000 interactions maryna is responsible she always completes work on time i really appreciate marina s creativity she offers her own ideas and unusual creative solutions maryna is constantly learning and improving her skills and that is very valuable along with professionalism i want to note that it is a pleasure to work with her it is not necessary to explain the technical part of the task i highly recommend her lydia l the head of the data show agenda video why you should work with me fast and professional work attention to details attention to comments passionate about work and dedicated to every client easy to work with always in touch focused on achieving high quality results listen carefully to the client meet deadlines i will be glad to provide the following services including but not limited to motion graphics marketing videos explainer videos infographics logo intro outtro videos social media advertising educational videos app promo product videos commercials video editing brand identity guidelines video production my software adobe after effects adobe premiere pro adobe illustrator adobe photoshop adobe audition adobe animate adobe lightroom cinema 4d unreal engine pftrack element 3d 6 0 years
DJINNI-0ee85a72-465e-5d3a-8028-977e9efac73e,"I ended 4 month course about 2d animation in Spine headed by Katerina Mogilko, former senior 2d animator in Whaleapp company (Kiyv).
That course covered such themes:
1. Spine tools and Interface.
2. Animation of flowing textures (offset, overlapping), pseudo 3D effect, portrait animation (idle and dynamics, emotions), animation of walking, jumping, VFX effects.
3. Rig of characters and objects, complex bone connections, masks and skins, work optimization.
3. 12 principles of animation
I’d like to work with Spine 2d, but I also ready to learn other softs in the process",Unity,Not Available,Not Available,0.5 years,2d animator (spine),Djinni Recruitment Dataset (English Candidate Profiles),https://huggingface.co/datasets/lang-uk/recruitment-dataset-candidate-profiles-english,0ee85a72-465e-5d3a-8028-977e9efac73e,anonymized,MIT License,2d animator spine i ended 4 month course about 2d animation in spine headed by katerina mogilko former senior 2d animator in whaleapp company kiyv that course covered such themes 1 spine tools and interface 2 animation of flowing textures offset overlapping pseudo 3d effect portrait animation idle and dynamics emotions animation of walking jumping vfx effects 3 rig of characters and objects complex bone connections masks and skins work optimization 3 12 principles of animation i d like to work with spine 2d but i also ready to learn other softs in the process 0 5 years
DJINNI-e14b3e58-4971-5f64-9172-f2f1ac3b5bc0,"Participated in the successful launch of 5 games
I'm a 2d animator. I create advanced rigs for 2D characters utilizing Spine (esoteric software), Adobe Photoshop and Adobe After Effects. 
Animation is my passion and I'm always learning new stuff that help me improve on what I do.
My ability to create character animation is the best way to realize myself.",Artist,Not Available,Not Available,6.0 years,2d animator / Spine,Djinni Recruitment Dataset (English Candidate Profiles),https://huggingface.co/datasets/lang-uk/recruitment-dataset-candidate-profiles-english,e14b3e58-4971-5f64-9172-f2f1ac3b5bc0,anonymized,MIT License,2d animator spine participated in the successful launch of 5 games i m a 2d animator i create advanced rigs for 2d characters utilizing spine esoteric software adobe photoshop and adobe after effects animation is my passion and i m always learning new stuff that help me improve on what i do my ability to create character animation is the best way to realize myself 6 0 years
DJINNI-a6236ecf-2c83-571d-9a76-e8b846d2fb11,"2d Character animation, UI animation for different game styles such as casual games,2d
platformer, card games, casino.I worked as a freelancer, so I encountered different projects, which diversified my skills in 2d animation.",Artist,Not Available,Not Available,1.5 years,2d animator Spine,Djinni Recruitment Dataset (English Candidate Profiles),https://huggingface.co/datasets/lang-uk/recruitment-dataset-candidate-profiles-english,a6236ecf-2c83-571d-9a76-e8b846d2fb11,anonymized,MIT License,2d animator spine 2d character animation ui animation for different game styles such as casual games 2d platformer card games casino i worked as a freelancer so i encountered different projects which diversified my skills in 2d animation 1 5 years
DJINNI-7e4cde32-93d2-5f54-9e4e-08b1e8cfd1f9,"Gained skills in creating 2D animation from scratch
Performed tasks in a timely and high-quality manner within the established deadlines
Developed creative thinking, ability to think outside the box
Learned how to create animation by exploring new ways to use the programme
Received a certificate confirming my knowledge and skills in 2D animation and Spine software
Hello!
I'm a 2D animator who has successfully completed the Spine 2D animation course from ArtCraft, an international school of computer graphics and drawing.
I learnt the basics of Spine, such as rigging, skins, forward and reverse kinematics, creating skeletal animation using textures and animation keys, working with timelines and setting the number of frames per second, etc.
I can export animations from Spine to various formats according to the technical specifications.
I have been working as a freelancer for almost a year now, including for a foreign company. I have experience with character animation, slot animation, environment animation, and effects in Spine. I am a team player and interested in the overall result. I know how to work with psd files from artists, I can convey my opinion and teach how to prepare files for animation if artists have no idea how to do it. I understand that the main thing is optimisation.
I used such software as Slack, Jira, Google Drive, and Google Meet to communicate and organise work with the team. I also had experience of working with the Scrum methodology. I took part in brainstorming sessions on ideas for creating new games.
My goal is to get into a Ukrainian company to work and develop steadily with a team of professionals!

I am ready for the terms of reference, new challenges and projects!",Unity,Not Available,Not Available,1.0 years,2d animator Spine,Djinni Recruitment Dataset (English Candidate Profiles),https://huggingface.co/datasets/lang-uk/recruitment-dataset-candidate-profiles-english,7e4cde32-93d2-5f54-9e4e-08b1e8cfd1f9,anonymized,MIT License,2d animator spine gained skills in creating 2d animation from scratch performed tasks in a timely and high quality manner within the established deadlines developed creative thinking ability to think outside the box learned how to create animation by exploring new ways to use the programme received a certificate confirming my knowledge and skills in 2d animation and spine software hello i m a 2d animator who has successfully completed the spine 2d animation course from artcraft an international school of computer graphics and drawing i learnt the basics of spine such as rigging skins forward and reverse kinematics creating skeletal animation using textures and animation keys working with timelines and setting the number of frames per second etc i can export animations from spine to various formats according to the technical specifications i have been working as a freelancer for almost a year now including for a foreign company i have experience with character animation slot animation environment animation and effects in spine i am a team player and interested in the overall result i know how to work with psd files from artists i can convey my opinion and teach how to prepare files for animation if artists have no idea how to do it i understand that the main thing is optimisation i used such software as slack jira google drive and google meet to communicate and organise work with the team i also had experience of working with the scrum methodology i took part in brainstorming sessions on ideas for creating new games my goal is to get into a ukrainian company to work and develop steadily with a team of professionals i am ready for the terms of reference new challenges and projects 1 0 years
DJINNI-98209008-fcff-54f2-8d6f-135138934dd0,"Able to work independently and in a team.
My main tasks are the preparation of PSD, an animation of characters, an objects and elements of environment. I have good knowledge of anatomy.
Animating characters and environment Working with PSD
part of UI animation
Freelance work 01.11.21-now
NFT animation 
Characters animation
I can show my portfolio on demand",Artist,Not Available,Not Available,1.0 years,2D animator spine,Djinni Recruitment Dataset (English Candidate Profiles),https://huggingface.co/datasets/lang-uk/recruitment-dataset-candidate-profiles-english,98209008-fcff-54f2-8d6f-135138934dd0,anonymized,MIT License,2d animator spine able to work independently and in a team my main tasks are the preparation of psd an animation of characters an objects and elements of environment i have good knowledge of anatomy animating characters and environment working with psd part of ui animation freelance work 01 11 21 now nft animation characters animation i can show my portfolio on demand 1 0 years
DJINNI-2fe63fa2-3522-5ee2-87ee-9bd0ba6ac04a,"In this position, I had the opportunity to work on an exciting project - creating animations
for the upcoming card game ""Ancient Gods."" During this process, I played a key role in the
development and bringing to life of over 100 unique animated characters. With my
artistic vision and technical skills, I gave each character their own personality, movements,
facial expressions, and interactions with the environment, helping to create a vibrant and
expressive game world. Additionally, within this project, I also contributed to the creation
of a range of assets for other projects, including gameplay elements, special effects, and
other important animation resources. My work involved ensuring that each animation
element was created with great attention to detail and aligned with the requirements and
vision of the developers. Throughout the entire development process, I actively
collaborated with designers, artists, and other team members, exchanging ideas and
receiving feedback. My goal was to ensure that each animation was seamlessly integrated
into the game, served its purpose, and created a unique experience for players.
The result of my work was the creation of a significant number of unique and visually
appealing animations, delivering high-quality and detailed representation of characters
and gameplay elements.",Other,Not Available,Not Available,5.0 years,2D animator (Spine),Djinni Recruitment Dataset (English Candidate Profiles),https://huggingface.co/datasets/lang-uk/recruitment-dataset-candidate-profiles-english,2fe63fa2-3522-5ee2-87ee-9bd0ba6ac04a,anonymized,MIT License,2d animator spine in this position i had the opportunity to work on an exciting project creating animations for the upcoming card game ancient gods during this process i played a key role in the development and bringing to life of over 100 unique animated characters with my artistic vision and technical skills i gave each character their own personality movements facial expressions and interactions with the environment helping to create a vibrant and expressive game world additionally within this project i also contributed to the creation of a range of assets for other projects including gameplay elements special effects and other important animation resources my work involved ensuring that each animation element was created with great attention to detail and aligned with the requirements and vision of the developers throughout the entire development process i actively collaborated with designers artists and other team members exchanging ideas and receiving feedback my goal was to ensure that each animation was seamlessly integrated into the game served its purpose and created a unique experience for players the result of my work was the creation of a significant number of unique and visually appealing animations delivering high quality and detailed representation of characters and gameplay elements 5 0 years
DJINNI-a4c1aa47-6101-543f-aaae-7f92611bee93,"I've successfully graduated from Spine courses where I've been studying for three months. I learned a lot about fundamental animation principles which i use in daily work. I know how to do character rigging.  Also, I create common and portrait animation,  emotion change animation, UI animation and animation of game area. Besides, I've experience creating 2D animation and character animation in After Effects.",Design,Not Available,Not Available,0.5 years,2D Animator (Spine),Djinni Recruitment Dataset (English Candidate Profiles),https://huggingface.co/datasets/lang-uk/recruitment-dataset-candidate-profiles-english,a4c1aa47-6101-543f-aaae-7f92611bee93,anonymized,MIT License,2d animator spine i ve successfully graduated from spine courses where i ve been studying for three months i learned a lot about fundamental animation principles which i use in daily work i know how to do character rigging also i create common and portrait animation emotion change animation ui animation and animation of game area besides i ve experience creating 2d animation and character animation in after effects 0 5 years
DJINNI-3e58e254-bf1c-5e4e-8016-b56ffb1bfd4c,"2D Animator/Motion Designer with 3 years of experience and comprehensive history of creating animated content. Now I am seeking to deliver the best animation for your business.
Now I'm looking for: 
- a new experience in animation;
- competitive salary;
- friendly team.",Other,Not Available,Not Available,2.0 years,2D Animator(Spine),Djinni Recruitment Dataset (English Candidate Profiles),https://huggingface.co/datasets/lang-uk/recruitment-dataset-candidate-profiles-english,3e58e254-bf1c-5e4e-8016-b56ffb1bfd4c,anonymized,MIT License,2d animator spine 2d animator motion designer with 3 years of experience and comprehensive history of creating animated content now i am seeking to deliver the best animation for your business now i m looking for a new experience in animation competitive salary friendly team 2 0 years
DJINNI-80855c2a-c805-57c5-8ed3-8fc9978efda6,"•	Team Deploy – March 2022   -  May 2023
Position: Spine 2d animator

•	Creating character, feature, dialogues, VFX animation in SPINE 
•	Rigging and skinning 
•	Creating animation in Adobe AE
•	Working with Particle Editors such as TrapCode, Pixi Particle, Particle Illusion to create VFX

•	Freelance – April 2021   -  March 2022
Position: Spine 2d animator

•	Creation of high-quality 2d animations according to the wishes of the customer",Other,Not Available,Not Available,2.0 years,"2d animator (Spine, AE)",Djinni Recruitment Dataset (English Candidate Profiles),https://huggingface.co/datasets/lang-uk/recruitment-dataset-candidate-profiles-english,80855c2a-c805-57c5-8ed3-8fc9978efda6,anonymized,MIT License,2d animator spine ae team deploy march 2022 may 2023 position spine 2d animator creating character feature dialogues vfx animation in spine rigging and skinning creating animation in adobe ae working with particle editors such as trapcode pixi particle particle illusion to create vfx freelance april 2021 march 2022 position spine 2d animator creation of high quality 2d animations according to the wishes of the customer 2 0 years
DJINNI-7dd81991-f5e1-5d09-8b43-c00e13c9e701,"Mannor Matters
For more than 10 years I have been making high-quality animations for games. I am a good team player, but I can also work effectively independently.
- animation of complex objects on the meta;
- character animation in Spine;
- integration of animations into the engine;
- animation effects for the game;
- teaching people;
- communication with artists, writing technical tasks;
- people management
I want to find interesting creative work in game animation and work on cool projects. I have more experience with animating characters and various objects than with effects, but I am a quick learner and ready for complex tasks",Artist,Not Available,Not Available,10.0 years,"2D animator, Spine animator",Djinni Recruitment Dataset (English Candidate Profiles),https://huggingface.co/datasets/lang-uk/recruitment-dataset-candidate-profiles-english,7dd81991-f5e1-5d09-8b43-c00e13c9e701,anonymized,MIT License,2d animator spine animator mannor matters for more than 10 years i have been making high quality animations for games i am a good team player but i can also work effectively independently animation of complex objects on the meta character animation in spine integration of animations into the engine animation effects for the game teaching people communication with artists writing technical tasks people management i want to find interesting creative work in game animation and work on cool projects i have more experience with animating characters and various objects than with effects but i am a quick learner and ready for complex tasks 10 0 years
DJINNI-bfe313cc-50cc-51f7-8c38-31af2cefc38f,"Private Entrepreneur
Lead Technical artist
Senior 2d animator
May 2022 - Present
Leading Technical and Visual fields of projects.
Leading VFX teams - responsible for quality from artistic and technical parts of view, feedbacks.
Leading 2d animators team - writing pipelines, supervising level of quality on every step of production.
Management of projects - creating and integrating pipeline to get best results for projects and tasks.
Working with lighting, post processing.
Understanding of Unity's Rendering Pipelines (URP) - Shader Graph and post processing effects.
Creating complex Particle systems, skyboxes.
Implementing and adjusting VFX, shaders.
Optimization of game assets.
Creating animations in Spine 2d and Unity - Characters, UI, etc.
Implementation of UI, that can be adjusted to any screen size.

Freelance
2d animator | Technical artist
Jan 2021 - May 2022
Creating animation in Spine 2d and Unity
SFX artist, creating complex Particle systems
Implementation of animations and UI in Unity
Preparing, optimization art for animation and UI

2d animator | Technical artist Playrix  Playrix Project Fishdom
 May 2019 - Dec 2020
Creating animation of characters and items
Animating Match3 elements
Mentorship for Technical artists
Writing feedback to animators
Preparing, cutting, optimization art for animation

2d artist | 2d animator  Catalyst apps Site
Projects PetCity& PetBuddies
Feb 2017 - May 2019
Develop items for games in Adobe Animate and Illustrator, such as characters, interior and exterior items.
Creating animations in Adobe Animate: Idle, Smart animations
Optimization assets
Implementing animations into Unity
I like challenges and solving problems. So from any job I expect interesting project where talented people creating magic but not the complete copy of existing game. I love to improve things, processes, pipelines and help project development to go smooth and in creative way to build amazing experience for players.",Artist,Not Available,Not Available,6.0 years,2D Animator / Technical Artist,Djinni Recruitment Dataset (English Candidate Profiles),https://huggingface.co/datasets/lang-uk/recruitment-dataset-candidate-profiles-english,bfe313cc-50cc-51f7-8c38-31af2cefc38f,anonymized,MIT License,2d animator technical artist private entrepreneur lead technical artist senior 2d animator may 2022 present leading technical and visual fields of projects leading vfx teams responsible for quality from artistic and technical parts of view feedbacks leading 2d animators team writing pipelines supervising level of quality on every step of production management of projects creating and integrating pipeline to get best results for projects and tasks working with lighting post processing understanding of unity s rendering pipelines urp shader graph and post processing effects creating complex particle systems skyboxes implementing and adjusting vfx shaders optimization of game assets creating animations in spine 2d and unity characters ui etc implementation of ui that can be adjusted to any screen size freelance 2d animator technical artist jan 2021 may 2022 creating animation in spine 2d and unity sfx artist creating complex particle systems implementation of animations and ui in unity preparing optimization art for animation and ui 2d animator technical artist playrix playrix project fishdom may 2019 dec 2020 creating animation of characters and items animating match3 elements mentorship for technical artists writing feedback to animators preparing cutting optimization art for animation 2d artist 2d animator catalyst apps site projects petcity petbuddies feb 2017 may 2019 develop items for games in adobe animate and illustrator such as characters interior and exterior items creating animations in adobe animate idle smart animations optimization assets implementing animations into unity i like challenges and solving problems so from any job i expect interesting project where talented people creating magic but not the complete copy of existing game i love to improve things processes pipelines and help project development to go smooth and in creative way to build amazing experience for players 6 0 years
DJINNI-43be15e2-e3df-5fc1-8cff-5a1202aee984,"Fast learning, eager to innovate.

Broad experience: I have both the technical education and art work experience, which allows me to communicate with both the developers and artists easily and to fluently switch between technical and animation tasks.
2.5 years of 2d animation and integration of art assets into custom Cocos-based engine, for casual mobile game. 

   Among the responsibilities were:
- UI animation in After Effects,
- Character animation in Spine,
- Vfx animation in particles editor,
- Bitmap fonts preparation,
- Graphics optimization ( mostly RAM usage minimization)
- Packing textures into atlases,
- Development of logical structure of projects, providing block-schemes for developers in Miro.
- Scripting for After Effects.

2016-2018 Freelance graphical Designer
My intention is to grow both artistically and technically as animator or technical designer,  to become a part of strong team, aimed on producing quality content and constantly improving the workflow.

Realistically, my skill set and experience suits 2D casual mobile projects the most, though I am open to all gaming propositions.

 Test assignments are welcome.",Not Available,Not Available,Not Available,2.5 years,2D animator/ Technical designer,Djinni Recruitment Dataset (English Candidate Profiles),https://huggingface.co/datasets/lang-uk/recruitment-dataset-candidate-profiles-english,43be15e2-e3df-5fc1-8cff-5a1202aee984,anonymized,MIT License,2d animator technical designer fast learning eager to innovate broad experience i have both the technical education and art work experience which allows me to communicate with both the developers and artists easily and to fluently switch between technical and animation tasks 2 5 years of 2d animation and integration of art assets into custom cocos based engine for casual mobile game among the responsibilities were ui animation in after effects character animation in spine vfx animation in particles editor bitmap fonts preparation graphics optimization mostly ram usage minimization packing textures into atlases development of logical structure of projects providing block schemes for developers in miro scripting for after effects 2016 2018 freelance graphical designer my intention is to grow both artistically and technically as animator or technical designer to become a part of strong team aimed on producing quality content and constantly improving the workflow realistically my skill set and experience suits 2d casual mobile projects the most though i am open to all gaming propositions test assignments are welcome 2 5 years
DJINNI-c4686ad9-e1b6-5eda-b936-0891ae00e795,"I can create various types of animations in Unity, including character animations, UI animations, Spine animations, and Unity VFX animations
I am searching for a team that creates captivating and innovative games. I am keen on platformers and various types of RPGs, and I would be glad to work on animations that involve fighting movements or special effects.",Unity,Not Available,Not Available,5.0 years,"2D animator, VFX Artist",Djinni Recruitment Dataset (English Candidate Profiles),https://huggingface.co/datasets/lang-uk/recruitment-dataset-candidate-profiles-english,c4686ad9-e1b6-5eda-b936-0891ae00e795,anonymized,MIT License,2d animator vfx artist i can create various types of animations in unity including character animations ui animations spine animations and unity vfx animations i am searching for a team that creates captivating and innovative games i am keen on platformers and various types of rpgs and i would be glad to work on animations that involve fighting movements or special effects 5 0 years
DJINNI-662fac3a-a4df-5677-9a13-654e9b76795f,"Motion designer from Ukraine with a background in creating advertising video. 
 More than 5 years of experience, I have worked in advertising, visual identity, branding, campaign direction and social media content.
 Over 100+ succsesfuly done design projects. 
 Creator YouTube content with 3 million views at the videos.
 Junior developer UX/UI of mobile design. 
 Advanced specialist of Adobe products.",Other,Not Available,Not Available,5.0 years,"2D animator, video editor, graphic designer",Djinni Recruitment Dataset (English Candidate Profiles),https://huggingface.co/datasets/lang-uk/recruitment-dataset-candidate-profiles-english,662fac3a-a4df-5677-9a13-654e9b76795f,anonymized,MIT License,2d animator video editor graphic designer motion designer from ukraine with a background in creating advertising video more than 5 years of experience i have worked in advertising visual identity branding campaign direction and social media content over 100 succsesfuly done design projects creator youtube content with 3 million views at the videos junior developer ux ui of mobile design advanced specialist of adobe products 5 0 years
DJINNI-37f2b195-7f29-5c50-b2de-5e16714a49ce,"I am a 2D animator, motion designer, and visual composer. 

Motion Array - Creator of motion graphics templates for Adobe After Effects (1.5 years)
- Animated titles;
- Animated templates for Instagram stories;
- Video presentation templates.

OnContent - Visual Composer (6 months)
- Animated graphics for stage screens;
- Rotoscoping;
- Keying.

Freelance Animator (Upwork) (3.5 years)
- Motion Graphics;
- Animated explainer videos;
- Rotoscoping;
- Keying.

Urmobi - Unity Animator (2 years)
- Game objects animation;
- Characters animation;
- UI animation;
- VFX;
- Shader animation;
- Animated creatives for mobile games.",Artist,Not Available,Not Available,4.0 years,"2D-Animator, Visual Composer",Djinni Recruitment Dataset (English Candidate Profiles),https://huggingface.co/datasets/lang-uk/recruitment-dataset-candidate-profiles-english,37f2b195-7f29-5c50-b2de-5e16714a49ce,anonymized,MIT License,2d animator visual composer i am a 2d animator motion designer and visual composer motion array creator of motion graphics templates for adobe after effects 1 5 years animated titles animated templates for instagram stories video presentation templates oncontent visual composer 6 months animated graphics for stage screens rotoscoping keying freelance animator upwork 3 5 years motion graphics animated explainer videos rotoscoping keying urmobi unity animator 2 years game objects animation characters animation ui animation vfx shader animation animated creatives for mobile games 4 0 years
DJINNI-1b67e84c-e040-5840-bb3b-36de1fbcf750,"I have worked on book series and you can buy it on Amazon :D
Also I have been working on couple game project that currently under NDA.
Hi, I'm a professional 2D Artist. I have more than two years experience in
Graphic Design. Major of my time i was working on illustration for art
books, stickers for social networks and chats, mobile and PC game UI and
character design. 
Specialite on: book illustration, concept art, character art, illustration for web site, banners, game assets
I was working as a freelancer a couple of years but now I want to move on and find a stable work. I prefer make a casual character art and want to work in game studio.",Other,Not Available,Not Available,2.5 years,2D arist,Djinni Recruitment Dataset (English Candidate Profiles),https://huggingface.co/datasets/lang-uk/recruitment-dataset-candidate-profiles-english,1b67e84c-e040-5840-bb3b-36de1fbcf750,anonymized,MIT License,2d arist i have worked on book series and you can buy it on amazon d also i have been working on couple game project that currently under nda hi i m a professional 2d artist i have more than two years experience in graphic design major of my time i was working on illustration for art books stickers for social networks and chats mobile and pc game ui and character design specialite on book illustration concept art character art illustration for web site banners game assets i was working as a freelancer a couple of years but now i want to move on and find a stable work i prefer make a casual character art and want to work in game studio 2 5 years
DJINNI-36500d52-f64f-58e0-b210-f3ed949f7fd7,"2023
Head of Design Department.
Development and rendering of images, design elements.
Workflow control, timing, distribution and control of work.

2022
Commercial Project (3 month, remote): Completed drawing from sketching stage to final images for a mobile game, including main elements, loading background, boosters and app icon. Project brought to Google Play.

2022
Commercial Project (3 months, remote): Created all visual content from concept stage to completed images for a mobile game. Project brought to Google Play.

2019-2022
 Developed logos, corporate identity, and images for various applications, including fabric. Skilled in raster and vector images, embroidery design and programming for industrial embroidery machines.

2012-2019
Designed sewing accessories and developed logos and printed products for clothing and shoe manufacturers.
I want to get a job where I can reveal myself as a specialist by 100%.",Artist,Not Available,Not Available,9.0 years,"2D artast, graphic design",Djinni Recruitment Dataset (English Candidate Profiles),https://huggingface.co/datasets/lang-uk/recruitment-dataset-candidate-profiles-english,36500d52-f64f-58e0-b210-f3ed949f7fd7,anonymized,MIT License,2d artast graphic design 2023 head of design department development and rendering of images design elements workflow control timing distribution and control of work 2022 commercial project 3 month remote completed drawing from sketching stage to final images for a mobile game including main elements loading background boosters and app icon project brought to google play 2022 commercial project 3 months remote created all visual content from concept stage to completed images for a mobile game project brought to google play 2019 2022 developed logos corporate identity and images for various applications including fabric skilled in raster and vector images embroidery design and programming for industrial embroidery machines 2012 2019 designed sewing accessories and developed logos and printed products for clothing and shoe manufacturers i want to get a job where i can reveal myself as a specialist by 100 9 0 years
DJINNI-f18d8758-b988-5694-9a50-200e28273edb,"I proud of my first finished website design. Also when each time I make done some new illustration art.
I have worked as game assets illustrator for few little games. I have created backgrounds, game items, characters with frame by frame animation. I have spatialize in illustration for books, for kids cartoon art and also I have experiences in Ui/Ux design.
I'm looking for job remote and I hope in good cooperation.",Design,Not Available,Not Available,2.0 years,2d art Graphic Designer - illustrator,Djinni Recruitment Dataset (English Candidate Profiles),https://huggingface.co/datasets/lang-uk/recruitment-dataset-candidate-profiles-english,f18d8758-b988-5694-9a50-200e28273edb,anonymized,MIT License,2d art graphic designer illustrator i proud of my first finished website design also when each time i make done some new illustration art i have worked as game assets illustrator for few little games i have created backgrounds game items characters with frame by frame animation i have spatialize in illustration for books for kids cartoon art and also i have experiences in ui ux design i m looking for job remote and i hope in good cooperation 2 0 years
DJINNI-1910490c-4545-533e-acf5-c9a2f5e930ff,"05.2018 - 01.2019 - 2d artist in ""Data Shi Ltd"": Creating backgrounds for game, drawing game elements.
07.2017- 04.2018 - Graphic Designer in “KYIVSKA RUS” FUWP: Layout and design of brochures, booklets, and other advertising materials.",Unity,Not Available,Not Available,1.0 years,2d artist,Djinni Recruitment Dataset (English Candidate Profiles),https://huggingface.co/datasets/lang-uk/recruitment-dataset-candidate-profiles-english,1910490c-4545-533e-acf5-c9a2f5e930ff,anonymized,MIT License,2d artist 05 2018 01 2019 2d artist in data shi ltd creating backgrounds for game drawing game elements 07 2017 04 2018 graphic designer in kyivska rus fuwp layout and design of brochures booklets and other advertising materials 1 0 years
DJINNI-9f4544cc-bad0-5de6-a7ab-4188105553b5,"10+ years of experience in mobile casual and social games. 
• Skilled in User Experience design. 
• Expert knowledge in graphics software: Photoshop, Illustrator, Flash, Sketch app etc. 
• High-quality graphic design (see portfolio links). 
• Ability to analyze, decision-making and problem-solving. 
• Skilled in communications and consultancy with clients. 
• Very passionate about details and perfect solutions for interface design. 
• Experience in conceptualizing ideas and creating , Digital painting,Character design,Character design. 
• Expert in AARRR metrics and growth hacking. 
• Working with iOS and Android mobile operating systems. 
• Understanding of front-end and back-end technologies. 
• Excellent written and verbal communication skills (English, Ukrainian, Russian languages).

Additional skills: 
• Development of characters, graphics and animations for casual games. 
• Skills in hand drawing.",Artist,Not Available,Not Available,10.0 years,2d artist,Djinni Recruitment Dataset (English Candidate Profiles),https://huggingface.co/datasets/lang-uk/recruitment-dataset-candidate-profiles-english,9f4544cc-bad0-5de6-a7ab-4188105553b5,anonymized,MIT License,2d artist 10 years of experience in mobile casual and social games skilled in user experience design expert knowledge in graphics software photoshop illustrator flash sketch app etc high quality graphic design see portfolio links ability to analyze decision making and problem solving skilled in communications and consultancy with clients very passionate about details and perfect solutions for interface design experience in conceptualizing ideas and creating digital painting character design character design expert in aarrr metrics and growth hacking working with ios and android mobile operating systems understanding of front end and back end technologies excellent written and verbal communication skills english ukrainian russian languages additional skills development of characters graphics and animations for casual games skills in hand drawing 10 0 years
DJINNI-ea389317-217f-5a88-8ee3-586a9d4a895f,"1. Freelance:
NFT artist 
Illustrations to order
Portraits to order
Graphic design
Skills: creativity, self-organization, self-improvement, ability to adapt to different styles, skills of communication with the most demanding clients to leave them satisfied, adequate perception of criticism

2. 2d Artist + ArtTeamLead at Dreamtalecartoons
Responsibilities as an Artist: 
drawing portraits in various given styles
meeting deadlines and making quick corrections
Responsibilities as an ArtTeamLead:  
planning the work of the department and reporting
creating and developing a creative project concept
controlling the execution of tasks in accordance with the TOR and deadlines
Interacting with all illustrators and resolving all possible conflicts
Skills: working quickly with deadlines, steady and adequate perception of criticism, working with a large team of more than 50 illustrators, new creative solutions for business expansion",Artist,Not Available,Not Available,3.0 years,2d artist,Djinni Recruitment Dataset (English Candidate Profiles),https://huggingface.co/datasets/lang-uk/recruitment-dataset-candidate-profiles-english,ea389317-217f-5a88-8ee3-586a9d4a895f,anonymized,MIT License,2d artist 1 freelance nft artist illustrations to order portraits to order graphic design skills creativity self organization self improvement ability to adapt to different styles skills of communication with the most demanding clients to leave them satisfied adequate perception of criticism 2 2d artist artteamlead at dreamtalecartoons responsibilities as an artist drawing portraits in various given styles meeting deadlines and making quick corrections responsibilities as an artteamlead planning the work of the department and reporting creating and developing a creative project concept controlling the execution of tasks in accordance with the tor and deadlines interacting with all illustrators and resolving all possible conflicts skills working quickly with deadlines steady and adequate perception of criticism working with a large team of more than 50 illustrators new creative solutions for business expansion 3 0 years
DJINNI-eb58e181-dc8e-5cb5-b14a-66c6cd00a2ad,"• Freehand drawing at the academic level;
• Creation  raster 2D illustrations;
2015 - 2017 – interior designer (ArchiCAD drawings, 3ds max visualization, Ph);
2018 - 2021 - graphic design;
2022 - to date has developed layouts (size> 3000x3000 px, 96 dpi) more than 30 pieces.
In the future, it would be interesting to develop illustrations for books. Also interested in working with character design in gamedev.",Artist,Not Available,Not Available,1.0 years,2d artist,Djinni Recruitment Dataset (English Candidate Profiles),https://huggingface.co/datasets/lang-uk/recruitment-dataset-candidate-profiles-english,eb58e181-dc8e-5cb5-b14a-66c6cd00a2ad,anonymized,MIT License,2d artist freehand drawing at the academic level creation raster 2d illustrations 2015 2017 interior designer archicad drawings 3ds max visualization ph 2018 2021 graphic design 2022 to date has developed layouts size 3000x3000 px 96 dpi more than 30 pieces in the future it would be interesting to develop illustrations for books also interested in working with character design in gamedev 1 0 years
DJINNI-59ac36fd-9f92-539f-bf88-f723c91ca118,"• 5+ graphic design freelance experience 
• 3+ years of experience in 2D artwork
• Сhildren Book illustrator Experience (4 books)
• 6+ Experience with Photoshop, Illustrator 
• Skill drawing by hand and on a graphics tablet 
• Excellent knowledge of composition, coloristic, and lighting
• Languages: Ukrainian - native, English - intermediate
• A keen eye for aesthetics and details
• Ability to manage multiple projects at a time 
• Solid ability to get things done without problems and ruined deadlines constructions
2017-2020 Freelance - graphic designer, children's book illustrator
2020- until now  NDA- 2d artist, vector art
2022 - until now ""The Sane"" - Graphic design, social media design, illustration",Artist,Not Available,Not Available,4.0 years,2d artist,Djinni Recruitment Dataset (English Candidate Profiles),https://huggingface.co/datasets/lang-uk/recruitment-dataset-candidate-profiles-english,59ac36fd-9f92-539f-bf88-f723c91ca118,anonymized,MIT License,2d artist 5 graphic design freelance experience 3 years of experience in 2d artwork hildren book illustrator experience 4 books 6 experience with photoshop illustrator skill drawing by hand and on a graphics tablet excellent knowledge of composition coloristic and lighting languages ukrainian native english intermediate a keen eye for aesthetics and details ability to manage multiple projects at a time solid ability to get things done without problems and ruined deadlines constructions 2017 2020 freelance graphic designer children s book illustrator 2020 until now nda 2d artist vector art 2022 until now the sane graphic design social media design illustration 4 0 years
DJINNI-2fb5a778-4d94-50ff-a50f-84c11d79244a,"2022
Contract job - 2D artist
Working on character art from scratch to render for upcoming CCG
2019-2021
NetGame - 2 Dartist
Working on character art, backgrounds, assets, promoart
for various games in different styles
2017-2018
BestSport Games/FlyingWhale Games - 2D artist
Designing and drawing game assets
Drawing background illustrations, simple environment art
2016-now
Freelance - 2D artist
Drawing portraits, illustrations, character art",Artist,Not Available,Not Available,5.0 years,2d artist,Djinni Recruitment Dataset (English Candidate Profiles),https://huggingface.co/datasets/lang-uk/recruitment-dataset-candidate-profiles-english,2fb5a778-4d94-50ff-a50f-84c11d79244a,anonymized,MIT License,2d artist 2022 contract job 2d artist working on character art from scratch to render for upcoming ccg 2019 2021 netgame 2 dartist working on character art backgrounds assets promoart for various games in different styles 2017 2018 bestsport games flyingwhale games 2d artist designing and drawing game assets drawing background illustrations simple environment art 2016 now freelance 2d artist drawing portraits illustrations character art 5 0 years
DJINNI-ae60b372-b155-547b-ab20-b076d3c2df9c,"2D Artist - 08/2022 to the present
ART ROAD (Graphic Design), remotely
Characters, illustrations, icons, locations, UI/UX creation. Files for animation preparation. Slots creation.

2D Artist - 11/2021  to 06/2022 (8 mos)
ART HOUSE LAB (Graphic Design), remotely
Characters, illustrations, icons, locations, UI/UX creation. Files for animation preparation. Slots creation.

2D Artist - 11/2019  to 011/2021(2 yrs)
Freelance (Graphic Design), remotely
Characters, illustrations, icons, locations, UI/UX creation. Files for animation preparation. Card illustrations.",Artist,Not Available,Not Available,2.0 years,2d artist,Djinni Recruitment Dataset (English Candidate Profiles),https://huggingface.co/datasets/lang-uk/recruitment-dataset-candidate-profiles-english,ae60b372-b155-547b-ab20-b076d3c2df9c,anonymized,MIT License,2d artist 2d artist 08 2022 to the present art road graphic design remotely characters illustrations icons locations ui ux creation files for animation preparation slots creation 2d artist 11 2021 to 06 2022 8 mos art house lab graphic design remotely characters illustrations icons locations ui ux creation files for animation preparation slots creation 2d artist 11 2019 to 011 2021 2 yrs freelance graphic design remotely characters illustrations icons locations ui ux creation files for animation preparation card illustrations 2 0 years
DJINNI-4fc09da2-2903-5531-add7-e373efa91bd3,"2d artist at BYV (7 months):
I created graphics for a mobile game:
*characters
*props
*locations

2d artist at Meralyx (8 months):
I created graphics for a mobile game, worked on hidden object games

A freelance artist (3 years): 
I create icons, characters, environments, portraits, and props for various projects",Other,Not Available,Not Available,2.0 years,2d artist,Djinni Recruitment Dataset (English Candidate Profiles),https://huggingface.co/datasets/lang-uk/recruitment-dataset-candidate-profiles-english,4fc09da2-2903-5531-add7-e373efa91bd3,anonymized,MIT License,2d artist 2d artist at byv 7 months i created graphics for a mobile game characters props locations 2d artist at meralyx 8 months i created graphics for a mobile game worked on hidden object games a freelance artist 3 years i create icons characters environments portraits and props for various projects 2 0 years
DJINNI-cd86a06a-3e6c-5d81-8b29-30fa68016605,"2d artist (creation of graphics for hidden object games, zoom zones, characters, locations; concept, rendering)

2d artist (creation of locations for animation)

Artist (Murals, paintings, decorative elements, painting of furniture to order)

Art teacher (Conducting lessons and master classes for adults and children, preparing applicants for admission to universities)
2d artist in gamedev, 2d artist of animation projects, 2d junior animator (traditional animation)",Other,Not Available,Not Available,1.5 years,2d artist,Djinni Recruitment Dataset (English Candidate Profiles),https://huggingface.co/datasets/lang-uk/recruitment-dataset-candidate-profiles-english,cd86a06a-3e6c-5d81-8b29-30fa68016605,anonymized,MIT License,2d artist 2d artist creation of graphics for hidden object games zoom zones characters locations concept rendering 2d artist creation of locations for animation artist murals paintings decorative elements painting of furniture to order art teacher conducting lessons and master classes for adults and children preparing applicants for admission to universities 2d artist in gamedev 2d artist of animation projects 2d junior animator traditional animation 1 5 years
DJINNI-4642b509-d711-56b1-9e9f-3ab932e3a649,"2D artist focusing on Concept Art.

I am able to quickly and accurately draw freehand living and non-living objects;
 Professionally own Adobe Photoshop ,Adobe Illustrator and graphics tablet;
 Strong knowledge the academic foundations of the drawing (composition, color, volume)
 and latest trends of art and design.

My main purpose is to collect the best ideas for the creation of the beautiful art, that will give a value to your unique business.",Other,Not Available,Not Available,0.5 years,2d artist,Djinni Recruitment Dataset (English Candidate Profiles),https://huggingface.co/datasets/lang-uk/recruitment-dataset-candidate-profiles-english,4642b509-d711-56b1-9e9f-3ab932e3a649,anonymized,MIT License,2d artist 2d artist focusing on concept art i am able to quickly and accurately draw freehand living and non living objects professionally own adobe photoshop adobe illustrator and graphics tablet strong knowledge the academic foundations of the drawing composition color volume and latest trends of art and design my main purpose is to collect the best ideas for the creation of the beautiful art that will give a value to your unique business 0 5 years
DJINNI-0c421213-7169-573a-999d-3e29d25a096e,"Portfolio with some of my works and ideas - https://www.behance.net/ohvel?

Some mobile games:
1. Monster Rush - https://play.google.com/store/apps/details?id=com.veeralo.monsterrush
2. Stack Stairs - https://play.google.com/store/apps/details?id=com.veeralo.stackstairs
• 2d artist, freelancer
Freelance, Kyiv; 01.2017 - today
Illustrations, logos, character design, T-shirt design, business cards, banners, website design, brochure design, etc.

• 2d artist
Veeralo Games, Kiev; 07.2015 - 01.2017 (1 year 6 months)
Create a complete set of graphics for games from concept to finalization: characters, elements, environment, UI / UX, etc.
Examples:
1. Monster Rush - https://play.google.com/store/apps/details?id=com.veeralo.monsterrush
2. Stack Stairs - https://play.google.com/store/apps/details?id=com.veeralo.stackstairs

• 2d artist, freelancer
TutoTOONS, about 3 months
Create a complete set of graphics for the game: characters, elements, environment, UI / UX, etc.

• 2d artist, freelancer
Freelance, Kyiv; about a year
Illustrations, logos, character design, T-shirt design, etc.
First of all, I'm focused on improving my skills in creating cool and professional graphics: it can be mobile games, PC games, illustrations, character design, just some kind of plot image or an interesting banner, in general, everything that relates to graphics ^^

That's why I would like to work in a team of professionals, fans of their business and just great guys who will always be able to enrich my experience with their own experience and give me something new and valuable. And, of course, I would like the management also to be interested in raising our level and help us in every possible way :)",Design,Not Available,Not Available,4.0 years,2d artist,Djinni Recruitment Dataset (English Candidate Profiles),https://huggingface.co/datasets/lang-uk/recruitment-dataset-candidate-profiles-english,0c421213-7169-573a-999d-3e29d25a096e,anonymized,MIT License,2d artist portfolio with some of my works and ideas some mobile games 1 monster rush 2 stack stairs 2d artist freelancer freelance kyiv 01 2017 today illustrations logos character design t shirt design business cards banners website design brochure design etc 2d artist veeralo games kiev 07 2015 01 2017 1 year 6 months create a complete set of graphics for games from concept to finalization characters elements environment ui ux etc examples 1 monster rush 2 stack stairs 2d artist freelancer tutotoons about 3 months create a complete set of graphics for the game characters elements environment ui ux etc 2d artist freelancer freelance kyiv about a year illustrations logos character design t shirt design etc first of all i m focused on improving my skills in creating cool and professional graphics it can be mobile games pc games illustrations character design just some kind of plot image or an interesting banner in general everything that relates to graphics that s why i would like to work in a team of professionals fans of their business and just great guys who will always be able to enrich my experience with their own experience and give me something new and valuable and of course i would like the management also to be interested in raising our level and help us in every possible way 4 0 years
DJINNI-a72017fe-5e5e-568d-83bb-f9b92bf2e152,"2d artist in EJaw Estonia OU for 2 years
-Creating and drawing characters concepts, objects, props and design
for different game projects
- Participation in the formation of the artistic style of the project
- Art revision of other artists
- Preparing graphic elements for animation
- Graphic design for games

2d artist in Free Line Games for 1 month
-Creating mobile game graphics

CG artist (freelance) for 1 year 
- Creating game and animated cartoon graphics 
- Work with customers

I want to find full-time job to do plenty of cool games
I'd like to be a part of а big team with permanent projects, which will inspire and motivate. 
A kind team who care, a leader who listens and truly appreciates your efforts, a place where you feel your significance.
I do not want to draw HOPA or slots.",Design,Not Available,Not Available,3.0 years,2d artist,Djinni Recruitment Dataset (English Candidate Profiles),https://huggingface.co/datasets/lang-uk/recruitment-dataset-candidate-profiles-english,a72017fe-5e5e-568d-83bb-f9b92bf2e152,anonymized,MIT License,2d artist 2d artist in ejaw estonia ou for 2 years creating and drawing characters concepts objects props and design for different game projects participation in the formation of the artistic style of the project art revision of other artists preparing graphic elements for animation graphic design for games 2d artist in free line games for 1 month creating mobile game graphics cg artist freelance for 1 year creating game and animated cartoon graphics work with customers i want to find full time job to do plenty of cool games i d like to be a part of big team with permanent projects which will inspire and motivate a kind team who care a leader who listens and truly appreciates your efforts a place where you feel your significance i do not want to draw hopa or slots 3 0 years
DJINNI-7a719197-12bf-5adb-bb5d-5c752f99491d,"I finished courses: 2d game art, anatomy for the artists, shape, composition and colour in illustration
Have experience in gamedev, children book illustrations, marketing illustrations
2d artist in gamedev, casual, isometric games
Can done tasks of any difficulties |Create game art for all aspects of games, including locations, backgrounds, objects, characters and prepare graphics for animation.
I want to get a job as 2d artist to create an art that will inspire me and people around",Artist,Not Available,Not Available,3.0 years,2d artist,Djinni Recruitment Dataset (English Candidate Profiles),https://huggingface.co/datasets/lang-uk/recruitment-dataset-candidate-profiles-english,7a719197-12bf-5adb-bb5d-5c752f99491d,anonymized,MIT License,2d artist i finished courses 2d game art anatomy for the artists shape composition and colour in illustration have experience in gamedev children book illustrations marketing illustrations 2d artist in gamedev casual isometric games can done tasks of any difficulties create game art for all aspects of games including locations backgrounds objects characters and prepare graphics for animation i want to get a job as 2d artist to create an art that will inspire me and people around 3 0 years
DJINNI-9e0d92d9-3f14-594d-aba2-4ae40b0b5cee,"2Dartist
Pixign|June 2019_January 2020
Drawing pictures for coloring applications
2D artist
Revoltex|February 2020 - February 2021
Drawing all elements and UI for slot games
2Dartist
Kensana Entertainment | February 2021-present
Drawing elements for the game in isometric, UI, props and icons",Other,Not Available,Not Available,2.5 years,2d artist,Djinni Recruitment Dataset (English Candidate Profiles),https://huggingface.co/datasets/lang-uk/recruitment-dataset-candidate-profiles-english,9e0d92d9-3f14-594d-aba2-4ae40b0b5cee,anonymized,MIT License,2d artist 2dartist pixign june 2019_january 2020 drawing pictures for coloring applications 2d artist revoltex february 2020 february 2021 drawing all elements and ui for slot games 2dartist kensana entertainment february 2021 present drawing elements for the game in isometric ui props and icons 2 5 years
DJINNI-939bd820-8255-5bab-8c12-cf7e94b4d6aa,"Courses:
online school Proart (sketching 2020, 2 months)
online school Pixel (basics cg 2020-2021, 5 months)
online school CG Lab (game art 2021, 3 months)
online school ArtCraft ( 2d render 2022)
2d artist, remotely.
PSV game studio (mobile gaming)
""Hello kitty hospital"" project:
-creating scenes in Illustrator,
-filler for the game, 
-backgrounds, 
-icons.
For other projects:
promo materials, banners, icons.
Using Photoshop, illustrator",Artist,Not Available,Not Available,1.0 years,2d artist,Djinni Recruitment Dataset (English Candidate Profiles),https://huggingface.co/datasets/lang-uk/recruitment-dataset-candidate-profiles-english,939bd820-8255-5bab-8c12-cf7e94b4d6aa,anonymized,MIT License,2d artist courses online school proart sketching 2020 2 months online school pixel basics cg 2020 2021 5 months online school cg lab game art 2021 3 months online school artcraft 2d render 2022 2d artist remotely psv game studio mobile gaming hello kitty hospital project creating scenes in illustrator filler for the game backgrounds icons for other projects promo materials banners icons using photoshop illustrator 1 0 years
DJINNI-ea1fa092-085e-5a94-88bb-a68e10323cc1,"I am not an ambitious person, so I do not pursue personal achievements. However, they may still be ahead of me.
2D artist with over 2 years of commercial experience with excellent ability to estimate the amount of time needed to complete tasks. I consistently improve my academic performance and learn something new, which helps me to have tutoring experience. I prefer to work in casual style. 
I mainly worked on casual projects. 

My working experience:

Project GoodVille (Farm, casual style)
    - Creating Icons
    - Environment Objects in Isometric View

Project Cooking artist Food game (Mobile game, Restaurant time manager, casual style)
    - Creating icons
    - Props (dishes, ingredients, kitchen appliances, and their upgrade steps)
    - Backgrounds
    - Redesign of props and backgrounds
    - Render of characters and preparing them to animation

Project Mischiefs Cryptinity (NFT-based battler, casual style) 
    - Creating of UI, preparation for import into the game
    - Concept and drawing of characters and their parts
    - Creating illustrations for the TCG component
    - Creating icons
    - Background concepting
    - Logo creating
    - Drawing steps for ""How to play"" instruction
    - Working with an Art Lead to create an illustration for the loader

I mostly use Photoshop in my work. I also used Paint Tool Sai and Clip Studio Paint to create sketches.
For more productive work, I would like to master the Blender, which I am doing now.
I would not like to work in the style of realism, as well as on projects related to the war (real war) like world of tanks and the like.",Artist,Not Available,Not Available,2.0 years,2d artist,Djinni Recruitment Dataset (English Candidate Profiles),https://huggingface.co/datasets/lang-uk/recruitment-dataset-candidate-profiles-english,ea1fa092-085e-5a94-88bb-a68e10323cc1,anonymized,MIT License,2d artist i am not an ambitious person so i do not pursue personal achievements however they may still be ahead of me 2d artist with over 2 years of commercial experience with excellent ability to estimate the amount of time needed to complete tasks i consistently improve my academic performance and learn something new which helps me to have tutoring experience i prefer to work in casual style i mainly worked on casual projects my working experience project goodville farm casual style creating icons environment objects in isometric view project cooking artist food game mobile game restaurant time manager casual style creating icons props dishes ingredients kitchen appliances and their upgrade steps backgrounds redesign of props and backgrounds render of characters and preparing them to animation project mischiefs cryptinity nft based battler casual style creating of ui preparation for import into the game concept and drawing of characters and their parts creating illustrations for the tcg component creating icons background concepting logo creating drawing steps for how to play instruction working with an art lead to create an illustration for the loader i mostly use photoshop in my work i also used paint tool sai and clip studio paint to create sketches for more productive work i would like to master the blender which i am doing now i would not like to work in the style of realism as well as on projects related to the war real war like world of tanks and the like 2 0 years
DJINNI-17794932-0d5d-59cf-91f9-3021805a312b,"2d artist
• Work on Hyper Casual games;
• Work in Adobe Photoshop, Illustrator
• Creation of models in Blender;
• Game scene design in Unity;
• Creation of conceptss;
• Creation of interface elements;
• Layout of the user interface of the game;
• Drawing icons;
• Creation of final art

2d artist/ illustrator
•  Creation of 2D NFT collections;
• Sketching in Adobe Photoshop;
• Creating NFT images in Adobe Illustrator;
• Preparing and Splitting into Separate Layers in Adobe Illustrator;
• Creating fan art;
• Photobashing;

2d artist/ designer
•  Work on Hyper Casual games;
• Work in Adobe Photoshop;
• Work in Adobe Illustrator;
• Rendering of concepts;
• Creation of interface elements;
• Layout of the user interface of the game;
• Drawing icons;
• Creation of simple 2D particles in Adobe Illustrator;
• Preparation of 2D images for animation;

2d artist
• Work in Adobe Photoshop;
• Work in Adobe Illustrator;
• Creation of backgrounds;
• Rendering of interface elements;
• Layout of the user interface of the game;
• Creation of concepts;
• Creation of sprites;

2d artist (Freelance)
 Creation of electronic portraits and greeting cards;

Content is a visual manager on Instagram
- Creation of advertising publications;
- Design of advertising publications;
- Creation of stories;
- Processing of photographs;
- Cooperation;
- Writing texts;
- Creation of the overall design of the Instagram page;",Artist,Not Available,Not Available,2.0 years,2d artist,Djinni Recruitment Dataset (English Candidate Profiles),https://huggingface.co/datasets/lang-uk/recruitment-dataset-candidate-profiles-english,17794932-0d5d-59cf-91f9-3021805a312b,anonymized,MIT License,2d artist 2d artist work on hyper casual games work in adobe photoshop illustrator creation of models in blender game scene design in unity creation of conceptss creation of interface elements layout of the user interface of the game drawing icons creation of final art 2d artist illustrator creation of 2d nft collections sketching in adobe photoshop creating nft images in adobe illustrator preparing and splitting into separate layers in adobe illustrator creating fan art photobashing 2d artist designer work on hyper casual games work in adobe photoshop work in adobe illustrator rendering of concepts creation of interface elements layout of the user interface of the game drawing icons creation of simple 2d particles in adobe illustrator preparation of 2d images for animation 2d artist work in adobe photoshop work in adobe illustrator creation of backgrounds rendering of interface elements layout of the user interface of the game creation of concepts creation of sprites 2d artist freelance creation of electronic portraits and greeting cards content is a visual manager on instagram creation of advertising publications design of advertising publications creation of stories processing of photographs cooperation writing texts creation of the overall design of the instagram page 2 0 years
DJINNI-ab94796d-360e-507a-b2eb-fd6c70638429,"2d freelance artist from Kyiv.
I specialize in creating custom graphics illustrations, character concept and design.
Looking for commercial experience in the field of 2d.
I would be happy to share my skills and improve them by working in a good team of like-minded people.",Artist,Not Available,Not Available,2.0 years,2d artist,Djinni Recruitment Dataset (English Candidate Profiles),https://huggingface.co/datasets/lang-uk/recruitment-dataset-candidate-profiles-english,ab94796d-360e-507a-b2eb-fd6c70638429,anonymized,MIT License,2d artist 2d freelance artist from kyiv i specialize in creating custom graphics illustrations character concept and design looking for commercial experience in the field of 2d i would be happy to share my skills and improve them by working in a good team of like minded people 2 0 years
DJINNI-1fa7685d-dcbf-5540-9d40-8fdf768df587,"2D Illustrator
Feb 2017 - Dec 2017 (11 month)
Freelancer
Working for mobile card-game.
drawing illustrations
reworking old illustrations
drawing backgrounds
sketches




2D Concept artist
May 2017 - Oct 2017 (6 month)
Freelancer
Working for mobile top-down shooter. Create :
character concept art
props
icons

2D artist
March 2021 - March 2022 (1.1 year)
SINSPIRED 
Full time inhouse
Working for  slots
. Create :
character
illustrations
icons
backgrounds



2D artist
June 2021 - December 2022 (1.9 year)
ROOM8
Freelancer
Working for mobile games
. Create :
character
illustrations
icons

2D artist
June 2022 - December 2022 (7 month)
Smart Project
Full time 
Working for mobile game
. Create :
character
illustrations",Artist,Not Available,Not Available,3.0 years,2d artist,Djinni Recruitment Dataset (English Candidate Profiles),https://huggingface.co/datasets/lang-uk/recruitment-dataset-candidate-profiles-english,1fa7685d-dcbf-5540-9d40-8fdf768df587,anonymized,MIT License,2d artist 2d illustrator feb 2017 dec 2017 11 month freelancer working for mobile card game drawing illustrations reworking old illustrations drawing backgrounds sketches 2d concept artist may 2017 oct 2017 6 month freelancer working for mobile top down shooter create character concept art props icons 2d artist march 2021 march 2022 1 1 year sinspired full time inhouse working for slots create character illustrations icons backgrounds 2d artist june 2021 december 2022 1 9 year room8 freelancer working for mobile games create character illustrations icons 2d artist june 2022 december 2022 7 month smart project full time working for mobile game create character illustrations 3 0 years
DJINNI-4e109214-197d-53f7-a2f7-f0fc04e2ff40,"2d illustrator, Junior-Middle

I created raster and vector still images in various styles for animation, including character designs and backgrounds, separate props, icons and layouts.

I studied casual and semi-realist render methods myself, making use of the knowledge of stylisation, isometry, perspective, lighting and design principles I've been using in my previous tasks as a 2d artist in animation.",Artist,Not Available,Not Available,2.5 years,2d artist,Djinni Recruitment Dataset (English Candidate Profiles),https://huggingface.co/datasets/lang-uk/recruitment-dataset-candidate-profiles-english,4e109214-197d-53f7-a2f7-f0fc04e2ff40,anonymized,MIT License,2d artist 2d illustrator junior middle i created raster and vector still images in various styles for animation including character designs and backgrounds separate props icons and layouts i studied casual and semi realist render methods myself making use of the knowledge of stylisation isometry perspective lighting and design principles i ve been using in my previous tasks as a 2d artist in animation 2 5 years
DJINNI-b98d8036-b743-594e-864b-cc8cbd1efb41,"2D Stylized Artist, Room8Studio
02/2022 to 04/2023 full-time
Creation of 2D visual elements of a game, such as icons, objects, illustrations, etc from sketches to final polishing according to the approved pipeline; Creation assets for voxel games; Interaction with the project team
Using software: Adobe Photoshop, Vox Edit, Jira

2D Artist, Fenix-Soft & AdvertMobile
02/2021 to 02/2022 full-time
Creation of 2D visual elements of a game, such as icons, objects, characters, etc from sketches to final polishing according to the approved pipeline; Creation of ui animation and idle animation for characters;  Interaction with the project team. 
Using software: Adobe Photoshop, Spine 2D, Blender, Redmine",Artist,Not Available,Not Available,2.5 years,2d artist,Djinni Recruitment Dataset (English Candidate Profiles),https://huggingface.co/datasets/lang-uk/recruitment-dataset-candidate-profiles-english,b98d8036-b743-594e-864b-cc8cbd1efb41,anonymized,MIT License,2d artist 2d stylized artist room8studio 02 2022 to 04 2023 full time creation of 2d visual elements of a game such as icons objects illustrations etc from sketches to final polishing according to the approved pipeline creation assets for voxel games interaction with the project team using software adobe photoshop vox edit jira 2d artist fenix soft advertmobile 02 2021 to 02 2022 full time creation of 2d visual elements of a game such as icons objects characters etc from sketches to final polishing according to the approved pipeline creation of ui animation and idle animation for characters interaction with the project team using software adobe photoshop spine 2d blender redmine 2 5 years
DJINNI-a2240e8d-e638-5aa5-abdb-74af33201201,"COURSES:
3D Industry School (concept artist) (10/2019)
ArtCraft School Digital drawing (04/2020)
ArtCraft School 2d for game (11/2020)
ArtCraft School 2d render (06/2021)
3D Industry School (concept artist) (10/2019)
ArtCraft School Digital drawing (04/2020)
ArtCraft School 2d for game (11/2020)
ArtCraft School 2d render (06/2021)
PSV Game studio (Kharkiv) project ""Heroes of tactics"" 03/2021-08/2021
Expectations are the best: it is a team of professionals, new and interesting projects, a friendly team and always a pleasant atmosphere",Unity,Not Available,Not Available,0.5 years,2d artist,Djinni Recruitment Dataset (English Candidate Profiles),https://huggingface.co/datasets/lang-uk/recruitment-dataset-candidate-profiles-english,a2240e8d-e638-5aa5-abdb-74af33201201,anonymized,MIT License,2d artist courses 3d industry school concept artist 10 2019 artcraft school digital drawing 04 2020 artcraft school 2d for game 11 2020 artcraft school 2d render 06 2021 3d industry school concept artist 10 2019 artcraft school digital drawing 04 2020 artcraft school 2d for game 11 2020 artcraft school 2d render 06 2021 psv game studio kharkiv project heroes of tactics 03 2021 08 2021 expectations are the best it is a team of professionals new and interesting projects a friendly team and always a pleasant atmosphere 0 5 years
DJINNI-14ef4a74-3c5e-5b0d-9273-f363cbfb5687,"3 Years experience working in game dev companies.
Creating design of characters, locations, in-game assets, concept art.
Graffiti and tattoo background. 
I have been painting paintings all my life, oil/acrylic, watercolor, graphic..
Have experience in comics drawing & 2d animation (spine/dragonbones).
3d exp. modeling, texturing, animation...",Artist,Not Available,Not Available,3.0 years,2d artist,Djinni Recruitment Dataset (English Candidate Profiles),https://huggingface.co/datasets/lang-uk/recruitment-dataset-candidate-profiles-english,14ef4a74-3c5e-5b0d-9273-f363cbfb5687,anonymized,MIT License,2d artist 3 years experience working in game dev companies creating design of characters locations in game assets concept art graffiti and tattoo background i have been painting paintings all my life oil acrylic watercolor graphic have experience in comics drawing 2d animation spine dragonbones 3d exp modeling texturing animation 3 0 years
DJINNI-7ab3a973-f36a-5f76-9928-fee824b68dae,"3+ years of experience in working as a 2D artist
Practical experience in graphic design
Expert knowledge of Photoshop
Proficient drawing skills
Solid knowledge of anatomy, chromatics, and creating a composition
Hold an Art Education degree 
Experienced at reading technical documentation and communicating with clients in distributed teams
English: Upper Intermediate level
Good communication skills, multi­tasking, team­spirit",Other,Not Available,Not Available,3.0 years,2d artist,Djinni Recruitment Dataset (English Candidate Profiles),https://huggingface.co/datasets/lang-uk/recruitment-dataset-candidate-profiles-english,7ab3a973-f36a-5f76-9928-fee824b68dae,anonymized,MIT License,2d artist 3 years of experience in working as a 2d artist practical experience in graphic design expert knowledge of photoshop proficient drawing skills solid knowledge of anatomy chromatics and creating a composition hold an art education degree experienced at reading technical documentation and communicating with clients in distributed teams english upper intermediate level good communication skills multi tasking team spirit 3 0 years
DJINNI-db9877e6-c317-58ea-a8f9-5542ae0eddc2,"3+ years of game dev experience.

 Concepts
 Backgrounds
 Isometric Buildings 
 Character artist
 UI
slots/casino",Artist,Not Available,Not Available,3.0 years,2d artist,Djinni Recruitment Dataset (English Candidate Profiles),https://huggingface.co/datasets/lang-uk/recruitment-dataset-candidate-profiles-english,db9877e6-c317-58ea-a8f9-5542ae0eddc2,anonymized,MIT License,2d artist 3 years of game dev experience concepts backgrounds isometric buildings character artist ui slots casino 3 0 years
DJINNI-b8b81ebc-3470-5081-8061-0863dd93bdc1,"GLOBAL HACK WEEKEND 2018 | 23 – 25.11.2018
Finalist, 2d artist
Hyper-casual game Clew Cat
APK: https://goo.gl/GfV4Fu
Video: https://www.youtube.com/watch?v=191GqBLYIkQ
5+ experience in Adobe Photoshop
2 years experience in digital art
1 year experience in Gamedev (characters, backgrounds, UI)
1 year experience in casual games

PORTFOLIO:
https://tinyurl.com/ybhskfze (casual)
https://www.artstation.com/polinabila (personal)
I am interested in creating different kinds of mobile games, especially casual and for children. I like working in a team to share skills and enjoy being a part of something nice. I try to keep to the corporate style if needed.

I am not interested in slots, hidden-object and casino-like games.",Unity,Not Available,Not Available,0.5 years,2d artist,Djinni Recruitment Dataset (English Candidate Profiles),https://huggingface.co/datasets/lang-uk/recruitment-dataset-candidate-profiles-english,b8b81ebc-3470-5081-8061-0863dd93bdc1,anonymized,MIT License,2d artist global hack weekend 2018 23 25 11 2018 finalist 2d artist hyper casual game clew cat apk video 5 experience in adobe photoshop 2 years experience in digital art 1 year experience in gamedev characters backgrounds ui 1 year experience in casual games portfolio casual personal i am interested in creating different kinds of mobile games especially casual and for children i like working in a team to share skills and enjoy being a part of something nice i try to keep to the corporate style if needed i am not interested in slots hidden object and casino like games 0 5 years
DJINNI-2779c072-05f3-5659-a6e8-80e8bbb7e7a1,"Clip Studio Paint, Adobe Photoshop, Adobe Illustrator, Blender 3D.
The ability to adapt to the desired style,
and good knowledge of color, light, form, and composition.
English - upper intermediate, Русский - свободно,
Українська - вільне володіння.
7 months in SmugDug company as out staff/outsource 2d Artist. Did a lot of different tasks - promotional art, icons, characters, and 
interfaces. Cheerful, sociable, simple guy. 8 years
worked in the police as a programmer, was engaged in the 
development
Software for employees, together with the development team.
Task management in Jira using the Scrum technique.",Artist,Not Available,Not Available,1.0 years,2d artist,Djinni Recruitment Dataset (English Candidate Profiles),https://huggingface.co/datasets/lang-uk/recruitment-dataset-candidate-profiles-english,2779c072-05f3-5659-a6e8-80e8bbb7e7a1,anonymized,MIT License,2d artist clip studio paint adobe photoshop adobe illustrator blender 3d the ability to adapt to the desired style and good knowledge of color light form and composition english upper intermediate 7 months in smugdug company as out staff outsource 2d artist did a lot of different tasks promotional art icons characters and interfaces cheerful sociable simple guy 8 years worked in the police as a programmer was engaged in the development software for employees together with the development team task management in jira using the scrum technique 1 0 years
DJINNI-10ed7c9e-8640-598a-b377-2da82dd9e4e6,"AD designer retoucher,  at Naomi24
2019-2022
Work with banner design, printed materials, social media post designer, photographer, retoucher, icon design

Handmadeartist,  at Troom Troom
2018-2019
work with graphics design for videos and social media posts

Photographer, at IBIS 2017-2018
I took photos for a wapons store with subsequent processing for a website and a magazine, created icons for the company's website",Artist,Not Available,Not Available,2.0 years,2d artist,Djinni Recruitment Dataset (English Candidate Profiles),https://huggingface.co/datasets/lang-uk/recruitment-dataset-candidate-profiles-english,10ed7c9e-8640-598a-b377-2da82dd9e4e6,anonymized,MIT License,2d artist ad designer retoucher at naomi24 2019 2022 work with banner design printed materials social media post designer photographer retoucher icon design handmadeartist at troom troom 2018 2019 work with graphics design for videos and social media posts photographer at ibis 2017 2018 i took photos for a wapons store with subsequent processing for a website and a magazine created icons for the company s website 2 0 years
DJINNI-37237fb1-d02a-559a-b47d-3700e521e8a6,"Oil paintings
Artist experience - more than 10 years of painting and design: 
DIgital art, concept art, oil/acrylic/watercolor painting, graffiti - street art, tattoo, photo...
New connections & experience.",Other,Not Available,Not Available,1.5 years,2d artist,Djinni Recruitment Dataset (English Candidate Profiles),https://huggingface.co/datasets/lang-uk/recruitment-dataset-candidate-profiles-english,37237fb1-d02a-559a-b47d-3700e521e8a6,anonymized,MIT License,2d artist oil paintings artist experience more than 10 years of painting and design digital art concept art oil acrylic watercolor painting graffiti street art tattoo photo new connections experience 1 5 years
DJINNI-3d59c9dd-82ea-588e-addb-c6302a901d6b,"1. I've been working as an illustrator at the School of Foreign Languages at Karazin National University on various projects since 2019 ( they are listed in my Behance portfolio)
2. I've developed a unique and recognizable style, although still being able to adapt to the requested stylistics.
As a self-taught illustrator, I've been working with private commissions for over 5 years and one long-term project, but they are not connected to the field I'm willing to work in, namely Character illustration and Design in Gamedev. I listed most of my projects on my Behance page for everyone interested.
I would really love to find myself in a friendly, enthusiastic environment, working on an interesting project that everyone is passionate about. I also would like to take part in the creation of game characters, promising to do my best on my part.",Artist,Not Available,Not Available,0.0 years,2d artist,Djinni Recruitment Dataset (English Candidate Profiles),https://huggingface.co/datasets/lang-uk/recruitment-dataset-candidate-profiles-english,3d59c9dd-82ea-588e-addb-c6302a901d6b,anonymized,MIT License,2d artist 1 i ve been working as an illustrator at the school of foreign languages at karazin national university on various projects since 2019 they are listed in my behance portfolio 2 i ve developed a unique and recognizable style although still being able to adapt to the requested stylistics as a self taught illustrator i ve been working with private commissions for over 5 years and one long term project but they are not connected to the field i m willing to work in namely character illustration and design in gamedev i listed most of my projects on my behance page for everyone interested i would really love to find myself in a friendly enthusiastic environment working on an interesting project that everyone is passionate about i also would like to take part in the creation of game characters promising to do my best on my part 0 0 years
DJINNI-d21e69aa-034d-511d-913b-24ed21990361,"I worked at Render Expert as a senior manager, and attracted 70% of the company's clients
AVES

Development of the visual concept of the game and selection of the team.

1) Providing several options for visual solutions and overall style.

2) Approval of the overall style of the game with the developers (screenwriter, game designer...).

3) Preparation of those tasks for the art department (2d, 3d artists and editing animators).

4) Keeping records of the process of performing the work of artists

5) Quality control and compliance with the general style of the game by the art department.
Storyboard artist, production designer
Edit
Akums
 October 2017 — October 2018

Development and creation of a storyboard, development of a visual solution for the project, creation of sketches of scenery, props, implementation of the visual solution of the project, maintaining the artistic part of the project.
I want to develop and raise my skill",Java,Not Available,Not Available,2.0 years,2d artist,Djinni Recruitment Dataset (English Candidate Profiles),https://huggingface.co/datasets/lang-uk/recruitment-dataset-candidate-profiles-english,d21e69aa-034d-511d-913b-24ed21990361,anonymized,MIT License,2d artist i worked at render expert as a senior manager and attracted 70 of the company s clients aves development of the visual concept of the game and selection of the team 1 providing several options for visual solutions and overall style 2 approval of the overall style of the game with the developers screenwriter game designer 3 preparation of those tasks for the art department 2d 3d artists and editing animators 4 keeping records of the process of performing the work of artists 5 quality control and compliance with the general style of the game by the art department storyboard artist production designer edit akums october 2017 october 2018 development and creation of a storyboard development of a visual solution for the project creation of sketches of scenery props implementation of the visual solution of the project maintaining the artistic part of the project i want to develop and raise my skill 2 0 years
DJINNI-de5c5a5e-6d9e-52a3-b787-a40ade046d07,"Book and  cover  illustrator in publishing house ""Folio""
Concept, 2d artist, character casual artist in nft startup 
Freelance illustrator, designer 
Illustrator, designer of character animation in ""Fabiosa media""",Artist,Not Available,Not Available,1.0 years,2d artist,Djinni Recruitment Dataset (English Candidate Profiles),https://huggingface.co/datasets/lang-uk/recruitment-dataset-candidate-profiles-english,de5c5a5e-6d9e-52a3-b787-a40ade046d07,anonymized,MIT License,2d artist book and cover illustrator in publishing house folio concept 2d artist character casual artist in nft startup freelance illustrator designer illustrator designer of character animation in fabiosa media 1 0 years
DJINNI-75dff5d1-d52f-50ec-a8cf-aac8c4b7b820,"Senior 2d artist
Character artist, 2d artist
Freelancer
Mobile app design
Fashion designer
Character design
Passionate about graphics and always strive to improve my skills
Experienced graphic designer with a proven track record in the game design industry, skilled character and illustration design.

Skills:
- Adobe Photoshop
- Adobe Flash
- Adobe Illustrator
- Painting on a tablet 10 years of experience
- Sketches
- Art education


Personal qualities:
- Fast learning and remembering
- Positive attitude
- Good interpersonal and teamwork skills
- Excellent communication skills
- Calm - open person
- Well organized, able to work hard",Artist,Not Available,Not Available,11.0 years,2d artist,Djinni Recruitment Dataset (English Candidate Profiles),https://huggingface.co/datasets/lang-uk/recruitment-dataset-candidate-profiles-english,75dff5d1-d52f-50ec-a8cf-aac8c4b7b820,anonymized,MIT License,2d artist senior 2d artist character artist 2d artist freelancer mobile app design fashion designer character design passionate about graphics and always strive to improve my skills experienced graphic designer with a proven track record in the game design industry skilled character and illustration design skills adobe photoshop adobe flash adobe illustrator painting on a tablet 10 years of experience sketches art education personal qualities fast learning and remembering positive attitude good interpersonal and teamwork skills excellent communication skills calm open person well organized able to work hard 11 0 years
DJINNI-14f48044-8543-5d30-8de3-76b65647d4eb,"character design, concept art, visual development",Not Available,Not Available,Not Available,5.0 years,2d artist,Djinni Recruitment Dataset (English Candidate Profiles),https://huggingface.co/datasets/lang-uk/recruitment-dataset-candidate-profiles-english,14f48044-8543-5d30-8de3-76b65647d4eb,anonymized,MIT License,2d artist character design concept art visual development 5 0 years
DJINNI-da25f4f5-5530-596d-96fc-af37da487086,"Character design, concepts, icons, preparation to animation, game UI, icons, finalisation of concepts, illustrations.",Artist,Not Available,Not Available,6.0 years,2d artist,Djinni Recruitment Dataset (English Candidate Profiles),https://huggingface.co/datasets/lang-uk/recruitment-dataset-candidate-profiles-english,da25f4f5-5530-596d-96fc-af37da487086,anonymized,MIT License,2d artist character design concepts icons preparation to animation game ui icons finalisation of concepts illustrations 6 0 years
DJINNI-964fe2d2-25ee-5bce-9884-0ab8bceb5213,"Have 6+ years experience as artist.
Have 1+ year experience in Game Dev industry.

Worked as middle 2d game artist and as middle 2d technical artist.
Worked as freelance concept artist and illustrator.

Highly motivated to improve my artistic skills and understanding of art industry. I'm capable of working in team. I can manage or mentor the work of other employees. I can teach art or animation concepts. I have experience as a game designer and game developer.

Have experience in:
- Concept Art;
- Vehicle Design ;
- Game Art ;
- Character Design ;
- Gameplay & Level Design;
- Environment Art;
- Illustration;
- Spine Animations;

Software experience and skills in:
- Adobe Photoshop;
- Spine 2D;
- Adobe Illustrator;
- Blender 3D;
- Substance Painter;
- Unity 2D\3D;

I'm quick learner of new art styles or software. I am able to recieve constructive feedback. I can work full-time with flexible schedule.
Concept and final renders of locations, characters, props, storyboards for animations and vfx, UI\UX, promo art for marketing purposes, problem solving, vehicle design, game art, character design, gameplay & level design, environment art, ilustration.",Artist,Not Available,Not Available,2.0 years,2d artist,Djinni Recruitment Dataset (English Candidate Profiles),https://huggingface.co/datasets/lang-uk/recruitment-dataset-candidate-profiles-english,964fe2d2-25ee-5bce-9884-0ab8bceb5213,anonymized,MIT License,2d artist have 6 years experience as artist have 1 year experience in game dev industry worked as middle 2d game artist and as middle 2d technical artist worked as freelance concept artist and illustrator highly motivated to improve my artistic skills and understanding of art industry i m capable of working in team i can manage or mentor the work of other employees i can teach art or animation concepts i have experience as a game designer and game developer have experience in concept art vehicle design game art character design gameplay level design environment art illustration spine animations software experience and skills in adobe photoshop spine 2d adobe illustrator blender 3d substance painter unity 2d 3d i m quick learner of new art styles or software i am able to recieve constructive feedback i can work full time with flexible schedule concept and final renders of locations characters props storyboards for animations and vfx ui ux promo art for marketing purposes problem solving vehicle design game art character design gameplay level design environment art ilustration 2 0 years
DJINNI-bb956372-6a11-5c82-aedc-337ea68772bc,"- concept art
- Adobe Creative Suite, Sai, Corel Painer
- experience in 2D art assets (Character, Symbols, Backgrounds)
- cartoon
- anatomy, composition
- animation
- UI/UX",Design,Not Available,Not Available,8.0 years,2d artist,Djinni Recruitment Dataset (English Candidate Profiles),https://huggingface.co/datasets/lang-uk/recruitment-dataset-candidate-profiles-english,bb956372-6a11-5c82-aedc-337ea68772bc,anonymized,MIT License,2d artist concept art adobe creative suite sai corel painer experience in 2d art assets character symbols backgrounds cartoon anatomy composition animation ui ux 8 0 years
DJINNI-c431d175-33cb-5a18-82ce-b7cd6b4bbd29,"Have an experience in design concept art, characters, animation. Use blender to ease the creating of the final product
Created characters/animations concept arts and illustrations. Participated in creating and visualisation for furniture.
Capable to quick learning new technologies",Artist,Not Available,Not Available,1.0 years,2d artist,Djinni Recruitment Dataset (English Candidate Profiles),https://huggingface.co/datasets/lang-uk/recruitment-dataset-candidate-profiles-english,c431d175-33cb-5a18-82ce-b7cd6b4bbd29,anonymized,MIT License,2d artist have an experience in design concept art characters animation use blender to ease the creating of the final product created characters animations concept arts and illustrations participated in creating and visualisation for furniture capable to quick learning new technologies 1 0 years
DJINNI-81461325-bd47-5247-8378-7b863dbd4b04,"- I was the first to introduce 3D into the work of the marketing department, which allowed us to improve and speed up the final art
- My icons and feature graphics for project showed great results and increased conversions
- Creating advertising materials for games (icons, banners,
 feature graphics, screenshots, etc)
- Made different resizes of icons, feature graphics,
 screenshots for stores
- Creating and design UI elements for video, screenshots
- Creating video assets
- Checking and review the works of my colleagues
- Work in the Unreal Engine (creating locations for video,
 screenshots and feature graphics)
- Set-up lighting for location in Unreal Engine",Artist,Not Available,Not Available,2.0 years,2d artist,Djinni Recruitment Dataset (English Candidate Profiles),https://huggingface.co/datasets/lang-uk/recruitment-dataset-candidate-profiles-english,81461325-bd47-5247-8378-7b863dbd4b04,anonymized,MIT License,2d artist i was the first to introduce 3d into the work of the marketing department which allowed us to improve and speed up the final art my icons and feature graphics for project showed great results and increased conversions creating advertising materials for games icons banners feature graphics screenshots etc made different resizes of icons feature graphics screenshots for stores creating and design ui elements for video screenshots creating video assets checking and review the works of my colleagues work in the unreal engine creating locations for video screenshots and feature graphics set up lighting for location in unreal engine 2 0 years
DJINNI-fa05c980-65dd-52df-a59a-d239c939ae58,"Creating  illustrations and design for books, mugs, T-shirts, sweaters, bags, covers, icons, brand books, posters etc.

Adobe Photoshop, Adobe Illustrator,  Photoshop, 2D, 2d, Art &Illustrations,   Illustrator, vector illustration, Vector illustrations,  Sketching, Hand Drawing, CG drawing, Drawing by hand, anatomy, composition",Artist,Not Available,Not Available,1.5 years,2d artist,Djinni Recruitment Dataset (English Candidate Profiles),https://huggingface.co/datasets/lang-uk/recruitment-dataset-candidate-profiles-english,fa05c980-65dd-52df-a59a-d239c939ae58,anonymized,MIT License,2d artist creating illustrations and design for books mugs t shirts sweaters bags covers icons brand books posters etc adobe photoshop adobe illustrator photoshop 2d 2d art illustrations illustrator vector illustration vector illustrations sketching hand drawing cg drawing drawing by hand anatomy composition 1 5 years
DJINNI-be87ca7b-05ae-5734-a859-ca25345025b9,"ArtCraft CG School in digital art
ArtCraft CG School in game design
-creation of interfaces for applications and games
-optimization according to the principle of user-friendly.
-making copies of products from existing graphics (cloning from an application, cutting objects from backgrounds)",Unity,Not Available,Not Available,1.0 years,2d artist,Djinni Recruitment Dataset (English Candidate Profiles),https://huggingface.co/datasets/lang-uk/recruitment-dataset-candidate-profiles-english,be87ca7b-05ae-5734-a859-ca25345025b9,anonymized,MIT License,2d artist artcraft cg school in digital art artcraft cg school in game design creation of interfaces for applications and games optimization according to the principle of user friendly making copies of products from existing graphics cloning from an application cutting objects from backgrounds 1 0 years
DJINNI-12b7a465-5731-5064-9c7b-ad15faf55d4f,"Style - Rebranding of TechnoStyle-Pro company
Print - design Shantal-Store in Ukraine
Picture to order
Freelance
dec 2013 - mar 2016 Freelance on stock sites, own business (pictures selling), one-off projects
apr 2016 - nov 2016 ui/ux Web designer - ECO TRADING INDUSTRIAL COMPANY (Logos, banner, WEB-design, Landing;
Customer support & Sale of services Web design)
oct 2018 - nov 2019 Web designer - LLC TECHNOSTYLE-PRO (Development of banners, presentations, corporate identity Advertising, SMM
UI / UX design, CEO, WEB)
jan 2020 - present time  2D Illustrator - TEAM FLOW
(Illustrations, WEB design)
Interested in a large and a small projects",Unity,Not Available,Not Available,2.0 years,2d artist,Djinni Recruitment Dataset (English Candidate Profiles),https://huggingface.co/datasets/lang-uk/recruitment-dataset-candidate-profiles-english,12b7a465-5731-5064-9c7b-ad15faf55d4f,anonymized,MIT License,2d artist style rebranding of technostyle pro company print design shantal store in ukraine picture to order freelance dec 2013 mar 2016 freelance on stock sites own business pictures selling one off projects apr 2016 nov 2016 ui ux web designer eco trading industrial company logos banner web design landing customer support sale of services web design oct 2018 nov 2019 web designer llc technostyle pro development of banners presentations corporate identity advertising smm ui ux design ceo web jan 2020 present time 2d illustrator team flow illustrations web design interested in a large and a small projects 2 0 years
DJINNI-d1109a7e-adb6-5f84-a24f-c4ae960f9212,"Developing character concepts for RPGs (DnD as usual)
Drawing commission art for different purposes (clothing, stickers, etc.)
Designing illustrations for different media (books, presentations/pitch-decks)
Drawing adult content.

Interested in game developing sphere, concept artist position.
Vector illustration",Artist,Not Available,Not Available,2.0 years,2d artist,Djinni Recruitment Dataset (English Candidate Profiles),https://huggingface.co/datasets/lang-uk/recruitment-dataset-candidate-profiles-english,d1109a7e-adb6-5f84-a24f-c4ae960f9212,anonymized,MIT License,2d artist developing character concepts for rpgs dnd as usual drawing commission art for different purposes clothing stickers etc designing illustrations for different media books presentations pitch decks drawing adult content interested in game developing sphere concept artist position vector illustration 2 0 years
DJINNI-74997d53-ee68-5d35-9dcd-a0855296e07a,"Experience:
> 2019 - since now
  FREELANCE
  2D artist
> 2017 - 2018
  DESIGN INSTITUTE OF TRANSPORT INFRASTRUCTURE
  Architect
  Design of small architectural shapes. Creation of project 
  documentation. Work in a team and with other departments.

Education:
> 2019, 1 month
   CONCEPT ART EDUCATION
   Character & Environment Design, Intensive Course

> 2013-2017
   O. M. BEKETOV NATIONAL UNIVERCITY OF 
   URBAN ECONOMY
   Program Subject Area “Architecture”, Bachelor Degree

> 2010-1012
   Center of professional and technical education №4
   Profession “Artist Painting On Wood”
I’m loking for a job as a Junior 2d artist in a video game company.  I would like to work on exciting and various projects, explore procces of developing games and communication between departments.  Also impotant thing to me is work in friendly crew of respectable specialists. 
	My main purpose: to learn and improve CG skills as much as possible.",Artist,Not Available,Not Available,2.0 years,2d artist,Djinni Recruitment Dataset (English Candidate Profiles),https://huggingface.co/datasets/lang-uk/recruitment-dataset-candidate-profiles-english,74997d53-ee68-5d35-9dcd-a0855296e07a,anonymized,MIT License,2d artist experience 2019 since now freelance 2d artist 2017 2018 design institute of transport infrastructure architect design of small architectural shapes creation of project documentation work in a team and with other departments education 2019 1 month concept art education character environment design intensive course 2013 2017 o m beketov national univercity of urban economy program subject area architecture bachelor degree 2010 1012 center of professional and technical education 4 profession artist painting on wood i m loking for a job as a junior 2d artist in a video game company i would like to work on exciting and various projects explore procces of developing games and communication between departments also impotant thing to me is work in friendly crew of respectable specialists my main purpose to learn and improve cg skills as much as possible 2 0 years
DJINNI-d04dd379-0a70-5b4b-969d-b72de6dbaeba,"EXPERIENCE: 
•	Experience in the gaming industry, rebranding for poker and casino games, creating UI and games for famous brands ( 888.com, bWin.com )
•	Experience in creating and processing Psd-files
•	Cutting and preparing media files ( bmp, jpg, png – sequence, swf …)
•	Flash integration and the creation of flash animations for games, creation static and dynamic banners
•	Creating skins for forex platforms
•	Proficiency in the troubleshooting and resolution of all client queries
•	A methodical and structured approach to problem solving",Design,Not Available,Not Available,5.0 years,2d artist,Djinni Recruitment Dataset (English Candidate Profiles),https://huggingface.co/datasets/lang-uk/recruitment-dataset-candidate-profiles-english,d04dd379-0a70-5b4b-969d-b72de6dbaeba,anonymized,MIT License,2d artist experience experience in the gaming industry rebranding for poker and casino games creating ui and games for famous brands 888 com bwin com experience in creating and processing psd files cutting and preparing media files bmp jpg png sequence swf flash integration and the creation of flash animations for games creation static and dynamic banners creating skins for forex platforms proficiency in the troubleshooting and resolution of all client queries a methodical and structured approach to problem solving 5 0 years
DJINNI-18144d8e-807b-54e3-88d8-f300cf65c02f,"10 years of experience with graphic editors. 
 Over 15 years of join many Ukraine art exhibitions
Experience with 2D graphics since 2012. Graduated from the Faculty of Arts at the University of UNPU named after. K. D. Ushinsky in Ukraine. More than 4 years of experience in creating designs, art, props and characters. 
Since 2020, has been working as a freelancer as a 2d artist.",Artist,Not Available,Not Available,0.5 years,2d artist,Djinni Recruitment Dataset (English Candidate Profiles),https://huggingface.co/datasets/lang-uk/recruitment-dataset-candidate-profiles-english,18144d8e-807b-54e3-88d8-f300cf65c02f,anonymized,MIT License,2d artist 10 years of experience with graphic editors over 15 years of join many ukraine art exhibitions experience with 2d graphics since 2012 graduated from the faculty of arts at the university of unpu named after k d ushinsky in ukraine more than 4 years of experience in creating designs art props and characters since 2020 has been working as a freelancer as a 2d artist 0 5 years
DJINNI-0a092e4e-a32b-5c7c-ba75-b415868884de,"Finished course «Digital drawing» in ArtCraft CG School (Kyiv). Attended course «Concept Art» in SkillUp school (Kyiv). Attended AutoCad Maya course. Attended academic drawing course in Art studio ""Artacademia"" (Kyiv).
finished ArtCraft CG School ""Digital drawing"" course, looking for job as intern/junior 2d artist
sketching, line art, character design, separate objects drawing, isometric art, comic art, stylized art",Unity,Not Available,Not Available,0.0 years,2d artist,Djinni Recruitment Dataset (English Candidate Profiles),https://huggingface.co/datasets/lang-uk/recruitment-dataset-candidate-profiles-english,0a092e4e-a32b-5c7c-ba75-b415868884de,anonymized,MIT License,2d artist finished course digital drawing in artcraft cg school kyiv attended course concept art in skillup school kyiv attended autocad maya course attended academic drawing course in art studio artacademia kyiv finished artcraft cg school digital drawing course looking for job as intern junior 2d artist sketching line art character design separate objects drawing isometric art comic art stylized art 0 0 years
DJINNI-506ba59e-9f4c-5e59-af28-f02591b099d4,"Formation of a complete visual style for various AR games and Mobile games.
 Designing UI/UX.
 Creating cartoonish character design
 Creating marketing illustrations
 Creating presentations for game projects
 Designing props concept
 Participation in RnD brainstorms",Artist,Not Available,Not Available,3.0 years,2d artist,Djinni Recruitment Dataset (English Candidate Profiles),https://huggingface.co/datasets/lang-uk/recruitment-dataset-candidate-profiles-english,506ba59e-9f4c-5e59-af28-f02591b099d4,anonymized,MIT License,2d artist formation of a complete visual style for various ar games and mobile games designing ui ux creating cartoonish character design creating marketing illustrations creating presentations for game projects designing props concept participation in rnd brainstorms 3 0 years
DJINNI-f28c09a4-05c0-5287-8a5b-c6062c4fc42d,"For the past 6years I have worked as a designer for decorative items and souvenirs. I used various tools for my work, such as: Adobe Photoshop, Illustrator, CorelDraw and Procreate. However, didn't bring me any creative satisfaction so I decided to find another job, that would make me improve my skills and grow as an artist. In this regard, I worked as an artist for a play-to-earn game start-up, where I made NFT art, illustration and UI. Unfortunately, the project was stopped due to lack of funding.
As I have mentioned before, my true passion lays in illustration. I am looking for a place, where I can improve my skills in various visual art styles. That being said, I am not particularly fond of isometric art. I enjoy working in Photoshop or Procreate and I am excited to learn new technologies as well.",Artist,Not Available,Not Available,7.0 years,2d artist,Djinni Recruitment Dataset (English Candidate Profiles),https://huggingface.co/datasets/lang-uk/recruitment-dataset-candidate-profiles-english,f28c09a4-05c0-5287-8a5b-c6062c4fc42d,anonymized,MIT License,2d artist for the past 6years i have worked as a designer for decorative items and souvenirs i used various tools for my work such as adobe photoshop illustrator coreldraw and procreate however didn t bring me any creative satisfaction so i decided to find another job that would make me improve my skills and grow as an artist in this regard i worked as an artist for a play to earn game start up where i made nft art illustration and ui unfortunately the project was stopped due to lack of funding as i have mentioned before my true passion lays in illustration i am looking for a place where i can improve my skills in various visual art styles that being said i am not particularly fond of isometric art i enjoy working in photoshop or procreate and i am excited to learn new technologies as well 7 0 years
DJINNI-57d28c0a-e19b-52ed-8ad3-d5c52a06da3c,"Freelance
12. 2020 - present 2d artist
	 creation characters according to the description
	 creating concepts of weapons in the Warhammer universe
	 creating the concept of icons (following the style of the game) for events
05. 2019 - present Artist and co-founder of the creative project Otter Print
	 sketches of ideas for drawings on textiles
	 drawing on textiles(denim jackets, sweatshirts, T-shirts, bags)
	 cooperation with clients
	 packing and sending orders
Freelance
03. 2014 - 08. 2017 Artist
	 The paintings are in private collections in Italy, Greece, Belarus, Ukraine,
signed by a maiden name or pseudonym Laimakh, as indicated in the
documentation to the work performed.
Freelance
10. 2012 - present Tutor
	 drawing lessons for children
	 preparing students for admission to art specialties
	 master classes for adults
publishing house ABABAGALAMAGA
2009 freelance illustrator
	 illustrations to the book by V. Nestayko",Artist,Not Available,Not Available,1.0 years,2d artist,Djinni Recruitment Dataset (English Candidate Profiles),https://huggingface.co/datasets/lang-uk/recruitment-dataset-candidate-profiles-english,57d28c0a-e19b-52ed-8ad3-d5c52a06da3c,anonymized,MIT License,2d artist freelance 12 2020 present 2d artist creation characters according to the description creating concepts of weapons in the warhammer universe creating the concept of icons following the style of the game for events 05 2019 present artist and co founder of the creative project otter print sketches of ideas for drawings on textiles drawing on textiles denim jackets sweatshirts t shirts bags cooperation with clients packing and sending orders freelance 03 2014 08 2017 artist the paintings are in private collections in italy greece belarus ukraine signed by a maiden name or pseudonym laimakh as indicated in the documentation to the work performed freelance 10 2012 present tutor drawing lessons for children preparing students for admission to art specialties master classes for adults publishing house ababagalamaga 2009 freelance illustrator illustrations to the book by v nestayko 1 0 years
DJINNI-6ca56d2d-0317-50bc-8297-07295845cd0e,"Freelance 2d artist, concept artist, illustrator, book covers illustrator
Working on position of illustrator/ 2d artist where I could develop my artist's skills and become better.",Artist,Not Available,Not Available,2.0 years,2d artist,Djinni Recruitment Dataset (English Candidate Profiles),https://huggingface.co/datasets/lang-uk/recruitment-dataset-candidate-profiles-english,6ca56d2d-0317-50bc-8297-07295845cd0e,anonymized,MIT License,2d artist freelance 2d artist concept artist illustrator book covers illustrator working on position of illustrator 2d artist where i could develop my artist s skills and become better 2 0 years
DJINNI-95168f64-19c0-5fe4-a180-99fb85dac9a8,"Freelance Artist
2017 – now
Working on various casual games, book covers and illustrations, card games, fanarts, orders, etc…
Bear games / 2D Artist
May 2021 – February 2022, Kharkiv
Game graphics development. Game map, backgrounds, objects, props, illustrative UI. Creating game prototype in Figma.
Playrix / Marketing Creatives 2D Artist
February 2022 – July  2022, Kharkiv, remote 
Creating and reusing graphics for marketing creatives and stores. Backgrounds, characters, UI.
Yes to game casual projects, illustrations.
Not to realistic style, equipment, weapons, military theme.",Artist,Not Available,Not Available,4.0 years,2d artist,Djinni Recruitment Dataset (English Candidate Profiles),https://huggingface.co/datasets/lang-uk/recruitment-dataset-candidate-profiles-english,95168f64-19c0-5fe4-a180-99fb85dac9a8,anonymized,MIT License,2d artist freelance artist 2017 now working on various casual games book covers and illustrations card games fanarts orders etc bear games 2d artist may 2021 february 2022 kharkiv game graphics development game map backgrounds objects props illustrative ui creating game prototype in figma playrix marketing creatives 2d artist february 2022 july 2022 kharkiv remote creating and reusing graphics for marketing creatives and stores backgrounds characters ui yes to game casual projects illustrations not to realistic style equipment weapons military theme 4 0 years
DJINNI-1baaf766-44bc-5323-8fac-1bb7646ef471,"From February 2021 to
December 2022 worked in the Kharkiv studio InkosGames, first worked on the game HoleIn - created game icons, banners, etc.
Work on a new MonsterRise project was further developed - there are also icons for the application, banners and ui. After his release, he worked as an artist in the L2E project - play2earn game on the protocol near - painted sets and banners.Now I'm making an illustrator's portfolio",Artist,Not Available,Not Available,2.5 years,2d artist,Djinni Recruitment Dataset (English Candidate Profiles),https://huggingface.co/datasets/lang-uk/recruitment-dataset-candidate-profiles-english,1baaf766-44bc-5323-8fac-1bb7646ef471,anonymized,MIT License,2d artist from february 2021 to december 2022 worked in the kharkiv studio inkosgames first worked on the game holein created game icons banners etc work on a new monsterrise project was further developed there are also icons for the application banners and ui after his release he worked as an artist in the l2e project play2earn game on the protocol near painted sets and banners now i m making an illustrator s portfolio 2 5 years
DJINNI-89348614-e494-5a5f-9909-840eb8cb2038,"- full cycle of art from sketches to finalization in the style of the project (casual style);
- work with environment, UI (icons, fonts), props, isometric objects;
-experience in creating 2D concepts;
-knowledge of the basics of drawing (composition, perspective, anatomy, color);
-creating 2D art: from composite sketches to final rendering;
-good communication skills and strong attention to detail.
Casual games:
- Create 2D stylized art (props, environment, icons): from sketches to final render;
- create isometric locations and props;
- Create sketches for game location and assets;
- 2D render: from sketches to final and from 3D basic props;
- Create tiles for the game location with a ""choice of three assets"".
- Create art for the movies for cartoons and animation;",Artist,Not Available,Not Available,1.5 years,2d artist,Djinni Recruitment Dataset (English Candidate Profiles),https://huggingface.co/datasets/lang-uk/recruitment-dataset-candidate-profiles-english,89348614-e494-5a5f-9909-840eb8cb2038,anonymized,MIT License,2d artist full cycle of art from sketches to finalization in the style of the project casual style work with environment ui icons fonts props isometric objects experience in creating 2d concepts knowledge of the basics of drawing composition perspective anatomy color creating 2d art from composite sketches to final rendering good communication skills and strong attention to detail casual games create 2d stylized art props environment icons from sketches to final render create isometric locations and props create sketches for game location and assets 2d render from sketches to final and from 3d basic props create tiles for the game location with a choice of three assets create art for the movies for cartoons and animation 1 5 years
DJINNI-207396b0-3dcd-5c00-95c9-c603d0544556,"Good day!
My name is Viktoria.

Self-motivated, energetic individual is looking for a position in a dynamic and stable workplace, to enhance and
improve my existing skills 2D Artist with opportunity for further career and professional grows. Have the
potential to become useful employee in successful team. To benefit company, people and solve challenging tacks.

 I have experience of drawing basics
including anatomy, perspective, compositions, sketching skills and isometric perspective, characters. 
I mainly work in photoshop, but also know basic illustrator and unity(working with tilemaps).",Artist,Not Available,Not Available,3.0 years,2d artist,Djinni Recruitment Dataset (English Candidate Profiles),https://huggingface.co/datasets/lang-uk/recruitment-dataset-candidate-profiles-english,207396b0-3dcd-5c00-95c9-c603d0544556,anonymized,MIT License,2d artist good day my name is viktoria self motivated energetic individual is looking for a position in a dynamic and stable workplace to enhance and improve my existing skills 2d artist with opportunity for further career and professional grows have the potential to become useful employee in successful team to benefit company people and solve challenging tacks i have experience of drawing basics including anatomy perspective compositions sketching skills and isometric perspective characters i mainly work in photoshop but also know basic illustrator and unity working with tilemaps 3 0 years
DJINNI-f6e11153-9629-57ab-be72-7b93de2a7935,"Hello, I am Irina. Mostly I create atmospheric art of the environment, landscape, or character design. Since 2015 I worked on the creation of assets for 2D platformer games. I participated in the development of indie games. My duties included:
- creating art of the environment and game objects from sketch to final render
- character design
- making concept art for mobile games 
- making some particular effects in Unity
- creating demo scene in Unity
Now I'm working on the new indie platformer environment and animating characters.
I'm interested in doing my best for the best results for creating your own style and atmosphere.",Artist,Not Available,Not Available,2.0 years,2d artist,Djinni Recruitment Dataset (English Candidate Profiles),https://huggingface.co/datasets/lang-uk/recruitment-dataset-candidate-profiles-english,f6e11153-9629-57ab-be72-7b93de2a7935,anonymized,MIT License,2d artist hello i am irina mostly i create atmospheric art of the environment landscape or character design since 2015 i worked on the creation of assets for 2d platformer games i participated in the development of indie games my duties included creating art of the environment and game objects from sketch to final render character design making concept art for mobile games making some particular effects in unity creating demo scene in unity now i m working on the new indie platformer environment and animating characters i m interested in doing my best for the best results for creating your own style and atmosphere 2 0 years
DJINNI-ca4f428d-a869-5da0-8ca0-412c91bb608f,"Hello, I'm a 2d artist. I love to play computer and mobile games and I want to create them.
I adequately relate to feedback and know how to listen. I am not afraid of difficulties in front of the tasks. I am able to work in a team and ready to learn. I plan to study the full cycle of game development in order to better understand colleagues from other departments and improve my work.
 Skills:
 - ability to work on a graphics tablet and draw by hand;
 - understanding of color, light, shadow and volume;
 - ability to work with composition, perspective and isometry;
 - i am professionally proficient in Photoshop.
Open to suggestions and opportunities :",Other,Not Available,Not Available,1.0 years,2d artist,Djinni Recruitment Dataset (English Candidate Profiles),https://huggingface.co/datasets/lang-uk/recruitment-dataset-candidate-profiles-english,ca4f428d-a869-5da0-8ca0-412c91bb608f,anonymized,MIT License,2d artist hello i m a 2d artist i love to play computer and mobile games and i want to create them i adequately relate to feedback and know how to listen i am not afraid of difficulties in front of the tasks i am able to work in a team and ready to learn i plan to study the full cycle of game development in order to better understand colleagues from other departments and improve my work skills ability to work on a graphics tablet and draw by hand understanding of color light shadow and volume ability to work with composition perspective and isometry i am professionally proficient in photoshop open to suggestions and opportunities 1 0 years
DJINNI-d9c12c87-83d7-579c-a11d-f400d4b9e4b2,"Hello! I`m a professional  2D artist and concept artist. I have experience creating assets, environments and characters for computer and mobile games in different styles.  Also, I am creating illustrations for books.  Why do you have to work with me? Because I love what I do, and based on this, I am persistent, and responsible, I do my work with enthusiasm and curiosity. And of course, I own a tablet and Photoshop at a professional level; I draw by hand, and I know anatomy and spatial perspective
I don't work with russians company",Artist,Not Available,Not Available,1.0 years,2d artist,Djinni Recruitment Dataset (English Candidate Profiles),https://huggingface.co/datasets/lang-uk/recruitment-dataset-candidate-profiles-english,d9c12c87-83d7-579c-a11d-f400d4b9e4b2,anonymized,MIT License,2d artist hello i m a professional 2d artist and concept artist i have experience creating assets environments and characters for computer and mobile games in different styles also i am creating illustrations for books why do you have to work with me because i love what i do and based on this i am persistent and responsible i do my work with enthusiasm and curiosity and of course i own a tablet and photoshop at a professional level i draw by hand and i know anatomy and spatial perspective i don t work with russians company 1 0 years
DJINNI-61cbf33f-7d29-510c-90f5-55ff7cf6d3cd,"I was a team-lead for one project when the russian invasion in Ukrane started. In my team was 4 artists - 2 middle and 2 junior, we worked remotely because of the war. I had to watch how artists work going, help and correct mistakes. I gave advises about work, and teach some art tricks for art. Also I did my own work. So we finished that project successfully.
Hello! :)
Let me tell you about my experience.
I'm young person and I have 4 years of experience in the game development industry. I perform concept art game props, characters, and rarely backgrounds. Also I perform full illustrations. I usually work in Photoshop, draw concept sketches. I use Blender sometimes when work need it. My experience in drawing by hand more than 10 years. Prior to working in the industry, I did custom works in cartoon style for 3 years. I attended art school for 6 years. I know the basics of composition, human anatomy, perspective, color and light.
Now I am improving my skills in drawing, anatomy, and English. I am friendly person, I like communication.",Artist,Not Available,Not Available,4.0 years,2d artist,Djinni Recruitment Dataset (English Candidate Profiles),https://huggingface.co/datasets/lang-uk/recruitment-dataset-candidate-profiles-english,61cbf33f-7d29-510c-90f5-55ff7cf6d3cd,anonymized,MIT License,2d artist i was a team lead for one project when the russian invasion in ukrane started in my team was 4 artists 2 middle and 2 junior we worked remotely because of the war i had to watch how artists work going help and correct mistakes i gave advises about work and teach some art tricks for art also i did my own work so we finished that project successfully hello let me tell you about my experience i m young person and i have 4 years of experience in the game development industry i perform concept art game props characters and rarely backgrounds also i perform full illustrations i usually work in photoshop draw concept sketches i use blender sometimes when work need it my experience in drawing by hand more than 10 years prior to working in the industry i did custom works in cartoon style for 3 years i attended art school for 6 years i know the basics of composition human anatomy perspective color and light now i am improving my skills in drawing anatomy and english i am friendly person i like communication 4 0 years
DJINNI-6f243c9d-aaf4-5201-8780-b7e422e96690,"Hello, my name is Kristina.  I am looking for a new role and will be glad for your respond.

My work expirience:
2D artist - Vataga Studio (6 months)
2D artist - Eladrea (6 months)
I also had a few freelance jobs.

In this positions, I developed concept art for buildings, characters and items.
I am also familiar with Environmental concept art, illustration, UI, props, isometrical game art
I have good communication skills and strong attention to details.",Artist,Not Available,Not Available,1.0 years,2d artist,Djinni Recruitment Dataset (English Candidate Profiles),https://huggingface.co/datasets/lang-uk/recruitment-dataset-candidate-profiles-english,6f243c9d-aaf4-5201-8780-b7e422e96690,anonymized,MIT License,2d artist hello my name is kristina i am looking for a new role and will be glad for your respond my work expirience 2d artist vataga studio 6 months 2d artist eladrea 6 months i also had a few freelance jobs in this positions i developed concept art for buildings characters and items i am also familiar with environmental concept art illustration ui props isometrical game art i have good communication skills and strong attention to details 1 0 years
DJINNI-50a99950-ea77-5ed7-9199-0b0500001e95,"Hey there!
I am an artist and illustrator. I have years of experience working in the gaming industry. What can I do? Create a game icon illustration (game elements, skill icon, etc.)  Props  Environment  Characters  Concept Art. I can draw anything you want, in any style, as well as my own style!(Please do not forget to show the reference). I always strive to do my best to make the project tailored to customer needs! Check out the samples I sent you.

привет
Я работаю в игровой индустрии уже  4 года в категории ""инди игры""
работаю над проектом
revolution the spark
умения знания blender photoshop",Artist,Not Available,Not Available,5.0 years,2d artist,Djinni Recruitment Dataset (English Candidate Profiles),https://huggingface.co/datasets/lang-uk/recruitment-dataset-candidate-profiles-english,50a99950-ea77-5ed7-9199-0b0500001e95,anonymized,MIT License,2d artist hey there i am an artist and illustrator i have years of experience working in the gaming industry what can i do create a game icon illustration game elements skill icon etc props environment characters concept art i can draw anything you want in any style as well as my own style please do not forget to show the reference i always strive to do my best to make the project tailored to customer needs check out the samples i sent you 4 revolution the spark blender photoshop 5 0 years
DJINNI-bb8d7e32-57f5-515b-b616-4ccc1abad9a2,"02.2005 International contest “Another sight”, Poland (prize)
28.03.2008 International water color Competition ”SINAIDE GHI”16 (2 prize), Rome (Italy)
2009 International Competition “Mail Art”, Macedonia (1prize)
09.2009 International Exlibris Competition “Il Bosco Stregato”, Italy (special mention)
2009 Honorary Diploma by the Jury of the Eighth Edition of the “Iosif Iser” International
Contemporary Engraving Biennial Exhibition, Romania
2009 The 1st Beijing Erotic Exhibition (certificate of award), China
2010 International Exlibris Competition “Il Bosco Stregato”, Italy (signed by jury)
2010 International Cоmpetition for Kosciuszko Exlibris, Poland (3prize)
2014 Honorary Diploma by 9th Triennial of Estamp, France
2017 International Cоmpetition for Kosciuszko Exlibris, Poland (prize)
2017 Honorary Diploma by International Kosciuszko Bicentenary Competition, Australia
Hi guys))
  Since 2021 I have been working as a 2d artist (concept and render of the characters, props and locations, drawing illustration).  
I have been working as a graphic artist, illustrator and graphic designer since 2010. I have experience in designing posters, book illustration and magazine covers. 

2023 -  2d artist in Puzzle Dreams Limited (Full-time, Ukraine)
2022 - 2d artist in Pixolit Stuido (Full-time, Ukraine)
2021-2023 2D Artist (freelance)
2017-2018 teacher of fine arts
2010-2023 graphic designer (freelance)
2010 - 2022 illustrator (freelance)
I'd like to work in a strong and friendly team that works for results. I'd like to have the opportunity to learn and develop as an artist.",Artist,Not Available,Not Available,2.0 years,2d artist,Djinni Recruitment Dataset (English Candidate Profiles),https://huggingface.co/datasets/lang-uk/recruitment-dataset-candidate-profiles-english,bb8d7e32-57f5-515b-b616-4ccc1abad9a2,anonymized,MIT License,2d artist 02 2005 international contest another sight poland prize 28 03 2008 international water color competition sinaide ghi 16 2 prize rome italy 2009 international competition mail art macedonia 1prize 09 2009 international exlibris competition il bosco stregato italy special mention 2009 honorary diploma by the jury of the eighth edition of the iosif iser international contemporary engraving biennial exhibition romania 2009 the 1st beijing erotic exhibition certificate of award china 2010 international exlibris competition il bosco stregato italy signed by jury 2010 international c mpetition for kosciuszko exlibris poland 3prize 2014 honorary diploma by 9th triennial of estamp france 2017 international c mpetition for kosciuszko exlibris poland prize 2017 honorary diploma by international kosciuszko bicentenary competition australia hi guys since 2021 i have been working as a 2d artist concept and render of the characters props and locations drawing illustration i have been working as a graphic artist illustrator and graphic designer since 2010 i have experience in designing posters book illustration and magazine covers 2023 2d artist in puzzle dreams limited full time ukraine 2022 2d artist in pixolit stuido full time ukraine 2021 2023 2d artist freelance 2017 2018 teacher of fine arts 2010 2023 graphic designer freelance 2010 2022 illustrator freelance i d like to work in a strong and friendly team that works for results i d like to have the opportunity to learn and develop as an artist 2 0 years
DJINNI-9051aaeb-5150-5785-850d-0cf015b7506d,"Self taught 2d digital artist. Highly motivated and easy communicative, responsible, can work in team. Excellent skills in Procreate. Common knowledges about composition, theory of lighting and anatomy. Drawing by hand almost for 3 years. Last year discovered for myself digital art and since then develop my skills in this field
Hi, I’m 2d artist looking for opportunities to work in your company. I draw characters, backgrounds, levelmaps, icons. Ready to do test task.",Artist,Not Available,Not Available,0.0 years,2d artist,Djinni Recruitment Dataset (English Candidate Profiles),https://huggingface.co/datasets/lang-uk/recruitment-dataset-candidate-profiles-english,9051aaeb-5150-5785-850d-0cf015b7506d,anonymized,MIT License,2d artist self taught 2d digital artist highly motivated and easy communicative responsible can work in team excellent skills in procreate common knowledges about composition theory of lighting and anatomy drawing by hand almost for 3 years last year discovered for myself digital art and since then develop my skills in this field hi i m 2d artist looking for opportunities to work in your company i draw characters backgrounds levelmaps icons ready to do test task 0 0 years
DJINNI-fa8dd6f2-9a00-5c40-9488-073e60155c7c,"• Proficient in Adobe Photoshop
• Procreate
• Knowledge of perspective, anatomy, composition
• Experience in isometic style, casual art, character design, locations render

Have experience working with:
•Asana
•Jira
•Miro
•Slack
•Trello
•JetBrains Space

Finished drawing courses at:
• Voki Games
• Game Station Academy
• ""Material Render"" courses by Den Nimaev
• NewArtSchool ""Basics of CG""
Hi!
I'm a 2D artist specializing in character design, backgrounds, illustration, and isometric art. I bring creativity and a strong work ethic to every project, aiming to enhance visual experiences and contribute effectively to the team.
I have 2+ years of experience in GameDev.

— I have been working for an outsourcing company. Most of the time I was responsible for creating art for ""Northern Tale 6""
My responsibilities were:

• illustration;
• character design (from sketch to the final image);
• backgrounds and icons for casual games;
• UI elements;
• isometric objects;
• sketching;
• icons for Slot games.


— 1.5 years of work experience in Voki Games company that produced Hidden Objects game ""Manor Matters"".
My responsibilities were:

• drawing props from sketch to final image;
• rendering fragments of 3D locations;
• designing match-3 chips.",Artist,Not Available,Not Available,2.5 years,2d artist,Djinni Recruitment Dataset (English Candidate Profiles),https://huggingface.co/datasets/lang-uk/recruitment-dataset-candidate-profiles-english,fa8dd6f2-9a00-5c40-9488-073e60155c7c,anonymized,MIT License,2d artist proficient in adobe photoshop procreate knowledge of perspective anatomy composition experience in isometic style casual art character design locations render have experience working with asana jira miro slack trello jetbrains space finished drawing courses at voki games game station academy material render courses by den nimaev newartschool basics of cg hi i m a 2d artist specializing in character design backgrounds illustration and isometric art i bring creativity and a strong work ethic to every project aiming to enhance visual experiences and contribute effectively to the team i have 2 years of experience in gamedev i have been working for an outsourcing company most of the time i was responsible for creating art for northern tale 6 my responsibilities were illustration character design from sketch to the final image backgrounds and icons for casual games ui elements isometric objects sketching icons for slot games 1 5 years of work experience in voki games company that produced hidden objects game manor matters my responsibilities were drawing props from sketch to final image rendering fragments of 3d locations designing match 3 chips 2 5 years
DJINNI-24ab03b3-29df-5a8e-8a2a-44bc9b16ad83,"Hi, I'm a calligrapher and 2D artist. I create assets, ui, characters for games and work with environments a bit.
I use Midjourney to find the best references and moodboards. I have a specialized education, I know color theory, composition and form.
My passion is calligraphy and I am happy to share my knowledge through workshops and courses of original, historical and modern calligraphy.
I love the sea, relaxed bike rides and Harry Potter fandom",Artist,Not Available,Not Available,3.0 years,2d artist,Djinni Recruitment Dataset (English Candidate Profiles),https://huggingface.co/datasets/lang-uk/recruitment-dataset-candidate-profiles-english,24ab03b3-29df-5a8e-8a2a-44bc9b16ad83,anonymized,MIT License,2d artist hi i m a calligrapher and 2d artist i create assets ui characters for games and work with environments a bit i use midjourney to find the best references and moodboards i have a specialized education i know color theory composition and form my passion is calligraphy and i am happy to share my knowledge through workshops and courses of original historical and modern calligraphy i love the sea relaxed bike rides and harry potter fandom 3 0 years
DJINNI-ee6769cd-9438-579a-bd0f-f28b278c8c5c,"My main achievements are still ahead)
Hi, I'm illustrator with artistic academic education. 
Core knowledge in the field of making illustrations and visuals of different levels of complexity and styles. Concept arts, sketching, storyboard visuals, characters drawings, collages, graphic design.

Experience:
Aug 2021- Present (1year 7month) 
2d artist/ illustrator/ character artist | Kevuru Games
(gamedev)
2d render, splash art illustrations, character design, technical artist

Dec 2018 - Oct 2020 
2d designer/illustrator | Syndicode
(web & mobile apps)
illustrations for products, showreel illustrations, graphic design, infographics, mobile games.

Jan 2017 - Dec 2018 (11 months)
graphic designer/illustrator | plus one
(advertising and PR services)
Storyboard illustrations for video clips, showreel illustrations, graphic design, collages, infographics.

Dec 2016 - Aug 2017 (9 months)
graphic designer/illustrator | BBDO Ukraine
(advertising and PR services)
collages, storyboard visuals, illustrations, graphic design.

  Tools I use:

• Adobe Photoshop
• Adobe Illustrator
Interesting experience, strong team.",Unity,Not Available,Not Available,4.0 years,2d artist,Djinni Recruitment Dataset (English Candidate Profiles),https://huggingface.co/datasets/lang-uk/recruitment-dataset-candidate-profiles-english,ee6769cd-9438-579a-bd0f-f28b278c8c5c,anonymized,MIT License,2d artist my main achievements are still ahead hi i m illustrator with artistic academic education core knowledge in the field of making illustrations and visuals of different levels of complexity and styles concept arts sketching storyboard visuals characters drawings collages graphic design experience aug 2021 present 1year 7month 2d artist illustrator character artist kevuru games gamedev 2d render splash art illustrations character design technical artist dec 2018 oct 2020 2d designer illustrator syndicode web mobile apps illustrations for products showreel illustrations graphic design infographics mobile games jan 2017 dec 2018 11 months graphic designer illustrator plus one advertising and pr services storyboard illustrations for video clips showreel illustrations graphic design collages infographics dec 2016 aug 2017 9 months graphic designer illustrator bbdo ukraine advertising and pr services collages storyboard visuals illustrations graphic design tools i use adobe photoshop adobe illustrator interesting experience strong team 4 0 years
DJINNI-6594d8ea-6da7-5ba6-9822-6dfa7ef7f6ec,"HI! My name is Viktoriya Naumova - I am Ukrainian artist.
I have many years of experience in illustration, printing, graphic design, web design, UX/UI, content creation for software (Belight Software (2006-2014), free-lance (2016-2022)). Now I have changed my field of activity to the creation of 2D characters. I took a corresponding course at an international school, having received laudatory reviews from teachers.  High freehand drawing skill, excellent academic knowledge in drawing and painting, fast learner, flexible, sociable, responsible.  I dream of creating character concepts for the game industry.",Artist,Not Available,Not Available,11.0 years,2d artist,Djinni Recruitment Dataset (English Candidate Profiles),https://huggingface.co/datasets/lang-uk/recruitment-dataset-candidate-profiles-english,6594d8ea-6da7-5ba6-9822-6dfa7ef7f6ec,anonymized,MIT License,2d artist hi my name is viktoriya naumova i am ukrainian artist i have many years of experience in illustration printing graphic design web design ux ui content creation for software belight software 2006 2014 free lance 2016 2022 now i have changed my field of activity to the creation of 2d characters i took a corresponding course at an international school having received laudatory reviews from teachers high freehand drawing skill excellent academic knowledge in drawing and painting fast learner flexible sociable responsible i dream of creating character concepts for the game industry 11 0 years
DJINNI-afbee546-49ff-513e-9fb6-d52409d625a1,"I have experience in creating graphics for 2D games. My games are on the Playmarket. I worked on the creation of a gaming online universe, created the NFT, the company's website, and was a consultant on the design of the game graphics interface.
I am a 2D artist. I have experience in creating 2D games. I create characters, game logos, background images, buttons and game windows.

I invite you to the site with my portfolio (link in profile)

Skills:
— I have experience in creating 2D games. I create characters, game logos, background images, website images, NFT, buttons and game windows.
— I have the skills to create concepts and create an object from conception to completion;
— I know the basic and advanced principles of drawing. I have a sense of composition, color and other important principles of painting.
— experienced user of Adobe Photoshop;
— an excellent eye for details;
— knowledge of layouts, basics of graphics, typography, printing and the Internet;
— the ability to work in a team and complete tasks on time.
— Intermediate level of English

Other skills:
— video and photo editing;
— understanding the basics of digital and marketing.

•	EDUCATION: master of philosophy, 2019, NPU. M.P. Drahomanov with honors

•	LAST PLACE OF WORK: 
-	photographer (2012 – 2022)
-	2d artist (December 2020 – now)",Artist,Not Available,Not Available,2.0 years,2d artist,Djinni Recruitment Dataset (English Candidate Profiles),https://huggingface.co/datasets/lang-uk/recruitment-dataset-candidate-profiles-english,afbee546-49ff-513e-9fb6-d52409d625a1,anonymized,MIT License,2d artist i have experience in creating graphics for 2d games my games are on the playmarket i worked on the creation of a gaming online universe created the nft the company s website and was a consultant on the design of the game graphics interface i am a 2d artist i have experience in creating 2d games i create characters game logos background images buttons and game windows i invite you to the site with my portfolio link in profile skills i have experience in creating 2d games i create characters game logos background images website images nft buttons and game windows i have the skills to create concepts and create an object from conception to completion i know the basic and advanced principles of drawing i have a sense of composition color and other important principles of painting experienced user of adobe photoshop an excellent eye for details knowledge of layouts basics of graphics typography printing and the internet the ability to work in a team and complete tasks on time intermediate level of english other skills video and photo editing understanding the basics of digital and marketing education master of philosophy 2019 npu m p drahomanov with honors last place of work photographer 2012 2022 2d artist december 2020 now 2 0 years
DJINNI-fc8cf609-5681-5e08-879b-ca56c1eb592f,"I am a 2d artist with 3,5 years of experience. Now I'm working in the game dev, creating game contents and animations. I am also a graphic designer (10 years experience).",Unity,Not Available,Not Available,4.0 years,2d artist,Djinni Recruitment Dataset (English Candidate Profiles),https://huggingface.co/datasets/lang-uk/recruitment-dataset-candidate-profiles-english,fc8cf609-5681-5e08-879b-ca56c1eb592f,anonymized,MIT License,2d artist i am a 2d artist with 3 5 years of experience now i m working in the game dev creating game contents and animations i am also a graphic designer 10 years experience 4 0 years
DJINNI-c4f9579d-5fc2-5019-b258-3b785d9d18e8,"I am a 2D artist with a passion for creating immersive visual experiences. My expertise lies in creating concept art, character designs, and environment art for games. I have worked with a variety of studios and projects, including Lithuanian studio on ""Spellfire,"" a game based on cryptocurrency. I was then approached by ""Metacontinental"" to work on their own cryptocurrency-based project. Prior to this, I worked with ""YarlWorld"" on their physical card game ""Visichi"" where I served as the lead artist.

At Lithuanian studio, I was responsible for creating concept art and environment art for ""Spellfire."" I gained valuable experience working on a cryptocurrency-based project and honed my skills in creating dynamic and engaging art assets. My work caught the attention of ""Metacontinental,"" who reached out to me to join their team.

At ""YarlWorld,"" I worked as the lead artist on their physical card game ""Visichi."" I was responsible for designing characters, creating card art, and overseeing the overall visual style of the game. This experience allowed me to develop a keen eye for detail and the ability to effectively communicate with team members to achieve a cohesive visual style.

Overall, my experience working with different studios and projects has allowed me to gain a diverse skill set and a unique perspective on game development. I am excited to continue exploring the creative potential of 2D art in new and innovative ways.",Artist,Not Available,Not Available,5.0 years,2d artist,Djinni Recruitment Dataset (English Candidate Profiles),https://huggingface.co/datasets/lang-uk/recruitment-dataset-candidate-profiles-english,c4f9579d-5fc2-5019-b258-3b785d9d18e8,anonymized,MIT License,2d artist i am a 2d artist with a passion for creating immersive visual experiences my expertise lies in creating concept art character designs and environment art for games i have worked with a variety of studios and projects including lithuanian studio on spellfire a game based on cryptocurrency i was then approached by metacontinental to work on their own cryptocurrency based project prior to this i worked with yarlworld on their physical card game visichi where i served as the lead artist at lithuanian studio i was responsible for creating concept art and environment art for spellfire i gained valuable experience working on a cryptocurrency based project and honed my skills in creating dynamic and engaging art assets my work caught the attention of metacontinental who reached out to me to join their team at yarlworld i worked as the lead artist on their physical card game visichi i was responsible for designing characters creating card art and overseeing the overall visual style of the game this experience allowed me to develop a keen eye for detail and the ability to effectively communicate with team members to achieve a cohesive visual style overall my experience working with different studios and projects has allowed me to gain a diverse skill set and a unique perspective on game development i am excited to continue exploring the creative potential of 2d art in new and innovative ways 5 0 years
DJINNI-c88de8e1-11b7-55c1-a9fc-c4ab7b4ee377,"I am a 2D artist with experience working both freelance and in the company.
I create graphics for the computer games: concept art, character design and illustrations.
Skilled in Adobe Photoshop and Adobe Illustrator.",Artist,Not Available,Not Available,2.0 years,2d artist,Djinni Recruitment Dataset (English Candidate Profiles),https://huggingface.co/datasets/lang-uk/recruitment-dataset-candidate-profiles-english,c88de8e1-11b7-55c1-a9fc-c4ab7b4ee377,anonymized,MIT License,2d artist i am a 2d artist with experience working both freelance and in the company i create graphics for the computer games concept art character design and illustrations skilled in adobe photoshop and adobe illustrator 2 0 years
DJINNI-89543ded-7e31-59b0-bd88-d5d55ee65ac9,"As an artist I have participated in a few small indie game projects, creating icons and some character arts for them.
I am a digital artist from Kyiv. My interests are focused on black humor, horror genre, extreme music, contemporary art, comics, cinema and classic animation.

I had successful career in law for last 15 years. Drawing has never been my main job, but rather a hobby to which I devoted all my free time. Things have changed dramatically since the war started. 

My favorite soft for creating art are Paint Tool Sai and Adobe Photoshop. I also have some experience in using almost every raster graphic redactors exist. Also I’m a quick learner and usually master new techniques by watching online tutorial videos. 

Now I am eager to learn new tricks, eager to became a part of creative team. 

Thank you!",Artist,Not Available,Not Available,3.0 years,2d artist,Djinni Recruitment Dataset (English Candidate Profiles),https://huggingface.co/datasets/lang-uk/recruitment-dataset-candidate-profiles-english,89543ded-7e31-59b0-bd88-d5d55ee65ac9,anonymized,MIT License,2d artist as an artist i have participated in a few small indie game projects creating icons and some character arts for them i am a digital artist from kyiv my interests are focused on black humor horror genre extreme music contemporary art comics cinema and classic animation i had successful career in law for last 15 years drawing has never been my main job but rather a hobby to which i devoted all my free time things have changed dramatically since the war started my favorite soft for creating art are paint tool sai and adobe photoshop i also have some experience in using almost every raster graphic redactors exist also i m a quick learner and usually master new techniques by watching online tutorial videos now i am eager to learn new tricks eager to became a part of creative team thank you 3 0 years
DJINNI-29ef3eab-2389-5987-835d-353f673552eb,"I am a junior 2D artist from Kyiv with a passion for games. I've worked on a variety of projects, including environment design, concept art, and illustrations. I believe my skills, collaboration abilities, and adaptability make me an excellent candidate for the game industry. As a lifelong gamer, I'm actively seeking new opportunities in game development. 

Work experience
2021 - till now Freelance artist
May 2017 - Mar. 2020 Content manager at Maestro Ticket System
Apr. 2014 - May 2017 Content manager at Internet-agency «Artus»
Jan. 2014 - Apr. 2014 Content manager at Design Studio «Devart»
Oct. 2013 - Dec. 2013 Content manager at LetFlat
May-Oct. 2013 Event manager at Fortius Qaulity Group LLC

Education: Bachelor of Cultural Studies

Courses
Aug. 2022 - Nov. 2022 Advanced Course ‘Gaming Casual Graphics’ from Game Station Academy
Jul. 2022 - Sep. 2022 Anatomy for the Artist from ArtCraft
Oct. 2020 - Dec. 2020 Comics Drawing Course from ArtCraft
May 2020 - Sep. 2020 Digital Drawing Course from ArtCraft
I am looking for fully or part remote work.",Artist,Not Available,Not Available,1.0 years,2d artist,Djinni Recruitment Dataset (English Candidate Profiles),https://huggingface.co/datasets/lang-uk/recruitment-dataset-candidate-profiles-english,29ef3eab-2389-5987-835d-353f673552eb,anonymized,MIT License,2d artist i am a junior 2d artist from kyiv with a passion for games i ve worked on a variety of projects including environment design concept art and illustrations i believe my skills collaboration abilities and adaptability make me an excellent candidate for the game industry as a lifelong gamer i m actively seeking new opportunities in game development work experience 2021 till now freelance artist may 2017 mar 2020 content manager at maestro ticket system apr 2014 may 2017 content manager at internet agency artus jan 2014 apr 2014 content manager at design studio devart oct 2013 dec 2013 content manager at letflat may oct 2013 event manager at fortius qaulity group llc education bachelor of cultural studies courses aug 2022 nov 2022 advanced course gaming casual graphics from game station academy jul 2022 sep 2022 anatomy for the artist from artcraft oct 2020 dec 2020 comics drawing course from artcraft may 2020 sep 2020 digital drawing course from artcraft i am looking for fully or part remote work 1 0 years
DJINNI-a835e4ef-a3df-5f6e-97dc-396b14ab1bdd,"I am a middle 2D and 3d artist. I am hardworking quick-learner, open for new experience. I make 3d models and render of props for different games, concept.
Work mostly in Photoshop, sometimes use 3d software for mockups. Currently learning Blender.",Other,Not Available,Not Available,1.5 years,2d artist,Djinni Recruitment Dataset (English Candidate Profiles),https://huggingface.co/datasets/lang-uk/recruitment-dataset-candidate-profiles-english,a835e4ef-a3df-5f6e-97dc-396b14ab1bdd,anonymized,MIT License,2d artist i am a middle 2d and 3d artist i am hardworking quick learner open for new experience i make 3d models and render of props for different games concept work mostly in photoshop sometimes use 3d software for mockups currently learning blender 1 5 years
DJINNI-7d0c0fc7-8589-5ae8-b7e1-bff54acb0330,"I am glad I managed to learn storytelling that allows me to better communicate through my art Apart from it, I am happy that I gained a diverse experience in different branches of art and design. This diverse attitude allows me to keep my eyes open and to alter my worflow as well as stylistic choices to the preference of the lead artist or the customer.
I am a multi-faceted 2d digital artist with a solid academic as well as tech knowledge. My experience ranges from branding to creating concept art for games to storyboarding. 
My best areas of expertise are illustration, cover art & character design.

I would gladly contribute to the creation of your projects, such as games (boarding included), animatics, promo art, etc.

My portfolio https://www.artstation.com/darkellaine/albums/all
Both small teams and big companies make good products, I am open to your suggestions. I prefer to work on projects but will not reject the proposition of a long collaboration.",Other,Not Available,Not Available,3.0 years,2d artist,Djinni Recruitment Dataset (English Candidate Profiles),https://huggingface.co/datasets/lang-uk/recruitment-dataset-candidate-profiles-english,7d0c0fc7-8589-5ae8-b7e1-bff54acb0330,anonymized,MIT License,2d artist i am glad i managed to learn storytelling that allows me to better communicate through my art apart from it i am happy that i gained a diverse experience in different branches of art and design this diverse attitude allows me to keep my eyes open and to alter my worflow as well as stylistic choices to the preference of the lead artist or the customer i am a multi faceted 2d digital artist with a solid academic as well as tech knowledge my experience ranges from branding to creating concept art for games to storyboarding my best areas of expertise are illustration cover art character design i would gladly contribute to the creation of your projects such as games boarding included animatics promo art etc my portfolio both small teams and big companies make good products i am open to your suggestions i prefer to work on projects but will not reject the proposition of a long collaboration 3 0 years
DJINNI-4cf1c5f4-7976-50ed-984a-067271ecf104,"10 years of experience in drawing. There is an understanding of composition, color and so on.
I am an artist with 10 years of experience in airbrushing. I recently switched to digital drawing. I draw on an iPad and on a graphics tablet. I work quickly. I will be glad to cooperate.",Artist,Not Available,Not Available,0.5 years,2d artist,Djinni Recruitment Dataset (English Candidate Profiles),https://huggingface.co/datasets/lang-uk/recruitment-dataset-candidate-profiles-english,4cf1c5f4-7976-50ed-984a-067271ecf104,anonymized,MIT License,2d artist 10 years of experience in drawing there is an understanding of composition color and so on i am an artist with 10 years of experience in airbrushing i recently switched to digital drawing i draw on an ipad and on a graphics tablet i work quickly i will be glad to cooperate 0 5 years
DJINNI-fbb96ab9-66bf-5686-a748-6dab67b7cac2,"I am an illustrator for two years. I worked like freelancer on Upwork and Fiverr. 

- illustration of children books
- creating illustrations for sites 
- comics for publication in instagram and for print
- concept art of character
- designs for social media
Also, some of my works were included in the illustration exhibition. 
I use such programs as Photoshop, InDesign, Illustrator, Figma, After Effects.",Artist,Not Available,Not Available,3.0 years,2d artist,Djinni Recruitment Dataset (English Candidate Profiles),https://huggingface.co/datasets/lang-uk/recruitment-dataset-candidate-profiles-english,fbb96ab9-66bf-5686-a748-6dab67b7cac2,anonymized,MIT License,2d artist i am an illustrator for two years i worked like freelancer on upwork and fiverr illustration of children books creating illustrations for sites comics for publication in instagram and for print concept art of character designs for social media also some of my works were included in the illustration exhibition i use such programs as photoshop indesign illustrator figma after effects 3 0 years
DJINNI-e89de226-4a95-5425-8b24-dbc0eb8033b2,"I have just learnt Blender and i have nice experience in Photoshop
I am a passionate 2d artist from Ukraine and I am currently looking for a job in game development.
I have nice knowledge of Photoshop and some basic knowledge in 3D soft like Blender. I am able to do simple 3d models, drawing over 3d models, can do concepts, props, characters, splash screens, fake screens of gameplay, backgrounds, marketing art, isometry, simple UI and icons in casual style.
Completed courses 
CG Basics Smirnov school
Materials render Sminov school
Game graphics ArtCraft

I have some experience in recruiting in gamedev company
Currently looking for a job as 2d artist, will be glad to do any kind of test task
I am looking for a remote job or full time in Warsaw",Artist,Not Available,Not Available,1.5 years,2d artist,Djinni Recruitment Dataset (English Candidate Profiles),https://huggingface.co/datasets/lang-uk/recruitment-dataset-candidate-profiles-english,e89de226-4a95-5425-8b24-dbc0eb8033b2,anonymized,MIT License,2d artist i have just learnt blender and i have nice experience in photoshop i am a passionate 2d artist from ukraine and i am currently looking for a job in game development i have nice knowledge of photoshop and some basic knowledge in 3d soft like blender i am able to do simple 3d models drawing over 3d models can do concepts props characters splash screens fake screens of gameplay backgrounds marketing art isometry simple ui and icons in casual style completed courses cg basics smirnov school materials render sminov school game graphics artcraft i have some experience in recruiting in gamedev company currently looking for a job as 2d artist will be glad to do any kind of test task i am looking for a remote job or full time in warsaw 1 5 years
DJINNI-2aadd42c-094d-5f27-90dd-46e8a8faab06,"I don't whine.
I am searching for an artist’s job, because I really like to draw. I can join this company for hardcore, adventures, skills and money. Also, it will be great for me, to meet a new people and get valuable experience.  
 
SKILLS

· Digital drawing (raster and vector graphics); 
 · Adobe design programs ;  
 · Creating 2d graphics (for ex., I have experience in drawing items, icons, backgrounds, concept arts, characters, banners etc.); 
 · Sketching;
 · Drawing textures for 3d models / UV layouting (have experience with Blender);
 · Knowledge of the color theory;
 · Teamwork; 
 · Graphic design;
 · UI/UX design; 
 · Gamedesign (initial lev.); 

PORTFOLIO

Bёhance    https://www.behance.net/Volka_Mey 
Fiverr         https://www.fiverr.com/",Design,Not Available,Not Available,2.0 years,2d artist,Djinni Recruitment Dataset (English Candidate Profiles),https://huggingface.co/datasets/lang-uk/recruitment-dataset-candidate-profiles-english,2aadd42c-094d-5f27-90dd-46e8a8faab06,anonymized,MIT License,2d artist i don t whine i am searching for an artist s job because i really like to draw i can join this company for hardcore adventures skills and money also it will be great for me to meet a new people and get valuable experience skills digital drawing raster and vector graphics adobe design programs creating 2d graphics for ex i have experience in drawing items icons backgrounds concept arts characters banners etc sketching drawing textures for 3d models uv layouting have experience with blender knowledge of the color theory teamwork graphic design ui ux design gamedesign initial lev portfolio b hance fiverr 2 0 years
DJINNI-1da834e0-6d32-5f0f-8c28-1d549fab7a71,"Achievements for me are the most diverse projects that have provided a broad experience and a foundation for adaptability and creativity. For example, collaboration with one of Europe's leading cryptocurrency exchanges, Wallfare, and creating arcade games for them, working with co-producers from Hollywood who worked on James Bond films (this is not fiction, I can prove it). The biggest achievements are the wide range of projects, all very different but all in one direction - 2D art - that I have already completed.
I can name several types of projects that I have experience working on in 2D. I have experience in creating simple arcade games for the cryptocurrency network, creating illustrations for a card game, working on various NFT projects, and creating game backgrounds and locations for games similar to Among Us. I also have experience in UI development and concept art.",Artist,Not Available,Not Available,3.0 years,2d artist,Djinni Recruitment Dataset (English Candidate Profiles),https://huggingface.co/datasets/lang-uk/recruitment-dataset-candidate-profiles-english,1da834e0-6d32-5f0f-8c28-1d549fab7a71,anonymized,MIT License,2d artist achievements for me are the most diverse projects that have provided a broad experience and a foundation for adaptability and creativity for example collaboration with one of europe s leading cryptocurrency exchanges wallfare and creating arcade games for them working with co producers from hollywood who worked on james bond films this is not fiction i can prove it the biggest achievements are the wide range of projects all very different but all in one direction 2d art that i have already completed i can name several types of projects that i have experience working on in 2d i have experience in creating simple arcade games for the cryptocurrency network creating illustrations for a card game working on various nft projects and creating game backgrounds and locations for games similar to among us i also have experience in ui development and concept art 3 0 years
DJINNI-0c1b268a-b949-5519-acb2-b9b22f758cac,"I am very interested in pursuing this exceptional opportunity. I really want to develop in the direction of 2D Artist.
It is a challenging position for which I believe I am well qualified. I am ready to work as an independent specialist. If I am offered this position, I will be ready to hit the ground running and help Your Company exceed its own expectations for success.
I completed the course from Artcraft School and received a Digital Drawing Online certificate. I independently studied Workshop`s on ConceptArt and 2D Render from Artcraft School.
I confidently use a graphics tablet and Photoshop programs and have basic knowledge of working with the program Blender3D.
Now I work on freelance sites.",Design,Not Available,Not Available,0.5 years,2d artist,Djinni Recruitment Dataset (English Candidate Profiles),https://huggingface.co/datasets/lang-uk/recruitment-dataset-candidate-profiles-english,0c1b268a-b949-5519-acb2-b9b22f758cac,anonymized,MIT License,2d artist i am very interested in pursuing this exceptional opportunity i really want to develop in the direction of 2d artist it is a challenging position for which i believe i am well qualified i am ready to work as an independent specialist if i am offered this position i will be ready to hit the ground running and help your company exceed its own expectations for success i completed the course from artcraft school and received a digital drawing online certificate i independently studied workshop s on conceptart and 2d render from artcraft school i confidently use a graphics tablet and photoshop programs and have basic knowledge of working with the program blender3d now i work on freelance sites 0 5 years
DJINNI-54584663-2996-5f1b-8e10-c84e53c05aa4,"- Novovolynsk School of Arts with honors.
- Professionally engaged in equestrian sports (Class B 10/10)
- I draw in Krita
- I'm learning to work in Photoshop and Illustrator
- I work at Wacom Intuos Art
- I did an internship as an 2d illustrator
Hello, dear recruiter!
My name is Mariana and I am 18 years old.
I am looking for a remote internship related to design not for full-time work.
I really like drawing, I have a graphic tablet Wakom Intous Art.
I draw at Krita and am currently studying Photoshop and Illustrator.
I am a graduate of the Novovolynsk School of Arts. (with honors!)
I believe that I have a talent for drawing, I am looking for a company that will help me with it.
I am also happy to work as a freelancer.",Artist,Not Available,Not Available,1.5 years,2d artist,Djinni Recruitment Dataset (English Candidate Profiles),https://huggingface.co/datasets/lang-uk/recruitment-dataset-candidate-profiles-english,54584663-2996-5f1b-8e10-c84e53c05aa4,anonymized,MIT License,2d artist novovolynsk school of arts with honors professionally engaged in equestrian sports class b 10 10 i draw in krita i m learning to work in photoshop and illustrator i work at wacom intuos art i did an internship as an 2d illustrator hello dear recruiter my name is mariana and i am 18 years old i am looking for a remote internship related to design not for full time work i really like drawing i have a graphic tablet wakom intous art i draw at krita and am currently studying photoshop and illustrator i am a graduate of the novovolynsk school of arts with honors i believe that i have a talent for drawing i am looking for a company that will help me with it i am also happy to work as a freelancer 1 5 years
DJINNI-5313f067-843b-5bd5-b530-1eaaedf0f64f,"I finished 8 years of study with excellent grades.  During the period of work in architecture l worked on the project of the largest shopping center in Western Europe ""Republic"".  During the last years and work with serious working drawings, I have not lost the thirst for beauty and the desire to learn and develop new abilities.  I am punctual, organized, friendly, easy to work in a team, I have no bad habits, I love sports, I love and try to draw almost every day.
I graduated from Kyiv National University of Civil Engineering and Architecture with a degree in architecture.  At university I studied composition, painting, color.  I have experience as a graphic designer in a lighting design studio (one year and 6 months), where my tasks were - freehand design of decorative lighting projects in interiors, design projects in Photoshop.  I also have 2 years of experience as an architect of master plans, where the main tasks were - development of working drawings of landscaping plans, development of master plans of residential complexes and shopping center, development of landscaping and coatings in ArchiCAD, modeling in SketchUp landscaping.  I have been painting in traditional techniques (acrylic, oil, graphics) for 12 years.  I've always been interested in drawing, 2D graphics and the gaming industry.  That's why I decided to make my dream come true.  I have been drawing on a graphics tablet in Procreate and Photoshop for 2 years.  I want to develop my drawing and digital drawing and illustration skills.  I’m ready to study new programs and to constantly work on her skills.",Artist,Not Available,Not Available,2.5 years,2d artist,Djinni Recruitment Dataset (English Candidate Profiles),https://huggingface.co/datasets/lang-uk/recruitment-dataset-candidate-profiles-english,5313f067-843b-5bd5-b530-1eaaedf0f64f,anonymized,MIT License,2d artist i finished 8 years of study with excellent grades during the period of work in architecture l worked on the project of the largest shopping center in western europe republic during the last years and work with serious working drawings i have not lost the thirst for beauty and the desire to learn and develop new abilities i am punctual organized friendly easy to work in a team i have no bad habits i love sports i love and try to draw almost every day i graduated from kyiv national university of civil engineering and architecture with a degree in architecture at university i studied composition painting color i have experience as a graphic designer in a lighting design studio one year and 6 months where my tasks were freehand design of decorative lighting projects in interiors design projects in photoshop i also have 2 years of experience as an architect of master plans where the main tasks were development of working drawings of landscaping plans development of master plans of residential complexes and shopping center development of landscaping and coatings in archicad modeling in sketchup landscaping i have been painting in traditional techniques acrylic oil graphics for 12 years i ve always been interested in drawing 2d graphics and the gaming industry that s why i decided to make my dream come true i have been drawing on a graphics tablet in procreate and photoshop for 2 years i want to develop my drawing and digital drawing and illustration skills i m ready to study new programs and to constantly work on her skills 2 5 years
DJINNI-07241eb2-7fcf-5292-963e-a972b16bdd02,"As 2d artist with 4 years of experience had major accomplishments in mastering different styles of rendering, and different workflows for creating concepts art, and illustrations.
I had experience in making Concept characters art, environments, props, and illustration for marketing in different positions, and preparing files for animation. Primarily working with Photoshop, and have a basic knowledge of blender.
I don't want to create art for adult games",Other,Not Available,Not Available,4.0 years,2d artist,Djinni Recruitment Dataset (English Candidate Profiles),https://huggingface.co/datasets/lang-uk/recruitment-dataset-candidate-profiles-english,07241eb2-7fcf-5292-963e-a972b16bdd02,anonymized,MIT License,2d artist as 2d artist with 4 years of experience had major accomplishments in mastering different styles of rendering and different workflows for creating concepts art and illustrations i had experience in making concept characters art environments props and illustration for marketing in different positions and preparing files for animation primarily working with photoshop and have a basic knowledge of blender i don t want to create art for adult games 4 0 years
DJINNI-d2f78dbe-ca91-51bf-8f3a-0d1bd1bffce6,"I have 10 years experience as an engineer on TV, but i always dreamed to be a digital artist. I'm woking with graphic tablet for more then 5 years, using Photoshop. Finished course of 2d art, concept art in ""SkillUp"". Also i drow some stickers for Telegram app. for my friends.",Artist,Not Available,Not Available,0.5 years,2d artist,Djinni Recruitment Dataset (English Candidate Profiles),https://huggingface.co/datasets/lang-uk/recruitment-dataset-candidate-profiles-english,d2f78dbe-ca91-51bf-8f3a-0d1bd1bffce6,anonymized,MIT License,2d artist i have 10 years experience as an engineer on tv but i always dreamed to be a digital artist i m woking with graphic tablet for more then 5 years using photoshop finished course of 2d art concept art in skillup also i drow some stickers for telegram app for my friends 0 5 years
DJINNI-4040c547-ffcd-5b5d-9ecf-b223fd2e36f9,"I have 3 years freelancing experience and art education - strong understanding of art fundamentals such as color, light and form. Over this time I have been working with numerous clients from all over the world, have been creating concept art, book art, board game illustrations, illustrated successful Kickstarter project ""Sapience""
and painted interiors for two Big Bad booklets for HitPointPress. Worked in various art styles and genres: from sci-fi to fantasy art and realism. Worked from only a description\with photo references. Created character art, props, background art and illustrations. Became proficient in Photoshop and Procreate App. Learned how to both self manage and how to be a team player. Learned to be okay with changes and work in a fast-paced environment, supporting multiple projects.",Artist,Not Available,Not Available,3.0 years,2d artist,Djinni Recruitment Dataset (English Candidate Profiles),https://huggingface.co/datasets/lang-uk/recruitment-dataset-candidate-profiles-english,4040c547-ffcd-5b5d-9ecf-b223fd2e36f9,anonymized,MIT License,2d artist i have 3 years freelancing experience and art education strong understanding of art fundamentals such as color light and form over this time i have been working with numerous clients from all over the world have been creating concept art book art board game illustrations illustrated successful kickstarter project sapience and painted interiors for two big bad booklets for hitpointpress worked in various art styles and genres from sci fi to fantasy art and realism worked from only a description with photo references created character art props background art and illustrations became proficient in photoshop and procreate app learned how to both self manage and how to be a team player learned to be okay with changes and work in a fast paced environment supporting multiple projects 3 0 years
DJINNI-754748c3-399c-59f6-a347-7812b1a3c3e9,"- Worked on a known ukrainian mobile game project in my favourite genre (crafting/survival).
- Worked as the UI team leader on strategy game projects for social network/mobile platforms.
- I consider my personal achievement that I self-educated myself as 2d artist while worked on poultry farm. Now I'm working in gamedev.
I have 5 years of experience as a 2d artist in game development on projects in such genres as survival, strategy, tower defense, slot game, HOPA. Mainly worked on creating characters, game icons and ui elements. I use Adobe Photoshop for work, sometimes 3d software like 3d-coat.
Im looking for in-office/hybrid workspace model.",Artist,Not Available,Not Available,5.0 years,2d artist,Djinni Recruitment Dataset (English Candidate Profiles),https://huggingface.co/datasets/lang-uk/recruitment-dataset-candidate-profiles-english,754748c3-399c-59f6-a347-7812b1a3c3e9,anonymized,MIT License,2d artist worked on a known ukrainian mobile game project in my favourite genre crafting survival worked as the ui team leader on strategy game projects for social network mobile platforms i consider my personal achievement that i self educated myself as 2d artist while worked on poultry farm now i m working in gamedev i have 5 years of experience as a 2d artist in game development on projects in such genres as survival strategy tower defense slot game hopa mainly worked on creating characters game icons and ui elements i use adobe photoshop for work sometimes 3d software like 3d coat im looking for in office hybrid workspace model 5 0 years
DJINNI-ca81a455-3192-5e11-ac42-0c61831ab503,"I have a good understanding of working on projects for numerous companies and individuals.
I work with animation for numerous requests, creating illustrations and characters.
I have an understanding of how to create an attractive picture for advertising campaings, as well as a visually understandable structure of workflows.
I have good teamwork skills.",Artist,Not Available,Not Available,2.0 years,2d artist,Djinni Recruitment Dataset (English Candidate Profiles),https://huggingface.co/datasets/lang-uk/recruitment-dataset-candidate-profiles-english,ca81a455-3192-5e11-ac42-0c61831ab503,anonymized,MIT License,2d artist i have a good understanding of working on projects for numerous companies and individuals i work with animation for numerous requests creating illustrations and characters i have an understanding of how to create an attractive picture for advertising campaings as well as a visually understandable structure of workflows i have good teamwork skills 2 0 years
DJINNI-1d6ad698-7dd4-52af-9d68-285eae8df8f2,"I have been working as a 2d artist for the last 4 years.  I have experience working with casual projects, slots and HOPA games.  I also have experience working as 2D lead.
Open to work in various genres
I am not ready to cooperate with companies from Russia or Belarus",Artist,Not Available,Not Available,4.0 years,2d artist,Djinni Recruitment Dataset (English Candidate Profiles),https://huggingface.co/datasets/lang-uk/recruitment-dataset-candidate-profiles-english,1d6ad698-7dd4-52af-9d68-285eae8df8f2,anonymized,MIT License,2d artist i have been working as a 2d artist for the last 4 years i have experience working with casual projects slots and hopa games i also have experience working as 2d lead open to work in various genres i am not ready to cooperate with companies from russia or belarus 4 0 years
DJINNI-8399eb8a-3ccf-5e71-81f1-7b0144ad17e6,"One of the most fascinating job requests I have ever had was to create an art work at a cruise ship. You can see this work among others in my portfolio. What I liked with this experience the most is that it was created manually outside of the usage of software, and it is a rather unique experience for me as an artist.
I have been working as a freelance 2d artist for the last 12 months. 
I create a variety of art objects in different styles and on different subjects, so I consider my current style as generic, meaning - I get easily adapted to any requirements. Still, I prefer Japanese inspirational vibes, so that those works I recognize as my strengths. I will share a link to my portfolio upon request.
Japanese-related stuff, characters/environment creation, Gamedev involvement;
Ability to develop myself as a true professional in an environment focused on continuous improvement;
I would like to learn 3d modeling - my current level is beginner.",Artist,Not Available,Not Available,1.0 years,2d artist,Djinni Recruitment Dataset (English Candidate Profiles),https://huggingface.co/datasets/lang-uk/recruitment-dataset-candidate-profiles-english,8399eb8a-3ccf-5e71-81f1-7b0144ad17e6,anonymized,MIT License,2d artist one of the most fascinating job requests i have ever had was to create an art work at a cruise ship you can see this work among others in my portfolio what i liked with this experience the most is that it was created manually outside of the usage of software and it is a rather unique experience for me as an artist i have been working as a freelance 2d artist for the last 12 months i create a variety of art objects in different styles and on different subjects so i consider my current style as generic meaning i get easily adapted to any requirements still i prefer japanese inspirational vibes so that those works i recognize as my strengths i will share a link to my portfolio upon request japanese related stuff characters environment creation gamedev involvement ability to develop myself as a true professional in an environment focused on continuous improvement i would like to learn 3d modeling my current level is beginner 1 0 years
DJINNI-5ce854ca-b186-565b-96e6-1dc3bae344a7,"Bachelors art degree
I have experience with visual novels, casual art, character design and backgrounds. My additional software that helps me to optimise my pipeline is Blender and Stable diffusion.
Currently I’m working with outsource and freelance projects.
Human characters and backgrounds",Other,Not Available,Not Available,2.0 years,2d artist,Djinni Recruitment Dataset (English Candidate Profiles),https://huggingface.co/datasets/lang-uk/recruitment-dataset-candidate-profiles-english,5ce854ca-b186-565b-96e6-1dc3bae344a7,anonymized,MIT License,2d artist bachelors art degree i have experience with visual novels casual art character design and backgrounds my additional software that helps me to optimise my pipeline is blender and stable diffusion currently i m working with outsource and freelance projects human characters and backgrounds 2 0 years
DJINNI-985b5093-7583-52b3-9a8e-b76f9707f548,"I have experience working with illustrations for web projects, in addition to making skins for game projects. I have a high anatomical base, laid in the Academy of Arts. I worked on illustrations for websites with game themes, but I can also work with illustrations for social networks and books.",Artist,Not Available,Not Available,2.0 years,2d artist,Djinni Recruitment Dataset (English Candidate Profiles),https://huggingface.co/datasets/lang-uk/recruitment-dataset-candidate-profiles-english,985b5093-7583-52b3-9a8e-b76f9707f548,anonymized,MIT License,2d artist i have experience working with illustrations for web projects in addition to making skins for game projects i have a high anatomical base laid in the academy of arts i worked on illustrations for websites with game themes but i can also work with illustrations for social networks and books 2 0 years
DJINNI-32c322d9-50f7-5779-9de9-a00bbca9a650,"I have extensive experience as a graphic designer and web designer, but now I really want to work as an artist. I have an artistic education and drawing skills, little experience in executing digital drawing orders as a freelancer. I really want to grow and develop in digital art
I understand that I have a not really big and strong art portfolio so I am ready to make a test.
I want work as CG artist and improve my skills to make a great quality art as possible",Other,Not Available,Not Available,0.0 years,2d artist,Djinni Recruitment Dataset (English Candidate Profiles),https://huggingface.co/datasets/lang-uk/recruitment-dataset-candidate-profiles-english,32c322d9-50f7-5779-9de9-a00bbca9a650,anonymized,MIT License,2d artist i have extensive experience as a graphic designer and web designer but now i really want to work as an artist i have an artistic education and drawing skills little experience in executing digital drawing orders as a freelancer i really want to grow and develop in digital art i understand that i have a not really big and strong art portfolio so i am ready to make a test i want work as cg artist and improve my skills to make a great quality art as possible 0 0 years
DJINNI-a9ae90bd-f212-5c4d-a293-1c0d9822e1dd,"I have over 3 years of experience. During this time, I have worked on casual and hardcore game projects for the mass market. I can create concepts for characters, backgrounds, game elements. I can successfully finalize all stages of graphic design from concept to final stage. Also, I have experience with animations, in particular, character skin animations and object animations. For specific graphics tasks, I can apply 3D modeling techniques to create characters and environments. For many other tasks, I can practice a vector program (illustrator) to create icons, objects, etc.
i don't want to work on the casino projects, slots and the same type",Design,Not Available,Not Available,3.0 years,2d artist,Djinni Recruitment Dataset (English Candidate Profiles),https://huggingface.co/datasets/lang-uk/recruitment-dataset-candidate-profiles-english,a9ae90bd-f212-5c4d-a293-1c0d9822e1dd,anonymized,MIT License,2d artist i have over 3 years of experience during this time i have worked on casual and hardcore game projects for the mass market i can create concepts for characters backgrounds game elements i can successfully finalize all stages of graphic design from concept to final stage also i have experience with animations in particular character skin animations and object animations for specific graphics tasks i can apply 3d modeling techniques to create characters and environments for many other tasks i can practice a vector program illustrator to create icons objects etc i don t want to work on the casino projects slots and the same type 3 0 years
DJINNI-7363529c-0a93-5e7c-91b5-226803ffc14e,"I have over 9 years of experience working in video game industry, which allowed me to create an extensive portfolio of accomplishments. 

I've been a freelancer for the past year and worked on creating photorealistic images, 3D assets, UI and marketing art as well as backgrounds and characters with cartoony style.
I’m confident that I have the work ethic, drive and time management skills.",Artist,Not Available,Not Available,9.0 years,2d artist,Djinni Recruitment Dataset (English Candidate Profiles),https://huggingface.co/datasets/lang-uk/recruitment-dataset-candidate-profiles-english,7363529c-0a93-5e7c-91b5-226803ffc14e,anonymized,MIT License,2d artist i have over 9 years of experience working in video game industry which allowed me to create an extensive portfolio of accomplishments i ve been a freelancer for the past year and worked on creating photorealistic images 3d assets ui and marketing art as well as backgrounds and characters with cartoony style i m confident that i have the work ethic drive and time management skills 9 0 years
DJINNI-e39fd8fa-f55e-54f4-89aa-9ff664f08154,"I appreciate my imagination and I admire my desire for digital art.
I have practically no experience in this specialty, but I am a digital artist who can draw everything that the soul desires. I have games in the project that I draw and create animations for them. I’m almost a pro in Photoshop and I understand Adobe After Effects and some 3D programs.
my goal is to develop. I am ready to work both in large and small projects for me the main thing is that I will be engaged in my favorite activities and will evolve in this. ideally, I want to work in the gamedev industry, but also interesting films and cartoons.",Artist,Not Available,Not Available,0.5 years,2d artist,Djinni Recruitment Dataset (English Candidate Profiles),https://huggingface.co/datasets/lang-uk/recruitment-dataset-candidate-profiles-english,e39fd8fa-f55e-54f4-89aa-9ff664f08154,anonymized,MIT License,2d artist i appreciate my imagination and i admire my desire for digital art i have practically no experience in this specialty but i am a digital artist who can draw everything that the soul desires i have games in the project that i draw and create animations for them i m almost a pro in photoshop and i understand adobe after effects and some 3d programs my goal is to develop i am ready to work both in large and small projects for me the main thing is that i will be engaged in my favorite activities and will evolve in this ideally i want to work in the gamedev industry but also interesting films and cartoons 0 5 years
DJINNI-312b8810-bdc3-51a4-a318-5d014539b43e,"I have worked at Fable Labs, Vintage Web Prodaction, Uni-bit studio, Twin win, and more. For 3 years of work, I have drawn a lot of slots, mach3 games, characters, Logos, cover illustrations from start to finish. I especially love drawing characters and can play with their characters and moods, and work with materials, clothes hair. I can draw storyboards and narratives, prepare graphics for animation. I know how to work consistently from sketch to final. Art education and knowledge of anatomy and other basics.",Other,Not Available,Not Available,4.0 years,2d artist,Djinni Recruitment Dataset (English Candidate Profiles),https://huggingface.co/datasets/lang-uk/recruitment-dataset-candidate-profiles-english,312b8810-bdc3-51a4-a318-5d014539b43e,anonymized,MIT License,2d artist i have worked at fable labs vintage web prodaction uni bit studio twin win and more for 3 years of work i have drawn a lot of slots mach3 games characters logos cover illustrations from start to finish i especially love drawing characters and can play with their characters and moods and work with materials clothes hair i can draw storyboards and narratives prepare graphics for animation i know how to work consistently from sketch to final art education and knowledge of anatomy and other basics 4 0 years
DJINNI-614f4d30-e91c-5366-ab0e-d95e94b6e5d0,"Worked on creating book covers, that was published after.
Created a few backgrounds for card game.
Have a big experience working with private clients.
Illustrations, Concept Art, Character Art, Background.
 

I have experience in drawing character portraits and character concepts, backgrounds for card game, illustrations for book covers.

Portfolio: https://aizel_kon.artstation.com
Creating game art: character concepts, illustrations, props and backgrounds. 

Friendly atmosphere and professional growth.",Unity,Not Available,Not Available,2.0 years,2d artist,Djinni Recruitment Dataset (English Candidate Profiles),https://huggingface.co/datasets/lang-uk/recruitment-dataset-candidate-profiles-english,614f4d30-e91c-5366-ab0e-d95e94b6e5d0,anonymized,MIT License,2d artist worked on creating book covers that was published after created a few backgrounds for card game have a big experience working with private clients illustrations concept art character art background i have experience in drawing character portraits and character concepts backgrounds for card game illustrations for book covers portfolio creating game art character concepts illustrations props and backgrounds friendly atmosphere and professional growth 2 0 years
DJINNI-679e61b2-0a7f-58d6-8c94-d77f4105635f,"I'm a 2d artist focusing on casual game art and illustration.
Working on a full cycle art development for a games: UI, characters, environment and props, creatives for advertising, logo and icons
Creating animation and visual effects for the game scene.",Artist,Not Available,Not Available,2.5 years,2d artist,Djinni Recruitment Dataset (English Candidate Profiles),https://huggingface.co/datasets/lang-uk/recruitment-dataset-candidate-profiles-english,679e61b2-0a7f-58d6-8c94-d77f4105635f,anonymized,MIT License,2d artist i m a 2d artist focusing on casual game art and illustration working on a full cycle art development for a games ui characters environment and props creatives for advertising logo and icons creating animation and visual effects for the game scene 2 5 years
DJINNI-080fa467-5019-5145-a027-8cea0f692a6f,"I'm a 2D artist with 10 + years of experience in the gaming industry. I focus on drawing characters, backgrounds, icons, and illustrations. I'm the person who can draw from scratch: starting with the concept and providing final art.  Have experience in team management (12 artists).

Working with me you may be totally sure that I have: 
- strong understanding of proportion, composition, color theory, lighting, and both character and environment design
- ability to draw by hand and experience of working with a pen tablet
- experience of drawing characters 
- experience of drawing landscapes/backgrounds/mini-games and much more 
- experience of drawing slots 
- experience of drawing HO (hidden object games)
- experience in preparation of 2D-artworks for animation
- experience in team management (Team Lead, 12 artists) 

You may see some of my works in Microgaming slots (but I've signed the NDA and I can't give you a link here )

Also, you may see some of my works in ERS games studios projects. 

Also, I was working with Whale App projects. 

Can't wait to hear from you, dear future co-workers )
Cheers!",Artist,Not Available,Not Available,11.0 years,2d artist,Djinni Recruitment Dataset (English Candidate Profiles),https://huggingface.co/datasets/lang-uk/recruitment-dataset-candidate-profiles-english,080fa467-5019-5145-a027-8cea0f692a6f,anonymized,MIT License,2d artist i m a 2d artist with 10 years of experience in the gaming industry i focus on drawing characters backgrounds icons and illustrations i m the person who can draw from scratch starting with the concept and providing final art have experience in team management 12 artists working with me you may be totally sure that i have strong understanding of proportion composition color theory lighting and both character and environment design ability to draw by hand and experience of working with a pen tablet experience of drawing characters experience of drawing landscapes backgrounds mini games and much more experience of drawing slots experience of drawing ho hidden object games experience in preparation of 2d artworks for animation experience in team management team lead 12 artists you may see some of my works in microgaming slots but i ve signed the nda and i can t give you a link here also you may see some of my works in ers games studios projects also i was working with whale app projects can t wait to hear from you dear future co workers cheers 11 0 years
DJINNI-940c8fef-1ae0-5f71-920a-45c170575573,"I’m learning 2d painting in photoshop. Will be searching for vacations in few months. 
Interested in gamedev production
Im a photographer that always dreamed to paint. Now im learning 2d illustration in photoshop, and after few months want to find job in gamedev projects",Design,Not Available,Not Available,0.5 years,2d artist,Djinni Recruitment Dataset (English Candidate Profiles),https://huggingface.co/datasets/lang-uk/recruitment-dataset-candidate-profiles-english,940c8fef-1ae0-5f71-920a-45c170575573,anonymized,MIT License,2d artist i m learning 2d painting in photoshop will be searching for vacations in few months interested in gamedev production im a photographer that always dreamed to paint now im learning 2d illustration in photoshop and after few months want to find job in gamedev projects 0 5 years
DJINNI-4cea975f-3a8c-59ea-ac76-3f1ac2f4f110,"I'm creative and passionate 2D artist focused on work in game
development area. I'm open-minded and always ready to learn
something new.

My experience as Freelance 2D Artist:
Created props for mobiles games
Created assets and ui elements
Created isometric scenery",Artist,Not Available,Not Available,1.0 years,2d artist,Djinni Recruitment Dataset (English Candidate Profiles),https://huggingface.co/datasets/lang-uk/recruitment-dataset-candidate-profiles-english,4cea975f-3a8c-59ea-ac76-3f1ac2f4f110,anonymized,MIT License,2d artist i m creative and passionate 2d artist focused on work in game development area i m open minded and always ready to learn something new my experience as freelance 2d artist created props for mobiles games created assets and ui elements created isometric scenery 1 0 years
DJINNI-42b332ba-2756-5382-8f1f-aab1b2ac7d47,"2014-2016 - I have been taking the “New Morphology” online course (coach’s name – Leo Hao http://leohao.ru) since autumn 2015. I won my place there through the artwork contest with the competition reaching as many as 60 applicants per place.

2015 – Art School part-time study.

2018 – I've participated Character Concept Art training from Arman Akopian (GUYJIN) https://www.youtube.com/watch?v=CkGrtGP_9ZU

Still learning new technics from experienced artists such as: Maxim Verehin, Brad Rigney, John Sweeney etc.

My backgroung allows me to recieve huge experience of public mentorship, workshops, seminars, conferences etc.

Also I'm expirienced with customer negotiation. 

Ready to be an active player on a short distance with my team.
I’m glad to introduce myself as 2D Artist candidate.  I find a lot of satisfaction in drawing with more than 7 years commitment to computer graphics. Besides, I have a highly developed skill of pencil drawing, vast experience with Wacom graphic tablets (models ranging from Bamboo to Cintiq), excellent command of 2D CG software (Photoshop, Corel Painter etc.) and beginner level of 3D software such as 3DSMax. I have strong understanding of how to be a part of a team, realizing my role and feel the importance of deadlines. Also, I have a firsthand experience of work in various international teams from Germany, France, Belgium, Luxemburg, US etc.
My art related work was freelance mostly, my background is automation system development and management, which is far from art creating but the same time it allows me to build my strong art skills at free time. I did few character concepts, seweral illustrations and prepared texture map for predefined UV map.
I'd like to participate the team who need my skills with Character Design, Hand painted props and hero based illustrations.
It is hard to me to create environment based art.",Design,Not Available,Not Available,0.5 years,2d artist,Djinni Recruitment Dataset (English Candidate Profiles),https://huggingface.co/datasets/lang-uk/recruitment-dataset-candidate-profiles-english,42b332ba-2756-5382-8f1f-aab1b2ac7d47,anonymized,MIT License,2d artist 2014 2016 i have been taking the new morphology online course coach s name leo hao since autumn 2015 i won my place there through the artwork contest with the competition reaching as many as 60 applicants per place 2015 art school part time study 2018 i ve participated character concept art training from arman akopian guyjin still learning new technics from experienced artists such as maxim verehin brad rigney john sweeney etc my backgroung allows me to recieve huge experience of public mentorship workshops seminars conferences etc also i m expirienced with customer negotiation ready to be an active player on a short distance with my team i m glad to introduce myself as 2d artist candidate i find a lot of satisfaction in drawing with more than 7 years commitment to computer graphics besides i have a highly developed skill of pencil drawing vast experience with wacom graphic tablets models ranging from bamboo to cintiq excellent command of 2d cg software photoshop corel painter etc and beginner level of 3d software such as 3dsmax i have strong understanding of how to be a part of a team realizing my role and feel the importance of deadlines also i have a firsthand experience of work in various international teams from germany france belgium luxemburg us etc my art related work was freelance mostly my background is automation system development and management which is far from art creating but the same time it allows me to build my strong art skills at free time i did few character concepts seweral illustrations and prepared texture map for predefined uv map i d like to participate the team who need my skills with character design hand painted props and hero based illustrations it is hard to me to create environment based art 0 5 years
DJINNI-7be64094-99f0-59c2-b80d-7f04cfa4b6e9,"I`m self-tought 2d artist freelancer on fiverr with a 3+ years of drawing expierence, have 400+ reviews, all positive. I draw in cartoony and anime styles. I have great soft skills and basic hard skills. All my work career I worked as selfemloyed in different types of sales.",Artist,Not Available,Not Available,2.5 years,2d artist,Djinni Recruitment Dataset (English Candidate Profiles),https://huggingface.co/datasets/lang-uk/recruitment-dataset-candidate-profiles-english,7be64094-99f0-59c2-b80d-7f04cfa4b6e9,anonymized,MIT License,2d artist i m self tought 2d artist freelancer on fiverr with a 3 years of drawing expierence have 400 reviews all positive i draw in cartoony and anime styles i have great soft skills and basic hard skills all my work career i worked as selfemloyed in different types of sales 2 5 years
DJINNI-9cc56619-44e2-5544-ac30-57d8317bef1c,"I am currently on a GAMING CASUAL GRAPHICS course
I am educated in ui/ux and graduated in graphic design
I've been working freelance for over a year, painting for over five years.

Photoshop | Illustrator | Figma
SERVICE:
 Brand character development
 Book Illustration.
 Cover design
 Game design
 Portrait design
 Flat illustration
Every day I take on something difficult for me and do it 100%. I'm ready to keep evolving every day and only get better",Artist,Not Available,Not Available,1.0 years,2d artist,Djinni Recruitment Dataset (English Candidate Profiles),https://huggingface.co/datasets/lang-uk/recruitment-dataset-candidate-profiles-english,9cc56619-44e2-5544-ac30-57d8317bef1c,anonymized,MIT License,2d artist i am currently on a gaming casual graphics course i am educated in ui ux and graduated in graphic design i ve been working freelance for over a year painting for over five years photoshop illustrator figma service brand character development book illustration cover design game design portrait design flat illustration every day i take on something difficult for me and do it 100 i m ready to keep evolving every day and only get better 1 0 years
DJINNI-70105d89-051f-50ca-877f-8176d6525fc7,"I participated in more then 10 published project. I worked with customers from many countries as a freelancer and they were satisfied by the results of our co-operation.
I've have been working in game development since 2010. I participated in different projects in Ukraine, Russia, USA, Canada, Singapore. I created different art for projects - characters, icons, loaders, illustrations, etc. Also I have experience in 3D modeling (3D Max and Z-brash).
I hope to make really cool stuff for games. Most of all I prefer to create characters. but alos I like interesting illustration and other art.",Design,Not Available,Not Available,5.0 years,2d artist,Djinni Recruitment Dataset (English Candidate Profiles),https://huggingface.co/datasets/lang-uk/recruitment-dataset-candidate-profiles-english,70105d89-051f-50ca-877f-8176d6525fc7,anonymized,MIT License,2d artist i participated in more then 10 published project i worked with customers from many countries as a freelancer and they were satisfied by the results of our co operation i ve have been working in game development since 2010 i participated in different projects in ukraine russia usa canada singapore i created different art for projects characters icons loaders illustrations etc also i have experience in 3d modeling 3d max and z brash i hope to make really cool stuff for games most of all i prefer to create characters but alos i like interesting illustration and other art 5 0 years
DJINNI-743476ad-8d25-5bf7-8080-60163595ef3d,"I am willing to learn new things and improve existing skills. I have changed my field of activity and am moving forward.
I worked as a teacher at the Kiev National University of Construction and Architecture: I conducted classes with architectural design, composition and other subjects for students of architects.

I have an academic base for drawing. I successfully completed digital drawing courses in 2020. I work on a graphics tablet in Photoshop. I have plans to study the 3D package.
I want to work on a game project. First, in the studio for the manufacture of mobile games, then in the studio with AAA games. Work in office.",Unity,Not Available,Not Available,0.0 years,2d artist,Djinni Recruitment Dataset (English Candidate Profiles),https://huggingface.co/datasets/lang-uk/recruitment-dataset-candidate-profiles-english,743476ad-8d25-5bf7-8080-60163595ef3d,anonymized,MIT License,2d artist i am willing to learn new things and improve existing skills i have changed my field of activity and am moving forward i worked as a teacher at the kiev national university of construction and architecture i conducted classes with architectural design composition and other subjects for students of architects i have an academic base for drawing i successfully completed digital drawing courses in 2020 i work on a graphics tablet in photoshop i have plans to study the 3d package i want to work on a game project first in the studio for the manufacture of mobile games then in the studio with aaa games work in office 0 0 years
DJINNI-91ef1c83-08dc-5617-98df-df2165f85308,"I worked on comicbook projects 
Character design, simple logo design, anime art",Artist,Not Available,Not Available,2.0 years,2d artist,Djinni Recruitment Dataset (English Candidate Profiles),https://huggingface.co/datasets/lang-uk/recruitment-dataset-candidate-profiles-english,91ef1c83-08dc-5617-98df-df2165f85308,anonymized,MIT License,2d artist i worked on comicbook projects character design simple logo design anime art 2 0 years
DJINNI-e2d995ae-689b-5bde-a78e-8b0b4eab0a45,"I work in Adobe Photoshop using raster and vector graphics. My latest duties included:
- Working on full lifecycle of delivering buildings and objects of casual style in isometry, from providing selection of sketches to the final render
- Processing and getting files ready for 2D animation team
- Creating concepts of maps, rendering locations
- Final rendering of provided 3D models of buildings and characters for production stage (rendering of materials, correcting lightning and shadows)
- Creating abstract backgrounds, icons and elements of UI",Artist,Not Available,Not Available,2.0 years,2d artist,Djinni Recruitment Dataset (English Candidate Profiles),https://huggingface.co/datasets/lang-uk/recruitment-dataset-candidate-profiles-english,e2d995ae-689b-5bde-a78e-8b0b4eab0a45,anonymized,MIT License,2d artist i work in adobe photoshop using raster and vector graphics my latest duties included working on full lifecycle of delivering buildings and objects of casual style in isometry from providing selection of sketches to the final render processing and getting files ready for 2d animation team creating concepts of maps rendering locations final rendering of provided 3d models of buildings and characters for production stage rendering of materials correcting lightning and shadows creating abstract backgrounds icons and elements of ui 2 0 years
DJINNI-de5888be-c9e6-543a-8bce-11aa09b5352e,"January-July 2013 - 2d artist in Skywind Games 
Project: Dark Angels: Masquerade of Shadows - Hidden Objects.
 
August 15, 2013 - December 25, 2018 - 2d artist in New Bridge Games
Projects: 
- Mosaics Galore
- Mahjong Magic Journey
- Carnival Mahjong
- Mahjong: Wolf Stories
- The Musketeers - Victoria's Quest
- Incredible Dracula: Chasing Love
- Incredible Dracula II: The Last Call
- Incredible Dracula III: Family Secret
- Incredible Dracula 4: Games Of Gods
- Royal Life: Hard to be a Queen. 
In this job, I performed various tasks (icons, characters, isometric objects, backgrounds)

December 2018 - May 2018 - freelance

June 2019 - November 2022 - 2d artist in Voki Games
Project: 
Manor Matters -  Hidden Objects
I worked on objects in search scenes, was involved in painting parts of locations.
For some time, I performed the functions of a lead for checking and approving search items, and was also involved in entering items into the location

Also worked on Meta items for the same game (pick 3 or single, isometric items) and other work

Experience mostly in Hidden Objects, also with isometric objects and buildings and casual style in general. Basic knowledge of Blender

I like to make character art from DnD and Vampire:The Masquerade",Artist,Not Available,Not Available,9.0 years,2d artist,Djinni Recruitment Dataset (English Candidate Profiles),https://huggingface.co/datasets/lang-uk/recruitment-dataset-candidate-profiles-english,de5888be-c9e6-543a-8bce-11aa09b5352e,anonymized,MIT License,2d artist january july 2013 2d artist in skywind games project dark angels masquerade of shadows hidden objects august 15 2013 december 25 2018 2d artist in new bridge games projects mosaics galore mahjong magic journey carnival mahjong mahjong wolf stories the musketeers victoria s quest incredible dracula chasing love incredible dracula ii the last call incredible dracula iii family secret incredible dracula 4 games of gods royal life hard to be a queen in this job i performed various tasks icons characters isometric objects backgrounds december 2018 may 2018 freelance june 2019 november 2022 2d artist in voki games project manor matters hidden objects i worked on objects in search scenes was involved in painting parts of locations for some time i performed the functions of a lead for checking and approving search items and was also involved in entering items into the location also worked on meta items for the same game pick 3 or single isometric items and other work experience mostly in hidden objects also with isometric objects and buildings and casual style in general basic knowledge of blender i like to make character art from dnd and vampire the masquerade 9 0 years
DJINNI-0cd809a0-17d9-5802-b15c-caaaf36b2948,"Diploma Digital Drawing Artcraft
Diploma Game Design Artcraft
Fine Arts college,
English Upper-Intermediate
Making game maps, final rendering, colour scheme, composition 
Making icons, design solution, style solution
My expectations of work are colouring, composition search, creating image, atmosphere, concerning of what I wouldn't make is creating tiles, because my preferations are full illustrations, characters, icons and game maps.",Artist,Not Available,Not Available,2.0 years,2d artist,Djinni Recruitment Dataset (English Candidate Profiles),https://huggingface.co/datasets/lang-uk/recruitment-dataset-candidate-profiles-english,0cd809a0-17d9-5802-b15c-caaaf36b2948,anonymized,MIT License,2d artist diploma digital drawing artcraft diploma game design artcraft fine arts college english upper intermediate making game maps final rendering colour scheme composition making icons design solution style solution my expectations of work are colouring composition search creating image atmosphere concerning of what i wouldn t make is creating tiles because my preferations are full illustrations characters icons and game maps 2 0 years
DJINNI-2ee59386-f468-57dc-9325-78802e2e28dc,"- Matte painting and overpainting, making final art for the game;
- Experience in cartoon style;
- Experience in developing concepts for casual games;
- Experience in drawing buildings and props;
- Strong knowledge of Photoshop;
- Collaborate with Leads, and external teams;
- Produce work in an efficient and timely manner, on schedule;",Artist,Not Available,Not Available,2.0 years,2d artist,Djinni Recruitment Dataset (English Candidate Profiles),https://huggingface.co/datasets/lang-uk/recruitment-dataset-candidate-profiles-english,2ee59386-f468-57dc-9325-78802e2e28dc,anonymized,MIT License,2d artist matte painting and overpainting making final art for the game experience in cartoon style experience in developing concepts for casual games experience in drawing buildings and props strong knowledge of photoshop collaborate with leads and external teams produce work in an efficient and timely manner on schedule 2 0 years
DJINNI-f35a47b1-237e-507c-83b4-bc719775e412,"Middle 2D artist
Hitter Technologies
08/2021 - 02/2022
- Creation of 2D content for an NFT game project. Character sketching, their concept and final render

2D artist
Freelance
04/2019 - 07/2021
- Various commissions for clients such as character concepts, illustrations, UI elements, etc

2D artist
SIF studio
01/2015 - 03/2019
- Development of concept art and illustrations of characters, locations and other visual components for mobile and browser games
- Interface design and creation of UI elements (progress bars, buttons, windows, etc) )",Artist,Not Available,Not Available,4.0 years,2d artist,Djinni Recruitment Dataset (English Candidate Profiles),https://huggingface.co/datasets/lang-uk/recruitment-dataset-candidate-profiles-english,f35a47b1-237e-507c-83b4-bc719775e412,anonymized,MIT License,2d artist middle 2d artist hitter technologies 08 2021 02 2022 creation of 2d content for an nft game project character sketching their concept and final render 2d artist freelance 04 2019 07 2021 various commissions for clients such as character concepts illustrations ui elements etc 2d artist sif studio 01 2015 03 2019 development of concept art and illustrations of characters locations and other visual components for mobile and browser games interface design and creation of ui elements progress bars buttons windows etc 4 0 years
DJINNI-f4dce341-ef76-5ee2-82f8-401e91f4ec30,"My name is Alexandr, I'm 2d artist from Ukraine. My work experience as an artist is about 5 years now. I'm a self-taught artist who loves art since childhood and who has a passion to work in the game industry. 

I work mostly as a freelance artist. The last work that I do is illustrations for a card game. Also, I made some illustrations for other games which are mobile games and nft projects.",Artist,Not Available,Not Available,5.0 years,2d artist,Djinni Recruitment Dataset (English Candidate Profiles),https://huggingface.co/datasets/lang-uk/recruitment-dataset-candidate-profiles-english,f4dce341-ef76-5ee2-82f8-401e91f4ec30,anonymized,MIT License,2d artist my name is alexandr i m 2d artist from ukraine my work experience as an artist is about 5 years now i m a self taught artist who loves art since childhood and who has a passion to work in the game industry i work mostly as a freelance artist the last work that i do is illustrations for a card game also i made some illustrations for other games which are mobile games and nft projects 5 0 years
DJINNI-033bd718-498d-50e4-91f5-9df5561a6269,"Attending 2D Art courses at ArtCraft school:
- Certificate for the course Digital Drawing (March 5, 2019)
- Certificate for the course Game Art (August 26, 2019)
My name is Lera. 3 years ago I graduated from the Kyiv National Linguistic University, faculty “Translator (French and English)”. I have been working as an office manager/assistant for more than 3 years. But I realized that this is not my field and it's time to change something.
I always liked to draw, so I decided to enroll in courses. In 2019, I graduated from the “Game Art” course at ArtCraft School, before there was a course “Digital Drawing”.
Unfortunately, I don't have any experience in this field, but I have a great desire to do what I like and what brings a lot of pleasure. My experience so far is drawings for myself using a graphic tablet and Adobe Photoshop. But my diligence, interest in everything new, and perseverance can cover the missing experience.

Skills:
- Excellent knowledge and experience of Adobe Photoshop
- Good command of a graphic tablet (Wacom Intuos)
- The ability to draw in different styles, as well as drawing by hand and on a canvas 
(oil and acrylic paints)
- Good overview of the basic rules and basic principles of drawing
- Understanding the way a composition/shape/color
- Good knowledge of human  anatomy
- Basic knowledge of KeyShot

Languages:
Ukrainian and Russian - native speaker
French - Advanced C1
English - Upper Intermediate B2
Polish - Elementary A2

Artstation: leramazurenko",Design,Not Available,Not Available,0.0 years,2d artist,Djinni Recruitment Dataset (English Candidate Profiles),https://huggingface.co/datasets/lang-uk/recruitment-dataset-candidate-profiles-english,033bd718-498d-50e4-91f5-9df5561a6269,anonymized,MIT License,2d artist attending 2d art courses at artcraft school certificate for the course digital drawing march 5 2019 certificate for the course game art august 26 2019 my name is lera 3 years ago i graduated from the kyiv national linguistic university faculty translator french and english i have been working as an office manager assistant for more than 3 years but i realized that this is not my field and it s time to change something i always liked to draw so i decided to enroll in courses in 2019 i graduated from the game art course at artcraft school before there was a course digital drawing unfortunately i don t have any experience in this field but i have a great desire to do what i like and what brings a lot of pleasure my experience so far is drawings for myself using a graphic tablet and adobe photoshop but my diligence interest in everything new and perseverance can cover the missing experience skills excellent knowledge and experience of adobe photoshop good command of a graphic tablet wacom intuos the ability to draw in different styles as well as drawing by hand and on a canvas oil and acrylic paints good overview of the basic rules and basic principles of drawing understanding the way a composition shape color good knowledge of human anatomy basic knowledge of keyshot languages ukrainian and russian native speaker french advanced c1 english upper intermediate b2 polish elementary a2 artstation leramazurenko 0 0 years
DJINNI-37a82805-97c4-54c3-9c2a-8d73388a76ce,"My passion is drawing any graphics for games: characters, props, surroundings, UI
Until recently, I was working as lead artist in a company that dealt with custom portraits, portraits in the style of famous cartoons and superheroes, portraits by numbers, coloring pages.",Artist,Not Available,Not Available,3.0 years,2d artist,Djinni Recruitment Dataset (English Candidate Profiles),https://huggingface.co/datasets/lang-uk/recruitment-dataset-candidate-profiles-english,37a82805-97c4-54c3-9c2a-8d73388a76ce,anonymized,MIT License,2d artist my passion is drawing any graphics for games characters props surroundings ui until recently i was working as lead artist in a company that dealt with custom portraits portraits in the style of famous cartoons and superheroes portraits by numbers coloring pages 3 0 years
DJINNI-a1c423ee-3e08-5922-9d71-6034b999f3d5,"I received a bachelor's degree in Graphic design. I also took courses in concept art and illustration at SkillUp, graphic design, composition, coloristic, etc.
My responsibilities included the development of characters, propses for games and drawing illustrations for books and games, created portraits, logo designs, business cards, booklets and pre-printing.
I want to work on interesting projects and develop characters, propses, etc.",Artist,Not Available,Not Available,1.5 years,2d artist,Djinni Recruitment Dataset (English Candidate Profiles),https://huggingface.co/datasets/lang-uk/recruitment-dataset-candidate-profiles-english,a1c423ee-3e08-5922-9d71-6034b999f3d5,anonymized,MIT License,2d artist i received a bachelor s degree in graphic design i also took courses in concept art and illustration at skillup graphic design composition coloristic etc my responsibilities included the development of characters propses for games and drawing illustrations for books and games created portraits logo designs business cards booklets and pre printing i want to work on interesting projects and develop characters propses etc 1 5 years
DJINNI-a2334d11-debe-54bb-b565-ce3169d4738f,"Mentorship experience for new artists.
My tasks at my previous jobs included:
- creating characters, backgrounds, props and icons for games in casual style and semi-realism;
- quick sketching;
- drawing isometric objects;
- working with references.

My tasks as Marketing Creatives Artist at Playrix:
- creation of graphics and concepts for playable creatives;
- participation in the generations of the ideas for the selection;
- retrospective analysis of graphics;
- preparation of graphics for the programmer and animator;
- development of characters from the concept to the final render;
I would like to work on projects in casual or semi-realistic style. It is also important to be able to grow professionally and share my ideas.",Artist,Not Available,Not Available,2.0 years,2d artist,Djinni Recruitment Dataset (English Candidate Profiles),https://huggingface.co/datasets/lang-uk/recruitment-dataset-candidate-profiles-english,a2334d11-debe-54bb-b565-ce3169d4738f,anonymized,MIT License,2d artist mentorship experience for new artists my tasks at my previous jobs included creating characters backgrounds props and icons for games in casual style and semi realism quick sketching drawing isometric objects working with references my tasks as marketing creatives artist at playrix creation of graphics and concepts for playable creatives participation in the generations of the ideas for the selection retrospective analysis of graphics preparation of graphics for the programmer and animator development of characters from the concept to the final render i would like to work on projects in casual or semi realistic style it is also important to be able to grow professionally and share my ideas 2 0 years
DJINNI-3e939a4e-5351-56b5-8100-e4f3b3ec61e2,"Developed an edutainment game as a pet project, and did some backgrounds for a fan cartoon project.
Painted environments and tool icons for HOPA games. Designed visual interfaces for online slot machines. Designed and painted backgrounds, layouts, logos, icons, and characters for slot games. Designed and painted puzzles. Created designs of greeting cards for the studio’s fan page on Facebook.
Interested in designing and painting environments for story-driven games
slot machines",Artist,Not Available,Not Available,3.0 years,2d artist,Djinni Recruitment Dataset (English Candidate Profiles),https://huggingface.co/datasets/lang-uk/recruitment-dataset-candidate-profiles-english,3e939a4e-5351-56b5-8100-e4f3b3ec61e2,anonymized,MIT License,2d artist developed an edutainment game as a pet project and did some backgrounds for a fan cartoon project painted environments and tool icons for hopa games designed visual interfaces for online slot machines designed and painted backgrounds layouts logos icons and characters for slot games designed and painted puzzles created designs of greeting cards for the studio s fan page on facebook interested in designing and painting environments for story driven games slot machines 3 0 years
DJINNI-53c203f8-ee0f-5903-8d80-4133bf7174e0,"2D CG artist at “95 Kvartal” Animation Studio (Skazochnaya Rus)
PROFESSIONAL EXPERIENCE
January 2022  – present – artist-cartoonist at KYIV POST
… freelance artist (game development, contemporary artshows)
2019 – 2021 – freelance artist (game development, contemporary artshows)
May 2019 – September 2019 – artist-cartoonist at Finstamp.
May 2018 – September 2018
2d artist - illustrator at Epic MegaCorp (International Company). Illustrations (Cryptocurrency site)
September 2014 to February 2017
2D CG artist at “95 Kvartal” Animation Studio (Kyiv, Ukraine).
- Worked on “FairyTale Rus” (“Skazochnaya Rus”), “MultiBarbara”, “The Animated in Laws” (“Svatiki”) cartoon series. 

(Storyboards, concept art, sketches of the heroes and locations, 2D illustrations/location art, matte painting).
 
Worked on own CG projects.

April 2012 to June 2014
2D CG artist at “Postmodern” (Film.ua) Postproduction Company and “Animagrad” Animation Studio (Kyiv, Ukraine).
- Worked on “FairyTale Rus” (“Skazochnaya Rus”), “Eskimo Girl” cartoon series and several TV series projects.
(Storyboards, concept art, sketches of the heroes and locations, 2D illustrations/location art, matte painting). 

2009 – 2010
Director of Antin Muharsky (“Antin’s Collections”) Gallery. (Kyiv, Ukraine).
 - Gallery administration, organizing art-shows and taking part in art-fairs, PR, work with mass-media, administration of gallery web-site , etc.
2007-2009
Artist – illustrator, photo-editor and PR-manager at “Graal Collection” Magazine
-Making illustrations, working on photographs, PR, work with mass-media. (Kyiv, Ukraine).
2004 – 2005
Artist and designer at “Nova” Advertising Agency and “New Concept” Advertising Agency. (Kyiv, Ukraine).
2003
Artist – illustrator at “General Director” Magazine. (Kyiv, Ukraine).
1997 – 1998
Teacher of English in Secondary State School 173 (Kyiv, Ukraine).
To make masterpieces.",Other,Not Available,Not Available,7.0 years,2d artist,Djinni Recruitment Dataset (English Candidate Profiles),https://huggingface.co/datasets/lang-uk/recruitment-dataset-candidate-profiles-english,53c203f8-ee0f-5903-8d80-4133bf7174e0,anonymized,MIT License,2d artist 2d cg artist at 95 kvartal animation studio skazochnaya rus professional experience january 2022 present artist cartoonist at kyiv post freelance artist game development contemporary artshows 2019 2021 freelance artist game development contemporary artshows may 2019 september 2019 artist cartoonist at finstamp may 2018 september 2018 2d artist illustrator at epic megacorp international company illustrations cryptocurrency site september 2014 to february 2017 2d cg artist at 95 kvartal animation studio kyiv ukraine worked on fairytale rus skazochnaya rus multibarbara the animated in laws svatiki cartoon series storyboards concept art sketches of the heroes and locations 2d illustrations location art matte painting worked on own cg projects april 2012 to june 2014 2d cg artist at postmodern film ua postproduction company and animagrad animation studio kyiv ukraine worked on fairytale rus skazochnaya rus eskimo girl cartoon series and several tv series projects storyboards concept art sketches of the heroes and locations 2d illustrations location art matte painting 2009 2010 director of antin muharsky antin s collections gallery kyiv ukraine gallery administration organizing art shows and taking part in art fairs pr work with mass media administration of gallery web site etc 2007 2009 artist illustrator photo editor and pr manager at graal collection magazine making illustrations working on photographs pr work with mass media kyiv ukraine 2004 2005 artist and designer at nova advertising agency and new concept advertising agency kyiv ukraine 2003 artist illustrator at general director magazine kyiv ukraine 1997 1998 teacher of english in secondary state school 173 kyiv ukraine to make masterpieces 7 0 years
DJINNI-31a720af-54fa-5777-9666-d43fd9e6a9ed,"Professional skills:
-Fluent in Adobe Photoshop at a professional level
-I work in different styles such as photorealism/photobashing,
casual, cartoonish
-I know how to prepare a file for further work with it
-Understanding of composition, shape, values and colors
-I am able to work with isometric objects
-Successfully work with short deadlines
-I learn quickly, work passionately, and I am opened to new projects
-Stress-resistant, easy to communicate in a team, respectful

Work experience 
GrandMA Studios, Kyiv
1 year in the office +0.5 years remote and outsource
I worked as a Middle 2D Artist Fullscreen in a HOPA
game development company. Collaborated with art
lead, game designers, animators and programmers.
During the period of work I drew more than 50
fullscreen locations, hidden object scenes and mini
games
Suto Games studio 
Since march 2023-current
My tasks are creating 2d art from concept to final version. Succesfully completed the slot project where i communicated with the team and clients. I created all of the backgrounds and UI for this project",Artist,Not Available,Not Available,2.0 years,2d artist,Djinni Recruitment Dataset (English Candidate Profiles),https://huggingface.co/datasets/lang-uk/recruitment-dataset-candidate-profiles-english,31a720af-54fa-5777-9666-d43fd9e6a9ed,anonymized,MIT License,2d artist professional skills fluent in adobe photoshop at a professional level i work in different styles such as photorealism photobashing casual cartoonish i know how to prepare a file for further work with it understanding of composition shape values and colors i am able to work with isometric objects successfully work with short deadlines i learn quickly work passionately and i am opened to new projects stress resistant easy to communicate in a team respectful work experience grandma studios kyiv 1 year in the office 0 5 years remote and outsource i worked as a middle 2d artist fullscreen in a hopa game development company collaborated with art lead game designers animators and programmers during the period of work i drew more than 50 fullscreen locations hidden object scenes and mini games suto games studio since march 2023 current my tasks are creating 2d art from concept to final version succesfully completed the slot project where i communicated with the team and clients i created all of the backgrounds and ui for this project 2 0 years
DJINNI-b31064ae-93dc-5cff-a9a2-46be7d4821cc,"Junior 2D artist
PSV Games Studio.
I've been in GameDev since 2020. At the moment I work in a studio for the production of mobile games for children. Create a colorings by nombers, icons, interfaces.
Adobe Photoshop, Adobe Illustrator.
I would like  create  environments and characters.
I have a higher art education, I also additionally attend specialized courses of CG. I want to work in a progressive and reliable team/
  I've been in GameDev since 2020. At the moment I work in a studio for the production of mobile games for children, but I want to grow further and work on projects with more complex and creative tasks, where I can express myself as much as possible.",Design,Not Available,Not Available,0.5 years,2d artist,Djinni Recruitment Dataset (English Candidate Profiles),https://huggingface.co/datasets/lang-uk/recruitment-dataset-candidate-profiles-english,b31064ae-93dc-5cff-a9a2-46be7d4821cc,anonymized,MIT License,2d artist junior 2d artist psv games studio i ve been in gamedev since 2020 at the moment i work in a studio for the production of mobile games for children create a colorings by nombers icons interfaces adobe photoshop adobe illustrator i would like create environments and characters i have a higher art education i also additionally attend specialized courses of cg i want to work in a progressive and reliable team i ve been in gamedev since 2020 at the moment i work in a studio for the production of mobile games for children but i want to grow further and work on projects with more complex and creative tasks where i can express myself as much as possible 0 5 years
DJINNI-bd270204-0d48-5fb8-8ca8-b6a6f2db22b5,"Rexafix
project work - 2d artist, create backgrounds 
ProGame
Project work - 2d artist, create game elements and architecture
Sovek
Designer - logo, buttons, icons, site design, 
photo processing
Vinnytsia Academic Regional Puppet Theater
Artist - create scenery designs and make them",Unity,Not Available,Not Available,1.0 years,2d artist,Djinni Recruitment Dataset (English Candidate Profiles),https://huggingface.co/datasets/lang-uk/recruitment-dataset-candidate-profiles-english,bd270204-0d48-5fb8-8ca8-b6a6f2db22b5,anonymized,MIT License,2d artist rexafix project work 2d artist create backgrounds progame project work 2d artist create game elements and architecture sovek designer logo buttons icons site design photo processing vinnytsia academic regional puppet theater artist create scenery designs and make them 1 0 years
DJINNI-2f2eb168-c222-54d4-b51a-cf2b61a1ae0d,"- My strong side is a rich imagination. I have a good sense of taste. Nowadays I work in the field of computer graphics in a casual style and illustration. I have a great experience of working with oil, watercolor paints and pencil. I have studied the anatomy of the human body and the construction of aerial perspective at the art school. I use my acquired knowledge skillfully in digital works using Adobe Photoshop and a graphic tablet. 
- Smirnov school 
I studied the construction of a digital picture, casual graphics, materials, light.
-Art Craft School 
I  study the creation of mobile games from the point of view of drawing. I have learned to develop the concept of the Match-3 game, create a game map, location and main character.
- ""RSperfomance"", Kyiv, may 2022-september 2022
At RSperfomance she created logos, car advertising service for social networks in the company's consistent style. Creation of a corporate style and brand support in terms of design (business cards, flyers, whatever the company needs).
- ""DPlay Games"" company, 2d artist gamedev, october 2021 - february 2022.
In the company, she worked on the creation of icons and bonuses in a casual style for the game in the genre of farm, construction of the city - ""My sunny town"".
- Іnformation science teacher.
- Robotics trainer.
- Drawing teacher.
Adob Photoshop casual grapfic- icons, character, bilding. Facilitating the improvement of skills.",Artist,Not Available,Not Available,1.0 years,2d artist,Djinni Recruitment Dataset (English Candidate Profiles),https://huggingface.co/datasets/lang-uk/recruitment-dataset-candidate-profiles-english,2f2eb168-c222-54d4-b51a-cf2b61a1ae0d,anonymized,MIT License,2d artist my strong side is a rich imagination i have a good sense of taste nowadays i work in the field of computer graphics in a casual style and illustration i have a great experience of working with oil watercolor paints and pencil i have studied the anatomy of the human body and the construction of aerial perspective at the art school i use my acquired knowledge skillfully in digital works using adobe photoshop and a graphic tablet smirnov school i studied the construction of a digital picture casual graphics materials light art craft school i study the creation of mobile games from the point of view of drawing i have learned to develop the concept of the match 3 game create a game map location and main character rsperfomance kyiv may 2022 september 2022 at rsperfomance she created logos car advertising service for social networks in the company s consistent style creation of a corporate style and brand support in terms of design business cards flyers whatever the company needs dplay games company 2d artist gamedev october 2021 february 2022 in the company she worked on the creation of icons and bonuses in a casual style for the game in the genre of farm construction of the city my sunny town nformation science teacher robotics trainer drawing teacher adob photoshop casual grapfic icons character bilding facilitating the improvement of skills 1 0 years
DJINNI-c1850c7b-b1d2-5cd7-8458-fada9481db5b,"Self-Employed
Freelance Illustrator
2018 - Present 

Bluembo
Concept Artist / 2D Artist
2018

GAMEPACK studio
Concept Artist / Lead 2D Artist
2015 - 2017

Plarium Education
2D Artist / UI
2014 - 2015

Lands of Ruin
Art Director / UI
2014 - 2015 (remote)

AvenueGames SQ
2D Artist / Icon designer
2013 - 2014 

Elyland, Ltd
2D Artist
2012 - 2013
The main focus I keep on character design, game assets, cartooning & coloring.",Design,Not Available,Not Available,7.0 years,2d artist,Djinni Recruitment Dataset (English Candidate Profiles),https://huggingface.co/datasets/lang-uk/recruitment-dataset-candidate-profiles-english,c1850c7b-b1d2-5cd7-8458-fada9481db5b,anonymized,MIT License,2d artist self employed freelance illustrator 2018 present bluembo concept artist 2d artist 2018 gamepack studio concept artist lead 2d artist 2015 2017 plarium education 2d artist ui 2014 2015 lands of ruin art director ui 2014 2015 remote avenuegames sq 2d artist icon designer 2013 2014 elyland ltd 2d artist 2012 2013 the main focus i keep on character design game assets cartooning coloring 7 0 years
DJINNI-3a809060-6440-5cf7-8879-d5d1911f7a47,"Created telegram bot with ArtStation API.
Participating in international team.
Working with abroad costumers (as BA).
Self learned 2d/concept artist with business analyst background.
Looking for job as 2d artist in case that games and drawing are the most valuable passion in my lie.
Ready for office wok in Kyiv.
Looking forward for your test task to check and prove my proficiency

Nov 2022 - now
Concept artist on indie project (3rd person shooter)
Creating visual decisions of level appearance
Cooperating with international team (USA, UK)

Sep 2021 - Feb 2022
2D/Concept artist
Partly participated in indie artist team.

May 2021 - Feb 2022
Getting studies with a mentor
Filled gaps in 2d skills.

May 2019 - May 2021
Business analyst background.

Hobbies: drawing, pc/tabletop games, 3d, basketball programming.
Also got experience as D&D Game Master.
Friendly team with opportunities for rapid growing.
To be a valuable gear in a great machine.",Artist,Not Available,Not Available,0.0 years,2d artist,Djinni Recruitment Dataset (English Candidate Profiles),https://huggingface.co/datasets/lang-uk/recruitment-dataset-candidate-profiles-english,3a809060-6440-5cf7-8879-d5d1911f7a47,anonymized,MIT License,2d artist created telegram bot with artstation api participating in international team working with abroad costumers as ba self learned 2d concept artist with business analyst background looking for job as 2d artist in case that games and drawing are the most valuable passion in my lie ready for office wok in kyiv looking forward for your test task to check and prove my proficiency nov 2022 now concept artist on indie project 3rd person shooter creating visual decisions of level appearance cooperating with international team usa uk sep 2021 feb 2022 2d concept artist partly participated in indie artist team may 2021 feb 2022 getting studies with a mentor filled gaps in 2d skills may 2019 may 2021 business analyst background hobbies drawing pc tabletop games 3d basketball programming also got experience as d d game master friendly team with opportunities for rapid growing to be a valuable gear in a great machine 0 0 years
DJINNI-1b78b05f-9dc2-5eae-94f6-7909b88a9f84,"Illustration for books.
Experience in creating UI, game icons, locations, characters, icons for games on Google play, drawing promo materials, sketches, supporting art team.
September 2011 – June 2014  «Тираж-51»,  Illustration Artist
	                                

October 2017 –   Tattoo Artist, Nail Artist, Freelance Graphic Artist
April 2020-now - 2d artist in PSV Games studio
Interesting projects, experience in art, grow up my skills.",Other,Not Available,Not Available,2.0 years,2d artist,Djinni Recruitment Dataset (English Candidate Profiles),https://huggingface.co/datasets/lang-uk/recruitment-dataset-candidate-profiles-english,1b78b05f-9dc2-5eae-94f6-7909b88a9f84,anonymized,MIT License,2d artist illustration for books experience in creating ui game icons locations characters icons for games on google play drawing promo materials sketches supporting art team september 2011 june 2014 51 illustration artist october 2017 tattoo artist nail artist freelance graphic artist april 2020 now 2d artist in psv games studio interesting projects experience in art grow up my skills 2 0 years
DJINNI-7ad70e69-64a0-5f59-bd78-26347c05048a,"skills: 2d art, concept art, Adobe Photoshop, 3d- Coat, hand drawing.
work experience:
- Artificial core- Concept and protosculpt of clothing for NPC characters for the MMO project.
- Image pictures-  work on characters for a full-length 3d cartoon.
- Globalplay games- work on slots 2.5 years, concept and rendering of characters and icons.
portfolio- https://www.behance.net/Hanukafast",Design,Not Available,Not Available,5.0 years,2d artist,Djinni Recruitment Dataset (English Candidate Profiles),https://huggingface.co/datasets/lang-uk/recruitment-dataset-candidate-profiles-english,7ad70e69-64a0-5f59-bd78-26347c05048a,anonymized,MIT License,2d artist skills 2d art concept art adobe photoshop 3d coat hand drawing work experience artificial core concept and protosculpt of clothing for npc characters for the mmo project image pictures work on characters for a full length 3d cartoon globalplay games work on slots 2 5 years concept and rendering of characters and icons portfolio 5 0 years
DJINNI-600e609e-0e1d-59a2-becc-178b77b8acca,"I completed courses on creating concept art at the XYZ school and 2D animation courses at the Animation school. I am independently studying 3D modeling in Blender. Participated in the creation of the manga for Silent Manga Audition. I work with Photoshop, Illustrator, Clip Studio, TVpaint, Blender.
There is little experience in freelancing. I know the basics of composition, anatomy, color, lighting, perspective. I can draw by hand, work with references. I can follow the specified drawing style of an existing project. I understand game styles and genres.
Ready for internship, test assignments. I am looking for projects for remote work. I look forward to gaining new experiences to grow and develop my skills.",Other,Not Available,Not Available,1.0 years,2d artist,Djinni Recruitment Dataset (English Candidate Profiles),https://huggingface.co/datasets/lang-uk/recruitment-dataset-candidate-profiles-english,600e609e-0e1d-59a2-becc-178b77b8acca,anonymized,MIT License,2d artist i completed courses on creating concept art at the xyz school and 2d animation courses at the animation school i am independently studying 3d modeling in blender participated in the creation of the manga for silent manga audition i work with photoshop illustrator clip studio tvpaint blender there is little experience in freelancing i know the basics of composition anatomy color lighting perspective i can draw by hand work with references i can follow the specified drawing style of an existing project i understand game styles and genres ready for internship test assignments i am looking for projects for remote work i look forward to gaining new experiences to grow and develop my skills 1 0 years
DJINNI-7e80aed3-71bd-5f91-949b-ed128ebb7539,"Welcome to my profile.

I'll tell you a little about my experience: I've been working for 2 years in a company that develops mobile games. i Was engaged in rendering and concept of locations, props in casual style and realism; experience with Match-3 projects (sketching, mechanic design search, final render); team work experience.
I worked in Adobe Photoshop: raster rendering for one project and purely vector tools for another.
Most of all I like to work with rendering in casual and realistic style, as I find this work aesthetically pleasing and interesting for me.
But always ready to learn something new and interesting)
I recently started learning the 3d package in Blender. I want to get better at it in the future)


P.S: ready to take the test. At the moment I can’t show actual works, as there is an agreement with the company on non-disclosure
I would like to render objects, locations, mechanics, etc., as I love this type of work most of all

I don’t have any particular dislike for other types of work.)",Artist,Not Available,Not Available,2.0 years,2d artist,Djinni Recruitment Dataset (English Candidate Profiles),https://huggingface.co/datasets/lang-uk/recruitment-dataset-candidate-profiles-english,7e80aed3-71bd-5f91-949b-ed128ebb7539,anonymized,MIT License,2d artist welcome to my profile i ll tell you a little about my experience i ve been working for 2 years in a company that develops mobile games i was engaged in rendering and concept of locations props in casual style and realism experience with match 3 projects sketching mechanic design search final render team work experience i worked in adobe photoshop raster rendering for one project and purely vector tools for another most of all i like to work with rendering in casual and realistic style as i find this work aesthetically pleasing and interesting for me but always ready to learn something new and interesting i recently started learning the 3d package in blender i want to get better at it in the future p s ready to take the test at the moment i can t show actual works as there is an agreement with the company on non disclosure i would like to render objects locations mechanics etc as i love this type of work most of all i don t have any particular dislike for other types of work 2 0 years
DJINNI-46a45ef7-8f26-5cd0-8536-8f3561b8864e,"Work in:
Adobe Photoshop
Adobe Illustrator
Working with sources (Adobe Lightroom, retouching, color correction)
Handling basic market requests(logo design, flyers, advertising)
Visual content development(print version, for digital format)
C++, C, C#, Python, html (basic knowledge)",Artist,Not Available,Not Available,0.0 years,2d artist,Djinni Recruitment Dataset (English Candidate Profiles),https://huggingface.co/datasets/lang-uk/recruitment-dataset-candidate-profiles-english,46a45ef7-8f26-5cd0-8536-8f3561b8864e,anonymized,MIT License,2d artist work in adobe photoshop adobe illustrator working with sources adobe lightroom retouching color correction handling basic market requests logo design flyers advertising visual content development print version for digital format cpp cplusplus c csharp python html basic knowledge 0 0 years
DJINNI-557d749e-e9bc-557e-9fed-4938a9aa8b6e,"Working as a freelancer for about 3 years, the main tasks:
- illustration of children's books;
- illustration of postcards and packages;
- character development for the Games;
- creation of brand characters;
- stylized portraits;
- illustration of logos;
- design of pictures for printing.
I professionally work in the Procreate program on IPad Pro, I acquainted with the Adobe Photoshop program. At the moment, I'm mostly working on characters for games",Artist,Not Available,Not Available,3.0 years,2d artist,Djinni Recruitment Dataset (English Candidate Profiles),https://huggingface.co/datasets/lang-uk/recruitment-dataset-candidate-profiles-english,557d749e-e9bc-557e-9fed-4938a9aa8b6e,anonymized,MIT License,2d artist working as a freelancer for about 3 years the main tasks illustration of children s books illustration of postcards and packages character development for the games creation of brand characters stylized portraits illustration of logos design of pictures for printing i professionally work in the procreate program on ipad pro i acquainted with the adobe photoshop program at the moment i m mostly working on characters for games 3 0 years
DJINNI-cc8292fa-df91-5680-9288-d79a73c0261e,"Working on different kind of projects such as:
- game maps with different value of detalisation
- game cards ( heartstone stylization )
- buildings, backgrounds and planet previews for mobile game mundus 
- robotic head concept for virtual mask (used in live streaming). 
-  the technology of face binding was used with the application for ios - liveface 
- symbols, backgrounds and characters for slot machines

I have work expiriense with animators and 3d artists so i understand the specific of preparing graphics for them.
During 2 years was leading artists on different projects and mentored several begining artists.
discussing",Artist,Not Available,Not Available,5.0 years,2d artist,Djinni Recruitment Dataset (English Candidate Profiles),https://huggingface.co/datasets/lang-uk/recruitment-dataset-candidate-profiles-english,cc8292fa-df91-5680-9288-d79a73c0261e,anonymized,MIT License,2d artist working on different kind of projects such as game maps with different value of detalisation game cards heartstone stylization buildings backgrounds and planet previews for mobile game mundus robotic head concept for virtual mask used in live streaming the technology of face binding was used with the application for ios liveface symbols backgrounds and characters for slot machines i have work expiriense with animators and 3d artists so i understand the specific of preparing graphics for them during 2 years was leading artists on different projects and mentored several begining artists discussing 5 0 years
DJINNI-cec42e44-91af-545a-89c8-4d715301425d,"Work on Manor Matters and Mystery Matters projects.
Creation and finalization of backgrounds and illustrations for special events of the game.
Refinement and improvement of illustrations in a given style.
Characters and props concept art.
Cutting windows of special events for animation.
Creating simple 3d blanks and rendering them in 2d.
Working with vector and isometry.",Artist,Not Available,Not Available,3.0 years,2d artist,Djinni Recruitment Dataset (English Candidate Profiles),https://huggingface.co/datasets/lang-uk/recruitment-dataset-candidate-profiles-english,cec42e44-91af-545a-89c8-4d715301425d,anonymized,MIT License,2d artist work on manor matters and mystery matters projects creation and finalization of backgrounds and illustrations for special events of the game refinement and improvement of illustrations in a given style characters and props concept art cutting windows of special events for animation creating simple 3d blanks and rendering them in 2d working with vector and isometry 3 0 years
DJINNI-83095c64-2000-57fa-a286-c34880fa0cff,"I created a lot of graphics for slot games. Lots of characters stylized to different degrees. I have a firm understanding of how to develop the style of the game and how to make it consistent. All the examples  (besides my open portfolio) i can show in private messages
I mostly worked on slot games, but have some experience in concept art and book illustration. I like to create highly stylized art, my big inspirations are pixar, disney, Tim Burtons cartoons, and my favorite video games. I also enjoy drawing semi realistic stuff. 
I know and work in Photoshop. Very solid knowledge, 10 years of experience. I also like to use Blender to improve or speed up my work whenever i can. I know Illustrator just a little bit, enough to tweak fonts from time to time. 
I always liked games, i want to create truly beautiful and engaging games with unique graphics and captivating plots. I want to draw believable and interesting characters and places you`d want to explore. 

Also my English is pretty solid
I don`t like HOPA- games. I also don`t like overly simplistic slots, when time is the priority and not the final result",Artist,Not Available,Not Available,7.0 years,2d- artist,Djinni Recruitment Dataset (English Candidate Profiles),https://huggingface.co/datasets/lang-uk/recruitment-dataset-candidate-profiles-english,83095c64-2000-57fa-a286-c34880fa0cff,anonymized,MIT License,2d artist i created a lot of graphics for slot games lots of characters stylized to different degrees i have a firm understanding of how to develop the style of the game and how to make it consistent all the examples besides my open portfolio i can show in private messages i mostly worked on slot games but have some experience in concept art and book illustration i like to create highly stylized art my big inspirations are pixar disney tim burtons cartoons and my favorite video games i also enjoy drawing semi realistic stuff i know and work in photoshop very solid knowledge 10 years of experience i also like to use blender to improve or speed up my work whenever i can i know illustrator just a little bit enough to tweak fonts from time to time i always liked games i want to create truly beautiful and engaging games with unique graphics and captivating plots i want to draw believable and interesting characters and places you d want to explore also my english is pretty solid i don t like hopa games i also don t like overly simplistic slots when time is the priority and not the final result 7 0 years
DJINNI-067743f1-0be8-585c-aca4-83990abedc7f,"Committed to constant improvement, I specialize my skills as an artist and illustrator, with an ability to create artwork autonomously, and also ready to work in a persistent, dynamic environment. 
With an academic background of interior design and architecture, I completed numerous projects using Revit, AutoCad, 3dsMax, Blender, Photoshop, Clip Studio Paint, and applying knowledge of sculpture, anatomy, academic drawing, and perspective.
Over the course of 4 years, I developed fundamental painting and design skills, sketching by hand, using various materials and techniques. 
Interested in design and digital drawing, raster and vector graphics, creating detailed environment scenes in realistic style, as well as portraits, my desire is to grow and develop as a 3d/2d artist and designer.",Other,Not Available,Not Available,0.0 years,2d Artist,Djinni Recruitment Dataset (English Candidate Profiles),https://huggingface.co/datasets/lang-uk/recruitment-dataset-candidate-profiles-english,067743f1-0be8-585c-aca4-83990abedc7f,anonymized,MIT License,2d artist committed to constant improvement i specialize my skills as an artist and illustrator with an ability to create artwork autonomously and also ready to work in a persistent dynamic environment with an academic background of interior design and architecture i completed numerous projects using revit autocad 3dsmax blender photoshop clip studio paint and applying knowledge of sculpture anatomy academic drawing and perspective over the course of 4 years i developed fundamental painting and design skills sketching by hand using various materials and techniques interested in design and digital drawing raster and vector graphics creating detailed environment scenes in realistic style as well as portraits my desire is to grow and develop as a 3d 2d artist and designer 0 0 years
DJINNI-2535ac66-9eca-5bf3-8a05-34dcfab98c1b,"Development of sketches of costumes in Procreate, fluency in Photoshop using a graphic tablet.
Communicability and ability to work in a team.
I am taking courses at Artcraft school and improving my skills as a 2d artist.",Artist,Not Available,Not Available,1.0 years,2d Artist,Djinni Recruitment Dataset (English Candidate Profiles),https://huggingface.co/datasets/lang-uk/recruitment-dataset-candidate-profiles-english,2535ac66-9eca-5bf3-8a05-34dcfab98c1b,anonymized,MIT License,2d artist development of sketches of costumes in procreate fluency in photoshop using a graphic tablet communicability and ability to work in a team i am taking courses at artcraft school and improving my skills as a 2d artist 1 0 years
DJINNI-07aa9e65-b101-59ac-9a6e-ff7881fa184e,"During my work experience, I gained strong skills in sketching, color, character and environment concepts, as well as communication and social skills as I worked with different people and teams.
The total experience of mastering 2D skills is 4 years
Freelance - 1 year
Inkration - 1 year
Stepico games - 2years",Artist,Not Available,Not Available,3.0 years,2d Artist,Djinni Recruitment Dataset (English Candidate Profiles),https://huggingface.co/datasets/lang-uk/recruitment-dataset-candidate-profiles-english,07aa9e65-b101-59ac-9a6e-ff7881fa184e,anonymized,MIT License,2d artist during my work experience i gained strong skills in sketching color character and environment concepts as well as communication and social skills as i worked with different people and teams the total experience of mastering 2d skills is 4 years freelance 1 year inkration 1 year stepico games 2years 3 0 years
DJINNI-d698768b-f6ce-5b3a-b883-5ae1f05378eb,"Education. Odessa State Academy of Construction and Architecture. Specialty - architect
6 years of study at the art school Kostandi
This included academic drawing, the study of anatomy, the basics of composition, and color theory. Interior design, experience with 3D software, and rendering.

1 year of experience as a graphic designer in a company
2 years of experience as a freelance artist

I want to participate in the creation of games",Artist,Not Available,Not Available,1.0 years,2d Artist,Djinni Recruitment Dataset (English Candidate Profiles),https://huggingface.co/datasets/lang-uk/recruitment-dataset-candidate-profiles-english,d698768b-f6ce-5b3a-b883-5ae1f05378eb,anonymized,MIT License,2d artist education odessa state academy of construction and architecture specialty architect 6 years of study at the art school kostandi this included academic drawing the study of anatomy the basics of composition and color theory interior design experience with 3d software and rendering 1 year of experience as a graphic designer in a company 2 years of experience as a freelance artist i want to participate in the creation of games 1 0 years
DJINNI-dd21a886-bf01-536b-ab84-4417ad399c82,"Сonstantly developing in drawing, taking courses, learning new things.
February 2023 - April 2023
3 month
FavBet
2d artist

February 2022 — July 2022
6 months
Soft Vision
2d artist
Drawing characters, logos, props, backgrounds.

November 2021— February 2022
4 months
Upwork
2d artist
Create nft characters.

March 2021 —November 2021
9 months
Zimad
2d artist
Lineart, colorization, drawing and tracing pictures.

October 2017 —February 2021
3 years 5 months
Upwork
Illustrator
Creating illustration from vinyl for laser cut. Сreating and editing mockups. Drawing stylized portrait. Creating illustrations for children books.
Stable salary and opportunity to develop.",Artist,Not Available,Not Available,5.0 years,2d Artist,Djinni Recruitment Dataset (English Candidate Profiles),https://huggingface.co/datasets/lang-uk/recruitment-dataset-candidate-profiles-english,dd21a886-bf01-536b-ab84-4417ad399c82,anonymized,MIT License,2d artist onstantly developing in drawing taking courses learning new things february 2023 april 2023 3 month favbet 2d artist february 2022 july 2022 6 months soft vision 2d artist drawing characters logos props backgrounds november 2021 february 2022 4 months upwork 2d artist create nft characters march 2021 november 2021 9 months zimad 2d artist lineart colorization drawing and tracing pictures october 2017 february 2021 3 years 5 months upwork illustrator creating illustration from vinyl for laser cut reating and editing mockups drawing stylized portrait creating illustrations for children books stable salary and opportunity to develop 5 0 years
DJINNI-82f02749-a1f8-5bba-8ccf-5c2eae49f407,"Hello! I love CG art, draw characters, objects and environments. I work in different styles - from casual games to large-scale illustrations. I develop concepts, draw by hand and on a tablet. I work in photoshop and illustrator. I create a high-quality render!
I have experience in developing illustrations for card games, I also work at my leisure on my minimalistic toy in the pixel art style;)
I would like to participate in your projects, gain experience for myself, and benefit for you, as well as just do what I love.",Artist,Not Available,Not Available,3.0 years,2d Artist,Djinni Recruitment Dataset (English Candidate Profiles),https://huggingface.co/datasets/lang-uk/recruitment-dataset-candidate-profiles-english,82f02749-a1f8-5bba-8ccf-5c2eae49f407,anonymized,MIT License,2d artist hello i love cg art draw characters objects and environments i work in different styles from casual games to large scale illustrations i develop concepts draw by hand and on a tablet i work in photoshop and illustrator i create a high quality render i have experience in developing illustrations for card games i also work at my leisure on my minimalistic toy in the pixel art style i would like to participate in your projects gain experience for myself and benefit for you as well as just do what i love 3 0 years
DJINNI-2f737388-8678-5586-b3fa-73be67297445,"Hi!
I'm a young artist from Ukraine (23 years). 
I want to start a career as a 2D artist in Game Dev. Ready to perform any work remotely.

My education: UKRAINIAN ACADEMY OF PRINTING -Faculty Publishing-Printing And Informational
Technologies Specialty «FINE ART, DECORATIVE ART, RESTORATION»  Bachelor degree.
My skills: Photoshop, traditional drawing, Composition.
Thanks for your attention, consideration, and time.",Artist,Not Available,Not Available,1.0 years,2d Artist,Djinni Recruitment Dataset (English Candidate Profiles),https://huggingface.co/datasets/lang-uk/recruitment-dataset-candidate-profiles-english,2f737388-8678-5586-b3fa-73be67297445,anonymized,MIT License,2d artist hi i m a young artist from ukraine 23 years i want to start a career as a 2d artist in game dev ready to perform any work remotely my education ukrainian academy of printing faculty publishing printing and informational technologies specialty fine art decorative art restoration bachelor degree my skills photoshop traditional drawing composition thanks for your attention consideration and time 1 0 years
DJINNI-6fafa2ba-d9d8-5e7c-95dd-754b70c482f2,"Hi! My name is Anna.
Passionate 2D Artist with particular love for creating illustration and over 5 years of expirience. A lifelong learner (open for anything!).
In the last couple of years, I have been working as a lead artist in a company where I completely created mobile games, сreated of illustrations of various levels of complexity for entertainment content. I have developed a clicker game, from idea to implementation of all graphic components (creation of characters, locations,UI design). Created websites for our company, control over the general style of graphic content, training of young artists.",Design,Not Available,Not Available,4.0 years,2d Artist,Djinni Recruitment Dataset (English Candidate Profiles),https://huggingface.co/datasets/lang-uk/recruitment-dataset-candidate-profiles-english,6fafa2ba-d9d8-5e7c-95dd-754b70c482f2,anonymized,MIT License,2d artist hi my name is anna passionate 2d artist with particular love for creating illustration and over 5 years of expirience a lifelong learner open for anything in the last couple of years i have been working as a lead artist in a company where i completely created mobile games reated of illustrations of various levels of complexity for entertainment content i have developed a clicker game from idea to implementation of all graphic components creation of characters locations ui design created websites for our company control over the general style of graphic content training of young artists 4 0 years
DJINNI-a7f71f12-e3c3-5224-a101-2dc525a86d7a,"My main achievement is that I managed to earn in this life doing what I love. It fills all areas of my life with positive energy and makes me a happy person :) And to be more specific, now I have several games drawn only by me, among which there is a big fantasy RPG game that I am still working on. A lot of positive feedback from my customers, some of them have been working with me for several years.
But better than me, my portfolio will tell about my achievements.
Hi! 
My name is Daria and I am an artist from Ukraine.
I have been freelancing since 2019. I draw games, interfaces, ui/ux, environments, objects, icons and characters. During this time, I drew several games completely.
I love my job and learn something new every day.
I am currently looking for a permanent job remotely. I will be glad to work in a team.
I will be glad to cooperate.

Best, Daria.
I love to draw and develop in this, I would like my work to be related to drawing.
I do not like to work with a vector though and mind.",Artist,Not Available,Not Available,4.0 years,2d Artist,Djinni Recruitment Dataset (English Candidate Profiles),https://huggingface.co/datasets/lang-uk/recruitment-dataset-candidate-profiles-english,a7f71f12-e3c3-5224-a101-2dc525a86d7a,anonymized,MIT License,2d artist my main achievement is that i managed to earn in this life doing what i love it fills all areas of my life with positive energy and makes me a happy person and to be more specific now i have several games drawn only by me among which there is a big fantasy rpg game that i am still working on a lot of positive feedback from my customers some of them have been working with me for several years but better than me my portfolio will tell about my achievements hi my name is daria and i am an artist from ukraine i have been freelancing since 2019 i draw games interfaces ui ux environments objects icons and characters during this time i drew several games completely i love my job and learn something new every day i am currently looking for a permanent job remotely i will be glad to work in a team i will be glad to cooperate best daria i love to draw and develop in this i would like my work to be related to drawing i do not like to work with a vector though and mind 4 0 years
DJINNI-5a470086-9944-5d5d-921d-cbdfd489b070,"I worked as a Concept Artist for a visual novel for 7 months.  I also worked on the development of icons and maps.
Since 2015 I have been painting portraits and landscapes on order (oil, tempera, pencil, charcoal, sanguine).
 Additionally, since 2017, I have been painting digital portraits in Sai and Photoshop on order.",Artist,Not Available,Not Available,1.0 years,2d Artist,Djinni Recruitment Dataset (English Candidate Profiles),https://huggingface.co/datasets/lang-uk/recruitment-dataset-candidate-profiles-english,5a470086-9944-5d5d-921d-cbdfd489b070,anonymized,MIT License,2d artist i worked as a concept artist for a visual novel for 7 months i also worked on the development of icons and maps since 2015 i have been painting portraits and landscapes on order oil tempera pencil charcoal sanguine additionally since 2017 i have been painting digital portraits in sai and photoshop on order 1 0 years
DJINNI-f356b649-ee05-5571-8ce8-48de48defc35,"July 2021 - May 2023 ( 1 year  10 months ) - 2d Artist at Home Games (Playrix studio)

Responsibilities:
sketching and rendering of isometric objects for Homescapes/Gardenscapes projects
rendering of isometric objects over 3d 
creating of marketing assets
creating UI icons

February 2019 - May 2021( 2 years  3 months ) - 2d Marketing Artist at come2play

Responsibilities:
creating of assets for in-game promo campaigns of social board game
creating of assets for different  social media
edits/fixes in existing art

July 2018 - January 2019 ( 6 months ) - 2d Artist at Wonderland Games

Responsibilities:
creating of game assets for games in hidden object genre
edits in existing art
sketching
cutting of assets for adding to game engine/ animation",Artist,Not Available,Not Available,5.0 years,2d Artist,Djinni Recruitment Dataset (English Candidate Profiles),https://huggingface.co/datasets/lang-uk/recruitment-dataset-candidate-profiles-english,f356b649-ee05-5571-8ce8-48de48defc35,anonymized,MIT License,2d artist july 2021 may 2023 1 year 10 months 2d artist at home games playrix studio responsibilities sketching and rendering of isometric objects for homescapes gardenscapes projects rendering of isometric objects over 3d creating of marketing assets creating ui icons february 2019 may 2021 2 years 3 months 2d marketing artist at come2play responsibilities creating of assets for in game promo campaigns of social board game creating of assets for different social media edits fixes in existing art july 2018 january 2019 6 months 2d artist at wonderland games responsibilities creating of game assets for games in hidden object genre edits in existing art sketching cutting of assets for adding to game engine animation 5 0 years
DJINNI-62d96216-608f-5ea1-ac1e-7be99e21aa71,"My experience has been start like 2d artist in small company. 
My tasks were:
development and creation of paywalls
improved monetization due to pop-ups
work with programmers and the marketing department",Artist,Not Available,Not Available,1.5 years,2d Artist,Djinni Recruitment Dataset (English Candidate Profiles),https://huggingface.co/datasets/lang-uk/recruitment-dataset-candidate-profiles-english,62d96216-608f-5ea1-ac1e-7be99e21aa71,anonymized,MIT License,2d artist my experience has been start like 2d artist in small company my tasks were development and creation of paywalls improved monetization due to pop ups work with programmers and the marketing department 1 5 years
DJINNI-ed0672d3-2237-5930-9a49-b6c0f714e85e,"Over 30 fantasy characters and environments concept for a board game.
Development of character concepts and backgrounds for several indie developers, in games of various genres (visual novel, 2d platformer, casual mobile games).
Drawing and animation of a game character for a cyber sports tournament.
Creation of stylized characters for a casino site and icons for slots.
Development of NFT games.
UGEARS
2d artist
Nov. 2017 - December 2018 (1 year 2 months)
Design and draw 2d game characters for ""Talos:
Collapse"" board game.


Freelance artist/Illustrator
Development of a 2d platformer game, in the style
of semi-realism.
Development of a visual novel for adults in the
realism style.
Creation of illustrations for slot games.
Jan. 2019 - 2021 (2 years)
Creation of the concept of characters, props and
environment.
Creation of the concept of characters, environments.

Hyper Factory
2d Artist
Development of the fantasy RPG game “Dungeon
Riders”,

Development of NFT game “Mushroo Legends”,

Worked on other projects in various styles and
genres.
Oct. 2021 - March 2023 (1 hours 6 months)
creation and design of characters, game items and
item icons in a casual style. Preparation for animation,
development of the environment and company maps.
creation of characters, game locations, item icons,
performed preparation for animations.
Шукаю творчий колектив та цікаві проекти :)",Artist,Not Available,Not Available,3.0 years,2d Artist,Djinni Recruitment Dataset (English Candidate Profiles),https://huggingface.co/datasets/lang-uk/recruitment-dataset-candidate-profiles-english,ed0672d3-2237-5930-9a49-b6c0f714e85e,anonymized,MIT License,2d artist over 30 fantasy characters and environments concept for a board game development of character concepts and backgrounds for several indie developers in games of various genres visual novel 2d platformer casual mobile games drawing and animation of a game character for a cyber sports tournament creation of stylized characters for a casino site and icons for slots development of nft games ugears 2d artist nov 2017 december 2018 1 year 2 months design and draw 2d game characters for talos collapse board game freelance artist illustrator development of a 2d platformer game in the style of semi realism development of a visual novel for adults in the realism style creation of illustrations for slot games jan 2019 2021 2 years creation of the concept of characters props and environment creation of the concept of characters environments hyper factory 2d artist development of the fantasy rpg game dungeon riders development of nft game mushroo legends worked on other projects in various styles and genres oct 2021 march 2023 1 hours 6 months creation and design of characters game items and item icons in a casual style preparation for animation development of the environment and company maps creation of characters game locations item icons performed preparation for animations 3 0 years
DJINNI-61f149b9-7146-543f-9209-0a887577ff89,"Graduated from the casual style course at Game Station Academy.
Excellent pencil skills, drawing of characters or animals on a graphical tablet; working with a graphics tablet. Casual drawing style, work with rendering in isometric. I understand color composition, perspective, feel the proportion.
Experience in Manual QA area.
Junior 2d Artist 
Good drawing a pencil, working with a graphics tablet, and characters, backgrounds, props;  
          Understand color composition, perspective, feel the proportion,  also understand the rules of 
          preparation for animation; 
          Work in casual and realistic styles;
          Oil paintings.",Artist,Not Available,Not Available,1.5 years,2d Artist;,Djinni Recruitment Dataset (English Candidate Profiles),https://huggingface.co/datasets/lang-uk/recruitment-dataset-candidate-profiles-english,61f149b9-7146-543f-9209-0a887577ff89,anonymized,MIT License,2d artist graduated from the casual style course at game station academy excellent pencil skills drawing of characters or animals on a graphical tablet working with a graphics tablet casual drawing style work with rendering in isometric i understand color composition perspective feel the proportion experience in manual qa area junior 2d artist good drawing a pencil working with a graphics tablet and characters backgrounds props understand color composition perspective feel the proportion also understand the rules of preparation for animation work in casual and realistic styles oil paintings 1 5 years
DJINNI-3048bdd5-7f49-5237-90b6-8c17189af656,"Illustrator of children's drawings. 
Drawing illustrator for mobile app.
Decorative illustration.
1. Created illustrations for children's bedding: 2D personages, design layouts (Apple Graphic).
2. Developed design of business cards, banners, advertising post. 
3. Position - 2D artist. Also project lead of arts projects. 
My strengths: Creative, communicative, responsible, learning new things.
My expectation is to develop in graphic design. I have a lot of experience with a program like Apple Graphic, but I also need some extra time learning about Adobe products. I would like to work in a team where I can learn and develop.",Artist,Not Available,Not Available,5.0 years,2D artist,Djinni Recruitment Dataset (English Candidate Profiles),https://huggingface.co/datasets/lang-uk/recruitment-dataset-candidate-profiles-english,3048bdd5-7f49-5237-90b6-8c17189af656,anonymized,MIT License,2d artist illustrator of children s drawings drawing illustrator for mobile app decorative illustration 1 created illustrations for children s bedding 2d personages design layouts apple graphic 2 developed design of business cards banners advertising post 3 position 2d artist also project lead of arts projects my strengths creative communicative responsible learning new things my expectation is to develop in graphic design i have a lot of experience with a program like apple graphic but i also need some extra time learning about adobe products i would like to work in a team where i can learn and develop 5 0 years
DJINNI-50f5fd4d-6d3a-5707-97d4-7a9e6f622d19,"• 2019-2021 - engaged in graphic design and vector illustrations on a freelance basis..

• Since 2021, I have been working as a 2D artist.  Worked with such companies as Volya production, Navi, etc.

• 2023 - participated in the global game jam as the main artist in the team.  The game won first place in Ukraine for visual support (art).
I specialise in 2d raster Art. This includes Illustrations, concept art, gane art etc.
I am not working with vector graphics/illustrations and motion design.",Artist,Not Available,Not Available,1.5 years,2D artist,Djinni Recruitment Dataset (English Candidate Profiles),https://huggingface.co/datasets/lang-uk/recruitment-dataset-candidate-profiles-english,50f5fd4d-6d3a-5707-97d4-7a9e6f622d19,anonymized,MIT License,2d artist 2019 2021 engaged in graphic design and vector illustrations on a freelance basis since 2021 i have been working as a 2d artist worked with such companies as volya production navi etc 2023 participated in the global game jam as the main artist in the team the game won first place in ukraine for visual support art i specialise in 2d raster art this includes illustrations concept art gane art etc i am not working with vector graphics illustrations and motion design 1 5 years
DJINNI-b7eb4322-b3e7-5707-83a3-7b4855da7a19,"2020/02 - 2021/04
Vortex Cannon Entertiment
2d artist - concept and backgrounds
work on visual novel:
- sketch and concept;
- full work on backgrounds;
- UI icons;

2019/10 - 2020/01
Project work
Vector illustrator
- work with vector illustration
- creation of objects in isometry (city building)

2017/07 - 2020/02
Freelance
Graphic designer, illustrator, 2d artist
- creation of printing and advertising products;
- vector illustrations;
- 2d illustrations;

2016/01- 2018/09
«DISPLAY.UA» advertising and production complex
Graphic designer
- creation of printing and advertising products;
- preparation of models for exhibitions and design for shops;
- work with vector and digital files;
- creating vector illustrations
Priority tasks in the work which I would like to do:
- concept art and sketching;
- backgrounds;
- illustrations;
- props environment;",Unity,Not Available,Not Available,1.5 years,2D artist,Djinni Recruitment Dataset (English Candidate Profiles),https://huggingface.co/datasets/lang-uk/recruitment-dataset-candidate-profiles-english,b7eb4322-b3e7-5707-83a3-7b4855da7a19,anonymized,MIT License,2d artist 2020 02 2021 04 vortex cannon entertiment 2d artist concept and backgrounds work on visual novel sketch and concept full work on backgrounds ui icons 2019 10 2020 01 project work vector illustrator work with vector illustration creation of objects in isometry city building 2017 07 2020 02 freelance graphic designer illustrator 2d artist creation of printing and advertising products vector illustrations 2d illustrations 2016 01 2018 09 display ua advertising and production complex graphic designer creation of printing and advertising products preparation of models for exhibitions and design for shops work with vector and digital files creating vector illustrations priority tasks in the work which i would like to do concept art and sketching backgrounds illustrations props environment 1 5 years
DJINNI-97dea1b7-80f5-5b08-9938-8184ff527289,"2d artist
Enixan, Kyiv
Mar 2017 - Mar 2018
Responsible for props, items, characters rendering for casual art style games. 
2d artist
GrandMA Studios, Kyiv
Apr 2018 - Jun 2019
Creating art for HOPA games. Photobash. 
freelance artist
remote
Jun 2019 - Dec 2021
Working on Upwork. Mostly cute casual style.
2d artist
Turbo Rocket Games, remote
Dec 2021 - May 2023
Animal character concepts and rendering. Casual and Semi-realistic style.",Artist,Not Available,Not Available,6.0 years,2D artist,Djinni Recruitment Dataset (English Candidate Profiles),https://huggingface.co/datasets/lang-uk/recruitment-dataset-candidate-profiles-english,97dea1b7-80f5-5b08-9938-8184ff527289,anonymized,MIT License,2d artist 2d artist enixan kyiv mar 2017 mar 2018 responsible for props items characters rendering for casual art style games 2d artist grandma studios kyiv apr 2018 jun 2019 creating art for hopa games photobash freelance artist remote jun 2019 dec 2021 working on upwork mostly cute casual style 2d artist turbo rocket games remote dec 2021 may 2023 animal character concepts and rendering casual and semi realistic style 6 0 years
DJINNI-8a72f4f1-0ea8-5af6-8223-9e5c70b1ad60,"I can adapt to a given style, learn quickly, meet project deadlines, and am responsible.
2D Artist in Mobile Game Development
April 2, 2020 - April 5, 2023
FireFog (Game Development for Play Market and App Store Platforms)

Worked as a lead artist for the Time Master game, focusing on game design, character development, and background creation.
Prepared graphics for transfer to the animator and maintained close communication with the chief programmer, game designer, and animator.
Worked in a given style and consistently met deadlines.

2D Artist and Concept Artist
September 8, 2017 - March 1, 2020
Yovo Games (Game Development for Play Market and App Store Platforms)

Contributed to various games targeting different age groups.
Developed game designs, characters, backgrounds, UI elements, icons, and banners.
Managed projects from start to finish and prepared graphics for transfer to the animator.
Maintained close communication with the chief programmer, game designer, and animator.
Adapted to different art styles and consistently met deadlines.

2D Artist and Illustrator
May 13, 2016 - October 2, 2017
Wumvi (English Language Learning Website)

Collaborated with the chief programmer on projects.
Developed site concepts and created interfaces for mini-games.
Designed characters and backgrounds in various styles.

2D Artist and 2D Animator
February 5, 2016 - August 6, 2016
Visual Fusion Holographic Theater (Creating Environments for Stage Performances)

Worked on major projects alongside programmers, animators, and team leaders.
Created characters, backgrounds, and objects.
Learned 2D animation within a short period and subsequently focused on lip-syncing and character animation for stage performances.
Jewelry Artist

May 2015 - November 2015
Sove Jewelry House (Jewelry)

Collaborated with the chief designer to create jewelry sketches.

2D Artist, Illustrator, and 2D Designer
May 2014 - June 2015
Freelancer (Worked for Various Clients)
Created logos and illustrations for children's books and magazines.
Developed concepts for applications.
I am actively looking for a job in game development, specializing in team-based game graphics creation.   I am passionate about creating high quality graphics to enhance the gaming experience and am happy to discuss opportunities and showcase my portfolio. Thank you for considering my candidacy.",Artist,Not Available,Not Available,5.0 years,2D artist,Djinni Recruitment Dataset (English Candidate Profiles),https://huggingface.co/datasets/lang-uk/recruitment-dataset-candidate-profiles-english,8a72f4f1-0ea8-5af6-8223-9e5c70b1ad60,anonymized,MIT License,2d artist i can adapt to a given style learn quickly meet project deadlines and am responsible 2d artist in mobile game development april 2 2020 april 5 2023 firefog game development for play market and app store platforms worked as a lead artist for the time master game focusing on game design character development and background creation prepared graphics for transfer to the animator and maintained close communication with the chief programmer game designer and animator worked in a given style and consistently met deadlines 2d artist and concept artist september 8 2017 march 1 2020 yovo games game development for play market and app store platforms contributed to various games targeting different age groups developed game designs characters backgrounds ui elements icons and banners managed projects from start to finish and prepared graphics for transfer to the animator maintained close communication with the chief programmer game designer and animator adapted to different art styles and consistently met deadlines 2d artist and illustrator may 13 2016 october 2 2017 wumvi english language learning website collaborated with the chief programmer on projects developed site concepts and created interfaces for mini games designed characters and backgrounds in various styles 2d artist and 2d animator february 5 2016 august 6 2016 visual fusion holographic theater creating environments for stage performances worked on major projects alongside programmers animators and team leaders created characters backgrounds and objects learned 2d animation within a short period and subsequently focused on lip syncing and character animation for stage performances jewelry artist may 2015 november 2015 sove jewelry house jewelry collaborated with the chief designer to create jewelry sketches 2d artist illustrator and 2d designer may 2014 june 2015 freelancer worked for various clients created logos and illustrations for children s books and magazines developed concepts for applications i am actively looking for a job in game development specializing in team based game graphics creation i am passionate about creating high quality graphics to enhance the gaming experience and am happy to discuss opportunities and showcase my portfolio thank you for considering my candidacy 5 0 years
DJINNI-4c621596-e77d-5b84-b830-248aa74c7042,"2D artist with 7 years of experience in computer graphics and the GameDev industry. 
I started to work as an illustrator for slot games but in a very cool style of art.
Had the experience to participate in the creation of many projects with different styles - from casual to matte painting, for mobile games and PC games. Conceptualize/ideation.
In my last work, I was involved in creating 2D assets, full part of game art - for the environment, icons, props, UI, objects, illustrations and etc.
I do not want to take part in slot games, match 3. I do not want to work on Gambling at all",Artist,Not Available,Not Available,7.0 years,2D artist,Djinni Recruitment Dataset (English Candidate Profiles),https://huggingface.co/datasets/lang-uk/recruitment-dataset-candidate-profiles-english,4c621596-e77d-5b84-b830-248aa74c7042,anonymized,MIT License,2d artist 2d artist with 7 years of experience in computer graphics and the gamedev industry i started to work as an illustrator for slot games but in a very cool style of art had the experience to participate in the creation of many projects with different styles from casual to matte painting for mobile games and pc games conceptualize ideation in my last work i was involved in creating 2d assets full part of game art for the environment icons props ui objects illustrations and etc i do not want to take part in slot games match 3 i do not want to work on gambling at all 7 0 years
DJINNI-f679cf58-a5ba-5636-9753-2aa5f7ec1a1d,"I have experience in:
— 2D concept art of characters and costumes for further 3D implementation;
— development of concepts for mobile games (icons, interface, level, characters and props)
— drawing backgrounds for a 2D cartoon;
— vector illustration for animation;
— In my spare time, I study Blender and develop a small graphic story.
2D concept artist  - Somnium Game
06.2021 —08.2022
- 2D concept art of characters and costumes.
- development of concepts for mobile games

Background Artist - 2Flame
09.2020 — 01.2021 
- I worked as a background artist for a short 2D cartoon.

Illustrator - GJ animation studio
08.2019 —05.2020",Artist,Not Available,Not Available,2.0 years,2D artist,Djinni Recruitment Dataset (English Candidate Profiles),https://huggingface.co/datasets/lang-uk/recruitment-dataset-candidate-profiles-english,f679cf58-a5ba-5636-9753-2aa5f7ec1a1d,anonymized,MIT License,2d artist i have experience in 2d concept art of characters and costumes for further 3d implementation development of concepts for mobile games icons interface level characters and props drawing backgrounds for a 2d cartoon vector illustration for animation in my spare time i study blender and develop a small graphic story 2d concept artist somnium game 06 2021 08 2022 2d concept art of characters and costumes development of concepts for mobile games background artist 2flame 09 2020 01 2021 i worked as a background artist for a short 2d cartoon illustrator gj animation studio 08 2019 05 2020 2 0 years
DJINNI-8c90992c-f924-51b9-a8c9-ba276c218981,"2D illustrator, Nov 2021 - Present
Self employment, Lviv
I make 2D illustrations in Photoshop. Design and paint avatars
for pages, made illustrations in different styles.

Graphic designer, 2017 - 2019
Freelance, Kyiv
On a freelance basis I was made presentationsn in Illustrator,
book layout in InDesign, banners, calendars and business cards
in Photoshop.",Artist,Not Available,Not Available,1.0 years,2D artist,Djinni Recruitment Dataset (English Candidate Profiles),https://huggingface.co/datasets/lang-uk/recruitment-dataset-candidate-profiles-english,8c90992c-f924-51b9-a8c9-ba276c218981,anonymized,MIT License,2d artist 2d illustrator nov 2021 present self employment lviv i make 2d illustrations in photoshop design and paint avatars for pages made illustrations in different styles graphic designer 2017 2019 freelance kyiv on a freelance basis i was made presentationsn in illustrator book layout in indesign banners calendars and business cards in photoshop 1 0 years
DJINNI-cf8c2496-69af-55de-ac84-ac39afdb8046,"4.5 years in Retro style games company on position - 2D artist
3.5 years in NetEnt company on position - Artist generalist
I have a lot of experience in teaching drawing. I also mentored juniors. Worked on various mobile games, including slots.",Artist,Not Available,Not Available,8.0 years,2D artist,Djinni Recruitment Dataset (English Candidate Profiles),https://huggingface.co/datasets/lang-uk/recruitment-dataset-candidate-profiles-english,cf8c2496-69af-55de-ac84-ac39afdb8046,anonymized,MIT License,2d artist 4 5 years in retro style games company on position 2d artist 3 5 years in netent company on position artist generalist i have a lot of experience in teaching drawing i also mentored juniors worked on various mobile games including slots 8 0 years
DJINNI-61078c8f-ed22-52f6-9c30-ef92caf381e9,"Bachelor degree in graphic arts (NAFAA)
+ 3 years of freelance experience on Upwork/Fiver (vector,illustration,concept art,covers).
+ 1.5 NSFW  2D art commisions (characters,illustrations)
Recently working (freelance) on  HOPA project in FriendlyFox.

Professional knowledge and skills

- Photoshop
- Blender 3D
- Illustrator
- Inkscape

Field of experience : Environmental concept art,illustration,concept art, props, isometrical game art",Artist,Not Available,Not Available,4.0 years,2D artist,Djinni Recruitment Dataset (English Candidate Profiles),https://huggingface.co/datasets/lang-uk/recruitment-dataset-candidate-profiles-english,61078c8f-ed22-52f6-9c30-ef92caf381e9,anonymized,MIT License,2d artist bachelor degree in graphic arts nafaa 3 years of freelance experience on upwork fiver vector illustration concept art covers 1 5 nsfw 2d art commisions characters illustrations recently working freelance on hopa project in friendlyfox professional knowledge and skills photoshop blender 3d illustrator inkscape field of experience environmental concept art illustration concept art props isometrical game art 4 0 years
DJINNI-9033d9a6-f5bf-504d-84c4-469a2a2d0160,"For 2 years I took 6 courses in art and design, worked as a freelancer
Casual mobile games and Social casino:
- GUI elements
- Icons
- Props
Full-time job as 2D artist or UI artist",Other,Not Available,Not Available,2.0 years,2D artist,Djinni Recruitment Dataset (English Candidate Profiles),https://huggingface.co/datasets/lang-uk/recruitment-dataset-candidate-profiles-english,9033d9a6-f5bf-504d-84c4-469a2a2d0160,anonymized,MIT License,2d artist for 2 years i took 6 courses in art and design worked as a freelancer casual mobile games and social casino gui elements icons props full time job as 2d artist or ui artist 2 0 years
DJINNI-0513d127-c131-5808-a008-33eecdc8d3ca,"Contest - won with simple Animation in German University
I graduated from art school and continue to improve to this day. I take many different courses, for example, on the Udemy platform
Clantis Game Studio
Drawing concepts for charachters and help with other things (e.g. interviewing).
Also have experience in Freelancing.
I have experience not related to the field of game design, I can solve problems in different ways.",Artist,Not Available,Not Available,0.5 years,2D artist,Djinni Recruitment Dataset (English Candidate Profiles),https://huggingface.co/datasets/lang-uk/recruitment-dataset-candidate-profiles-english,0513d127-c131-5808-a008-33eecdc8d3ca,anonymized,MIT License,2d artist contest won with simple animation in german university i graduated from art school and continue to improve to this day i take many different courses for example on the udemy platform clantis game studio drawing concepts for charachters and help with other things e g interviewing also have experience in freelancing i have experience not related to the field of game design i can solve problems in different ways 0 5 years
DJINNI-620244aa-5187-5e00-8988-b93e3bdf735f,"completed training at HIGHMONT CREATIVE AGENCY. Created merch, identity and creatives from December 2021 to March 2022. Soft skills are my greatest achievement: persistence, ability to work in a team, creativity, ability to work on time, initiative, etc.",Artist,Not Available,Not Available,0.0 years,2D artist,Djinni Recruitment Dataset (English Candidate Profiles),https://huggingface.co/datasets/lang-uk/recruitment-dataset-candidate-profiles-english,620244aa-5187-5e00-8988-b93e3bdf735f,anonymized,MIT License,2d artist completed training at highmont creative agency created merch identity and creatives from december 2021 to march 2022 soft skills are my greatest achievement persistence ability to work in a team creativity ability to work on time initiative etc 0 0 years
DJINNI-8b4856ba-b8df-5b13-8bd2-2691ba9ac11a,"• Creating art for slot games from sketches to final art: work with symbols, buttons, UI elements, icons, pop-ups, fonts, game logos, game background.
• Preparation psd files for integration and animation.
• Communication with team about art process.
Погодинна оплата не цікавить",Artist,Not Available,Not Available,1.5 years,2D artist,Djinni Recruitment Dataset (English Candidate Profiles),https://huggingface.co/datasets/lang-uk/recruitment-dataset-candidate-profiles-english,8b4856ba-b8df-5b13-8bd2-2691ba9ac11a,anonymized,MIT License,2d artist creating art for slot games from sketches to final art work with symbols buttons ui elements icons pop ups fonts game logos game background preparation psd files for integration and animation communication with team about art process 1 5 years
DJINNI-dd78981d-22bf-501d-a2fc-1ebf1788e479,"-Creating artworks from sketch to finished render
-Developing visual concepts and ideas for games
-Creating appealing characters, environments, and game items
-Storyboarding
-Card games illustrations
-Creating illustrations for animated videos
-Character design for videos and card games",Artist,Not Available,Not Available,2.5 years,2D artist,Djinni Recruitment Dataset (English Candidate Profiles),https://huggingface.co/datasets/lang-uk/recruitment-dataset-candidate-profiles-english,dd78981d-22bf-501d-a2fc-1ebf1788e479,anonymized,MIT License,2d artist creating artworks from sketch to finished render developing visual concepts and ideas for games creating appealing characters environments and game items storyboarding card games illustrations creating illustrations for animated videos character design for videos and card games 2 5 years
DJINNI-83af7372-4a9b-5c68-b770-4643baba347f,"Creating props, UI elements, background, sketches, screen concept.
Creating art for HOPA games: tools, zoom zones.
Preparing art for animation and integration, always ready to be a back up of any art team needs.
Creating art for casual games, HOPA games, mini games, UI elements, sketches.",Other,Not Available,Not Available,1.5 years,2D artist,Djinni Recruitment Dataset (English Candidate Profiles),https://huggingface.co/datasets/lang-uk/recruitment-dataset-candidate-profiles-english,83af7372-4a9b-5c68-b770-4643baba347f,anonymized,MIT License,2d artist creating props ui elements background sketches screen concept creating art for hopa games tools zoom zones preparing art for animation and integration always ready to be a back up of any art team needs creating art for casual games hopa games mini games ui elements sketches 1 5 years
DJINNI-dfe441d1-5ea2-5b8a-ab5e-4f6a8a5dbfc3,"Creation and illustration of the characters, backgrounds, landscapes, interiors, as well as illustration for animation, both pixel and vector art. 

I would like to develop my skills in game industry, creating the characters, backrounds, and objejcts.",Artist,Not Available,Not Available,1.0 years,2D artist,Djinni Recruitment Dataset (English Candidate Profiles),https://huggingface.co/datasets/lang-uk/recruitment-dataset-candidate-profiles-english,dfe441d1-5ea2-5b8a-ab5e-4f6a8a5dbfc3,anonymized,MIT License,2d artist creation and illustration of the characters backgrounds landscapes interiors as well as illustration for animation both pixel and vector art i would like to develop my skills in game industry creating the characters backrounds and objejcts 1 0 years
DJINNI-ccdaff49-fe9f-5bf6-ad63-525e60bfc456,"Creation of game levels and concepts, development and drawing of characters and locations, implementation of creative ideas.
Development of maps, characters, props, backgrounds, development of sketches",Artist,Not Available,Not Available,11.0 years,2D artist,Djinni Recruitment Dataset (English Candidate Profiles),https://huggingface.co/datasets/lang-uk/recruitment-dataset-candidate-profiles-english,ccdaff49-fe9f-5bf6-ad63-525e60bfc456,anonymized,MIT License,2d artist creation of game levels and concepts development and drawing of characters and locations implementation of creative ideas development of maps characters props backgrounds development of sketches 11 0 years
DJINNI-3f62e19d-c7dc-5ee2-b1c1-c7ede9ca87a0,"Average metrics of videos I illustrated for: Views - 3.3 M, CTR - 50,2%, Retention (60sec) - 45,3%, AdsFill - 59,3%.
Draw everything from characters to background objects. Have skills in animation and 3D modeling. Have experience with Photoshop, Illustrator, Blender, Paint Tool SAI, After Effects, Twine, etc. Basic knowledge of Unity and C#. Сan use AI like Midjourney to speed up work.

Have experience in:
- proofreading the scenario with its screenwriter (I've suggested corrections and deletion of unnecessary details to minimize time-to-market);
- drawing storyboards;
- drawing characters, backgrounds and objects;
- drawing slots for online casino;
- generating assets, objects, backgrounds and characters with Midjourney and Blue Willow;
- modeling game elements with Blender;
- composing backgrounds with objects and characters over it;
- drawing keyframe animations for game elements;
- preparing PSD files for skeletal animation;
- preparing assets for Unity;
- making edits according to feedback from the client or colleagues.
In cooperation I value trust, so wouldn't like to work with time trackers or polygraph tests for no reason. Prefer the deadline system.
It would be nice to have a limited range of responsibilities (focus on 1 area of work, and not switch between 10 tasks in parallel)",Artist,Not Available,Not Available,4.0 years,2D artist,Djinni Recruitment Dataset (English Candidate Profiles),https://huggingface.co/datasets/lang-uk/recruitment-dataset-candidate-profiles-english,3f62e19d-c7dc-5ee2-b1c1-c7ede9ca87a0,anonymized,MIT License,2d artist average metrics of videos i illustrated for views 3 3 m ctr 50 2 retention 60sec 45 3 adsfill 59 3 draw everything from characters to background objects have skills in animation and 3d modeling have experience with photoshop illustrator blender paint tool sai after effects twine etc basic knowledge of unity and csharp an use ai like midjourney to speed up work have experience in proofreading the scenario with its screenwriter i ve suggested corrections and deletion of unnecessary details to minimize time to market drawing storyboards drawing characters backgrounds and objects drawing slots for online casino generating assets objects backgrounds and characters with midjourney and blue willow modeling game elements with blender composing backgrounds with objects and characters over it drawing keyframe animations for game elements preparing psd files for skeletal animation preparing assets for unity making edits according to feedback from the client or colleagues in cooperation i value trust so wouldn t like to work with time trackers or polygraph tests for no reason prefer the deadline system it would be nice to have a limited range of responsibilities focus on 1 area of work and not switch between 10 tasks in parallel 4 0 years
DJINNI-b5466855-7fb2-5dab-91ba-31d1c0f20550,"Drawing by hand or on a graphics tablet (photoshop).
Solid knowledge of human and animal anatomy.
Character design for animated films. 
Prototyping and 3d sculpting skills in 3d- coat, z- brush programs. 
Knowledge of Unreal engine 5.
Knowledge of Nanita and Lumen technology.
For programming I can use both blueprints and C++


more than 2 years Company:Mehsoft
Sketching and finalizing content for games",Artist,Not Available,Not Available,2.5 years,2D artist,Djinni Recruitment Dataset (English Candidate Profiles),https://huggingface.co/datasets/lang-uk/recruitment-dataset-candidate-profiles-english,b5466855-7fb2-5dab-91ba-31d1c0f20550,anonymized,MIT License,2d artist drawing by hand or on a graphics tablet photoshop solid knowledge of human and animal anatomy character design for animated films prototyping and 3d sculpting skills in 3d coat z brush programs knowledge of unreal engine 5 knowledge of nanita and lumen technology for programming i can use both blueprints and cpp cplusplus more than 2 years company mehsoft sketching and finalizing content for games 2 5 years
DJINNI-b8028413-b530-58e4-b925-0bfd21daff0e,"Experienced digital freelance artist with a year of diverse experience in concept art, character design, UI for mobile games, and creating illustrations for books. Adept at translating ideas into visually compelling artwork, delivering high-quality designs that capture the essence of projects.
Proven ability to work independently, meeting client expectations and deadlines. Proficient in various digital tools and techniques, with a strong passion for bringing creativity to life through visual storytelling.",Artist,Not Available,Not Available,1.0 years,2D artist,Djinni Recruitment Dataset (English Candidate Profiles),https://huggingface.co/datasets/lang-uk/recruitment-dataset-candidate-profiles-english,b8028413-b530-58e4-b925-0bfd21daff0e,anonymized,MIT License,2d artist experienced digital freelance artist with a year of diverse experience in concept art character design ui for mobile games and creating illustrations for books adept at translating ideas into visually compelling artwork delivering high quality designs that capture the essence of projects proven ability to work independently meeting client expectations and deadlines proficient in various digital tools and techniques with a strong passion for bringing creativity to life through visual storytelling 1 0 years
DJINNI-78817adf-272a-50aa-979a-8b115137bc12,"Experience:	
	July 2018 - March 2020
Retoucher-designer	 
Red Umbrella, Kharkiv.
Functional responsibilities:
- development of corporate design and logos;
- video processing. 

	March 2021 - february 2022
Designer
Blue Umbrella, Kharkiv.

  November 2022 - July 2023
2D artist
Realis network
- creating NFC props and characters
- keeping up to date UI/UX design

	March 2019 - Nowadays 
2D Artist (Characters, props, illustrations, concepts)
Freelance",Artist,Not Available,Not Available,1.0 years,2D artist,Djinni Recruitment Dataset (English Candidate Profiles),https://huggingface.co/datasets/lang-uk/recruitment-dataset-candidate-profiles-english,78817adf-272a-50aa-979a-8b115137bc12,anonymized,MIT License,2d artist experience july 2018 march 2020 retoucher designer red umbrella kharkiv functional responsibilities development of corporate design and logos video processing march 2021 february 2022 designer blue umbrella kharkiv november 2022 july 2023 2d artist realis network creating nfc props and characters keeping up to date ui ux design march 2019 nowadays 2d artist characters props illustrations concepts freelance 1 0 years
DJINNI-0731a133-4fd3-5df9-8d90-9144c25506d4,"Expirienced in casual game development:
- creating isometric props and assets from concept to final
- drawing icons for material drops 
- developing and supervising maps and locations for casual games 
- creating all kind of in-game illustrations
- character desing (to some extent) 
- texturing over prepeared model
- working with teams up to 20 people both as member and team lead
No animation skills whatsoever 
Not great in dealing with UI",Artist,Not Available,Not Available,5.0 years,2D artist,Djinni Recruitment Dataset (English Candidate Profiles),https://huggingface.co/datasets/lang-uk/recruitment-dataset-candidate-profiles-english,0731a133-4fd3-5df9-8d90-9144c25506d4,anonymized,MIT License,2d artist expirienced in casual game development creating isometric props and assets from concept to final drawing icons for material drops developing and supervising maps and locations for casual games creating all kind of in game illustrations character desing to some extent texturing over prepeared model working with teams up to 20 people both as member and team lead no animation skills whatsoever not great in dealing with ui 5 0 years
DJINNI-b942370d-6a42-55ca-8e0b-106a3a12c23c,"Finished courses of 2D Character concept art lvl 1, in 2017.

Worked as a 3D texturing artist in a game company ( Plarium, 2017-2020):
- was creating textures for more than 200 3D character models in a RPG mobile game
- checked the quality of textures in the Unity game engine
- was creating textures for 3D environment in Substance
designer.
Want to work now in 2D art sector as a junior artist. 
Prefer Environment concept art, illustration.
Eager to study and work a lot on self education. Also as a junior artist ready to work on different projects.",Artist,Not Available,Not Available,3.0 years,2D artist,Djinni Recruitment Dataset (English Candidate Profiles),https://huggingface.co/datasets/lang-uk/recruitment-dataset-candidate-profiles-english,b942370d-6a42-55ca-8e0b-106a3a12c23c,anonymized,MIT License,2d artist finished courses of 2d character concept art lvl 1 in 2017 worked as a 3d texturing artist in a game company plarium 2017 2020 was creating textures for more than 200 3d character models in a rpg mobile game checked the quality of textures in the unity game engine was creating textures for 3d environment in substance designer want to work now in 2d art sector as a junior artist prefer environment concept art illustration eager to study and work a lot on self education also as a junior artist ready to work on different projects 3 0 years
DJINNI-55935992-8717-5971-9ef4-6bedbfc66e7d,"Fourth place(out of 40+) in the sticker contest for the Кawoon messenger.
Participation in various projects.
For 2 years on freelance I participated in various projects. It was both game dev and development of merch, stickers, logos, printed and advertising products. I also learned to find a common language with customers.
Now I want to develop my drawing skills, participate in various interesting projects where I can show my talent and creativity",Artist,Not Available,Not Available,2.0 years,2D artist,Djinni Recruitment Dataset (English Candidate Profiles),https://huggingface.co/datasets/lang-uk/recruitment-dataset-candidate-profiles-english,55935992-8717-5971-9ef4-6bedbfc66e7d,anonymized,MIT License,2d artist fourth place out of 40 in the sticker contest for the awoon messenger participation in various projects for 2 years on freelance i participated in various projects it was both game dev and development of merch stickers logos printed and advertising products i also learned to find a common language with customers now i want to develop my drawing skills participate in various interesting projects where i can show my talent and creativity 2 0 years
DJINNI-5e860760-991f-5b93-89a4-1c1db78d61de,"For more than 10 years I have been helping people tell their stories in the language of audiovisual images. The success of many films was born in my editing room. And I always bear personal responsibility for this.
I am experienced user of Adobe Pemiere Pro and After effects as well.
Certified colorist in Davinci Resolve, worked as a freelance video editor on international projects. 

I will help you solve any problems that require:

- video editing;
- color correction;
- motion graphics;
- cleanup;",Artist,Not Available,Not Available,1.0 years,2D artist,Djinni Recruitment Dataset (English Candidate Profiles),https://huggingface.co/datasets/lang-uk/recruitment-dataset-candidate-profiles-english,5e860760-991f-5b93-89a4-1c1db78d61de,anonymized,MIT License,2d artist for more than 10 years i have been helping people tell their stories in the language of audiovisual images the success of many films was born in my editing room and i always bear personal responsibility for this i am experienced user of adobe pemiere pro and after effects as well certified colorist in davinci resolve worked as a freelance video editor on international projects i will help you solve any problems that require video editing color correction motion graphics cleanup 1 0 years
DJINNI-a2b921d3-a3b6-505a-a842-aceebf6f817e,"I learn quickly, improve my skills, work on mistakes and adequately accept criticism
Freelance (2014-)

DecalHouse  (May 2018-October 2018)
Graphic designer
Creating design in Adobe packages (Photoshop, Illustrator).
Wallpaper designs in different styles, wall stickers, for cars and
for laptops.

Fenix-Soft & AdvertMobile  (October 2018-May 2020)
2-D artist
Participation in the process of developing ideas and concepts for casual and strategy games. Sketching, drawing pop-ups, interface, characters, objects and locations for mobile games in Adobe packages. Animation game elements. Preparation and cutting of graphics.

Digicode (July 2020-February 2021)
Creative 2-D artist
Development and drawing  projects from the sketch to the final render on slot projects. Preparation  graphics for animation.

Evoplay Entertainment (February 2021-May 2022)
2-D artist
Participation in the creation concept, development and drawing projects from the sketch to the final render, preparation graphics for animation. Work on instant and pvp games
The lowest priority for projects in the realism style
I would like to work on projects in casual style, or semi realism
I love work in a team and I am very inspired to work on the characters, so if you have an offer for a 2D character artist - it will be great",Artist,Not Available,Not Available,5.0 years,2D artist,Djinni Recruitment Dataset (English Candidate Profiles),https://huggingface.co/datasets/lang-uk/recruitment-dataset-candidate-profiles-english,a2b921d3-a3b6-505a-a842-aceebf6f817e,anonymized,MIT License,2d artist i learn quickly improve my skills work on mistakes and adequately accept criticism freelance 2014 decalhouse may 2018 october 2018 graphic designer creating design in adobe packages photoshop illustrator wallpaper designs in different styles wall stickers for cars and for laptops fenix soft advertmobile october 2018 may 2020 2 d artist participation in the process of developing ideas and concepts for casual and strategy games sketching drawing pop ups interface characters objects and locations for mobile games in adobe packages animation game elements preparation and cutting of graphics digicode july 2020 february 2021 creative 2 d artist development and drawing projects from the sketch to the final render on slot projects preparation graphics for animation evoplay entertainment february 2021 may 2022 2 d artist participation in the creation concept development and drawing projects from the sketch to the final render preparation graphics for animation work on instant and pvp games the lowest priority for projects in the realism style i would like to work on projects in casual style or semi realism i love work in a team and i am very inspired to work on the characters so if you have an offer for a 2d character artist it will be great 5 0 years
DJINNI-30458ddc-be57-5383-ae1f-0b4a043b61cc,"Freelance 2019- NOW  Items for mobile games
 Illustrations for Youtube channel:
profile photo and banner
 Book cover illustration
 A series of illustrations for a work
published on the Wattpad platform
 OC design
 Character portraits
 Theme design for PowerPoint.",Other,Not Available,Not Available,2.0 years,2D artist,Djinni Recruitment Dataset (English Candidate Profiles),https://huggingface.co/datasets/lang-uk/recruitment-dataset-candidate-profiles-english,30458ddc-be57-5383-ae1f-0b4a043b61cc,anonymized,MIT License,2d artist freelance 2019 now items for mobile games illustrations for youtube channel profile photo and banner book cover illustration a series of illustrations for a work published on the wattpad platform oc design character portraits theme design for powerpoint 2 0 years
DJINNI-eefa6828-4c49-55dd-aad9-40a4da9803b2,"Freelancer(2D Artist)experience: more than 2 years
- work with foreign customers
- creation of raster and vector images
- development of illustrations with characters, icons, stickers
- creation of frames for animation
4Enjoy(2DArtist)experience: 2 years
A game studio that specializes in creating its own mobile games in a casual style
- work with isometry
- creation of buildings, decorations for the map
- development of various rooms and backgrounds for characters
-creating characters
- working with the interface, creating popups",Artist,Not Available,Not Available,2.0 years,2D artist,Djinni Recruitment Dataset (English Candidate Profiles),https://huggingface.co/datasets/lang-uk/recruitment-dataset-candidate-profiles-english,eefa6828-4c49-55dd-aad9-40a4da9803b2,anonymized,MIT License,2d artist freelancer 2d artist experience more than 2 years work with foreign customers creation of raster and vector images development of illustrations with characters icons stickers creation of frames for animation 4enjoy 2dartist experience 2 years a game studio that specializes in creating its own mobile games in a casual style work with isometry creation of buildings decorations for the map development of various rooms and backgrounds for characters creating characters working with the interface creating popups 2 0 years
DJINNI-4e84cf30-d3a4-53d2-a8a8-6d6048b0b8e9,"From 2009 year work in gamedev in different HO and ISpy projects as 2D artist (ISpy, HO - locations and items, zooms, MG), a little bit interesting with animation. Now 2d graphics optimisation (Git, Sourcetree, exml, Sublime).
I'm working in Photoshop, Illustrator, InDesign, have work experience in the printing industry. 
For teamwork - Asana, Slack
Ukrainian, English, Polish, base Deutsch",Artist,Not Available,Not Available,11.0 years,2D artist,Djinni Recruitment Dataset (English Candidate Profiles),https://huggingface.co/datasets/lang-uk/recruitment-dataset-candidate-profiles-english,4e84cf30-d3a4-53d2-a8a8-6d6048b0b8e9,anonymized,MIT License,2d artist from 2009 year work in gamedev in different ho and ispy projects as 2d artist ispy ho locations and items zooms mg a little bit interesting with animation now 2d graphics optimisation git sourcetree exml sublime i m working in photoshop illustrator indesign have work experience in the printing industry for teamwork asana slack ukrainian english polish base deutsch 11 0 years
DJINNI-57b569c1-5a42-575e-897e-157733f868ab,"Giganeo Development Company
(12.2021 - 03.2022)
2d artist
- drawing environment objects
- creating characters and environment
consepts
- drawing game illustrations
- UI/UX design

Freelance artist (03.2022 - 2023)
Character artist for visual novels( 07.2022 - 08.2022,10.2022):
- ""Lovely monsters"" by Martessa
- ""Princess peas"" by Martessa",Artist,Not Available,Not Available,1.0 years,2D artist,Djinni Recruitment Dataset (English Candidate Profiles),https://huggingface.co/datasets/lang-uk/recruitment-dataset-candidate-profiles-english,57b569c1-5a42-575e-897e-157733f868ab,anonymized,MIT License,2d artist giganeo development company 12 2021 03 2022 2d artist drawing environment objects creating characters and environment consepts drawing game illustrations ui ux design freelance artist 03 2022 2023 character artist for visual novels 07 2022 08 2022 10 2022 lovely monsters by martessa princess peas by martessa 1 0 years
DJINNI-8f93bac0-e031-5b7d-b9c6-2a909298fbc3,"Global Game Jam Ukraine 2017: Our team won the 1st prize for the developed game. Participated in game development as 2D artist.

Global Game Jam Ukraine 2016: Our team won the 3rd prize for the developed game. Participated in game development as 2D artist.

Sigma Software Experience: Being a junior 2D artist, developed the design concept and the topic of the game, prepared presentation for management and got approval to start art development; developed slot game art from moodboard scratch till the final rendered graphics without much supervision.
Have 8 years in IT industry, which include 2 year as Strong Junior 2D Artist (the major professional direction right now) for slot casino games at Sigma Software company; and 7 years as QA Engineer, which include 4 years of casual/casino games testing.
Motivated team, friendly internal communication, team oriented management",Unity,Not Available,Not Available,2.0 years,2D artist,Djinni Recruitment Dataset (English Candidate Profiles),https://huggingface.co/datasets/lang-uk/recruitment-dataset-candidate-profiles-english,8f93bac0-e031-5b7d-b9c6-2a909298fbc3,anonymized,MIT License,2d artist global game jam ukraine 2017 our team won the 1st prize for the developed game participated in game development as 2d artist global game jam ukraine 2016 our team won the 3rd prize for the developed game participated in game development as 2d artist sigma software experience being a junior 2d artist developed the design concept and the topic of the game prepared presentation for management and got approval to start art development developed slot game art from moodboard scratch till the final rendered graphics without much supervision have 8 years in it industry which include 2 year as strong junior 2d artist the major professional direction right now for slot casino games at sigma software company and 7 years as qa engineer which include 4 years of casual casino games testing motivated team friendly internal communication team oriented management 2 0 years
DJINNI-b5feb797-77a8-5fad-b2a3-45accd83c69b,"Hello! I'm an Artist with more than 8 years experience in Fine Art (3 of them in the game industry). Art is my passion and my goal is the creation of high-quality and unique products in the game industry and traditional Fine Art. 
I have a wide experience of developing the full graphic design for mobile, desktop and web games from concept to the final product, including UI/UX, backgrounds, characters, and other elements.
Feel free to contact me and have a nice day :)",Design,Not Available,Not Available,3.0 years,2D artist,Djinni Recruitment Dataset (English Candidate Profiles),https://huggingface.co/datasets/lang-uk/recruitment-dataset-candidate-profiles-english,b5feb797-77a8-5fad-b2a3-45accd83c69b,anonymized,MIT License,2d artist hello i m an artist with more than 8 years experience in fine art 3 of them in the game industry art is my passion and my goal is the creation of high quality and unique products in the game industry and traditional fine art i have a wide experience of developing the full graphic design for mobile desktop and web games from concept to the final product including ui ux backgrounds characters and other elements feel free to contact me and have a nice day 3 0 years
DJINNI-abcf0433-f5cb-504e-8154-a29df303fbf6,"I am well acquainted with the academic base due to graduation from the art college. I finished a year-long course to improve my 2D art skills, and immediately after got a job in a multimedia company. I have not only successfully adjusted to the art style of the project, but also quickly tried to complement the design with my own decisions. By now, I have proceeded to develop new locations and character concepts, though there is so much more for me to learn.
Hello! 
I'm currently working as a 2D artist/Illustrator in a multimedia entertainment company. I do environment and character art, draw different objects for further animation and sometimes design some concepts of new characters and locations. I work in casual / flat style, but also can do semi-realistic illustrations and photobash if a more realistic picture is needed. My main tool is Adobe Photoshop, but I am familiar with other graphic design software, such as Adobe Illustrator, CorelDraw, Procreate, etc.
I'd like to work more on new different projects, especially on gamedev tasks :)
I'm excited to gain new experience and participate in the creation of inspiring projects. Well-organized team with positive mentality is crucial for me. I'd like to know what are we doing at each milestone and feel the strong team spirit.",Artist,Not Available,Not Available,1.0 years,2D artist,Djinni Recruitment Dataset (English Candidate Profiles),https://huggingface.co/datasets/lang-uk/recruitment-dataset-candidate-profiles-english,abcf0433-f5cb-504e-8154-a29df303fbf6,anonymized,MIT License,2d artist i am well acquainted with the academic base due to graduation from the art college i finished a year long course to improve my 2d art skills and immediately after got a job in a multimedia company i have not only successfully adjusted to the art style of the project but also quickly tried to complement the design with my own decisions by now i have proceeded to develop new locations and character concepts though there is so much more for me to learn hello i m currently working as a 2d artist illustrator in a multimedia entertainment company i do environment and character art draw different objects for further animation and sometimes design some concepts of new characters and locations i work in casual flat style but also can do semi realistic illustrations and photobash if a more realistic picture is needed my main tool is adobe photoshop but i am familiar with other graphic design software such as adobe illustrator coreldraw procreate etc i d like to work more on new different projects especially on gamedev tasks i m excited to gain new experience and participate in the creation of inspiring projects well organized team with positive mentality is crucial for me i d like to know what are we doing at each milestone and feel the strong team spirit 1 0 years
DJINNI-8e0699bb-8534-584f-bec0-ce9cdde3fb21,"Hello, I'm Olesia, generalist artist.
I have 3+ years of experience working with 2D game art as an artist. I also have experience working as a project manager with a team of 6 people.
Responsibilities:
• creation of concepts for backgrounds and game props; 
• production and optimization of game art; 
• final polishing of game props, backgrounds, items, icons, UI elements etc.; 
• promo art;
• preparation artworks for animation",Artist,Not Available,Not Available,3.0 years,2D artist,Djinni Recruitment Dataset (English Candidate Profiles),https://huggingface.co/datasets/lang-uk/recruitment-dataset-candidate-profiles-english,8e0699bb-8534-584f-bec0-ce9cdde3fb21,anonymized,MIT License,2d artist hello i m olesia generalist artist i have 3 years of experience working with 2d game art as an artist i also have experience working as a project manager with a team of 6 people responsibilities creation of concepts for backgrounds and game props production and optimization of game art final polishing of game props backgrounds items icons ui elements etc promo art preparation artworks for animation 3 0 years
DJINNI-4ed3f070-6bdd-5b88-a155-d4275264aed9,"Hello, I'm Volodymyr, 2d artist. I have been working in the game industry since 2015. I draw concepts, characters, illustrations, and game assets. I also work in casual styling and isometry. Confident possession of the tablet. Basic knowledge of the basics of composition, anatomy, color, and perspective.
I use Adobe Photoshop",Artist,Not Available,Not Available,7.0 years,2D artist,Djinni Recruitment Dataset (English Candidate Profiles),https://huggingface.co/datasets/lang-uk/recruitment-dataset-candidate-profiles-english,4ed3f070-6bdd-5b88-a155-d4275264aed9,anonymized,MIT License,2d artist hello i m volodymyr 2d artist i have been working in the game industry since 2015 i draw concepts characters illustrations and game assets i also work in casual styling and isometry confident possession of the tablet basic knowledge of the basics of composition anatomy color and perspective i use adobe photoshop 7 0 years
DJINNI-b159a1cf-6b0f-5efc-b2cc-c7729e2c6c4f,"Hello, my name is Maryna and a’m an 2D artist with 5 years experience in position as 2D artist and 1,5 years as 2D Lead Artist. Work with high quality 2D characters, sketching and finalizations. Work in semi-realism and realism. Want to grow up in work with illustrations",Artist,Not Available,Not Available,5.0 years,2D artist,Djinni Recruitment Dataset (English Candidate Profiles),https://huggingface.co/datasets/lang-uk/recruitment-dataset-candidate-profiles-english,b159a1cf-6b0f-5efc-b2cc-c7729e2c6c4f,anonymized,MIT License,2d artist hello my name is maryna and a m an 2d artist with 5 years experience in position as 2d artist and 1 5 years as 2d lead artist work with high quality 2d characters sketching and finalizations work in semi realism and realism want to grow up in work with illustrations 5 0 years
DJINNI-63b5070c-0c0d-5287-bc21-91918613fd35,"- I have worked on various projects, which has allowed me to develop versatility and adapt quickly to different work styles.

- I am a fast learner and easily grasp new material.

- I have achieved a high drawing speed.

- I have developed a strong sense of organization in my work.
Hey there! I'm Nick, a 2D artist with three years of experience. Art runs in my veins, and I'm always super excited to create new masterpieces.

   Over the past three years as a freelancer, I've successfully taken on various exciting projects:

-Crafting unique NFT collections, generating them with metadata. My work also includes eye-catching banner designs, with carefully set up Discord servers and essential bots to ensure the smooth launch of your project. I handle everything pre-launch, except marketing.
-Approaching social media creatives with a fresh perspective to grab the audience's attention and strengthen your brand.
-Adding an artistic touch to business ideas, giving them a distinct look and a touch of flair.
-Developing exclusive WL (White List) art for NFT projects, bringing in a unique style and charisma, and often participating in contests.
-Creating captivating characters for games with engaging backstories.
Illustrating children's books with gripping plots and a diverse range of art styles suitable for various age groups.
-Crafting artistic wonders for apparel printing and other creative needs.
-Designing user interfaces and navigation to ensure maximum user comfort.
-Crafting one-of-a-kind logos and banners that truly represent your brand and its values.
-Bringing people to life through my artistic portrayals in portraits.
-Designing unique stickers for popular messengers like Discord and Telegram.
-Developing captivating art for mobile applications to enhance their appeal to users.
-Creating art for desktop games, especially within the card genre.
-Crafting visual content for your personal landing pages to elevate your project's image.
-Editing photos according to your preferences.
-Designing art for gaming elements, such as locations, objects, buildings, and more.

If you're looking for a creative and talented artist for your next project, don't hesitate to reach out! I'll be thrilled and professional in bringing your ideas to life. 

Together, we'll create something extraordinary!",Artist,Not Available,Not Available,3.0 years,2D artist,Djinni Recruitment Dataset (English Candidate Profiles),https://huggingface.co/datasets/lang-uk/recruitment-dataset-candidate-profiles-english,63b5070c-0c0d-5287-bc21-91918613fd35,anonymized,MIT License,2d artist i have worked on various projects which has allowed me to develop versatility and adapt quickly to different work styles i am a fast learner and easily grasp new material i have achieved a high drawing speed i have developed a strong sense of organization in my work hey there i m nick a 2d artist with three years of experience art runs in my veins and i m always super excited to create new masterpieces over the past three years as a freelancer i ve successfully taken on various exciting projects crafting unique nft collections generating them with metadata my work also includes eye catching banner designs with carefully set up discord servers and essential bots to ensure the smooth launch of your project i handle everything pre launch except marketing approaching social media creatives with a fresh perspective to grab the audience s attention and strengthen your brand adding an artistic touch to business ideas giving them a distinct look and a touch of flair developing exclusive wl white list art for nft projects bringing in a unique style and charisma and often participating in contests creating captivating characters for games with engaging backstories illustrating children s books with gripping plots and a diverse range of art styles suitable for various age groups crafting artistic wonders for apparel printing and other creative needs designing user interfaces and navigation to ensure maximum user comfort crafting one of a kind logos and banners that truly represent your brand and its values bringing people to life through my artistic portrayals in portraits designing unique stickers for popular messengers like discord and telegram developing captivating art for mobile applications to enhance their appeal to users creating art for desktop games especially within the card genre crafting visual content for your personal landing pages to elevate your project s image editing photos according to your preferences designing art for gaming elements such as locations objects buildings and more if you re looking for a creative and talented artist for your next project don t hesitate to reach out i ll be thrilled and professional in bringing your ideas to life together we ll create something extraordinary 3 0 years
DJINNI-ba289ad8-adb9-5b57-ad57-b1366b90e816,"- High-education as an Artist;
- Work as Illustrator for 2 years in outsourcing company ""Ideal studio""; 
- Participated in Game Jams, 4-times;
- Graduated course from CGLab - Game Art;
- Graduated course from GameStation Academy - gaming casual graphics;
- Participated in the development of indie games;
- Work as book-illustrator half-year;
- Confident knowledge of Adobe Photoshop, ZBrush, Blender. I work in Krita, Adobe Illustrator, Adobe InDеsign; 
Learning: Unity, 3d max, Adobe Animate;
- Good knowledge of the basics of drawing (composition, perspective, anatomy, color);
- Аbility to work in a variety of graphic styles;
- Design: Character, Background, UI\UX, Environment props;
Only GameDev 
(Mobile games, game design)
Work on the renderer, character, backgrounds, concept

It would be good if you have:
- Professional training and courses, internal mentorship, English courses;
I don't work if you propose:
- matte paint",Artist,Not Available,Not Available,2.0 years,2D artist,Djinni Recruitment Dataset (English Candidate Profiles),https://huggingface.co/datasets/lang-uk/recruitment-dataset-candidate-profiles-english,ba289ad8-adb9-5b57-ad57-b1366b90e816,anonymized,MIT License,2d artist high education as an artist work as illustrator for 2 years in outsourcing company ideal studio participated in game jams 4 times graduated course from cglab game art graduated course from gamestation academy gaming casual graphics participated in the development of indie games work as book illustrator half year confident knowledge of adobe photoshop zbrush blender i work in krita adobe illustrator adobe ind sign learning unity 3d max adobe animate good knowledge of the basics of drawing composition perspective anatomy color bility to work in a variety of graphic styles design character background ui ux environment props only gamedev mobile games game design work on the renderer character backgrounds concept it would be good if you have professional training and courses internal mentorship english courses i don t work if you propose matte paint 2 0 years
DJINNI-e3cfaa04-a5f0-587d-a176-8ac8e0a5f6ef,"Hi! I like to draw stylized drawings (my main direction are the characters). 
During my work, I managed to work on casual, slot and hob games. 
In my role as a 2d artist I did: characters; bg; UI/UX; objects.",Artist,Not Available,Not Available,5.0 years,2D artist,Djinni Recruitment Dataset (English Candidate Profiles),https://huggingface.co/datasets/lang-uk/recruitment-dataset-candidate-profiles-english,e3cfaa04-a5f0-587d-a176-8ac8e0a5f6ef,anonymized,MIT License,2d artist hi i like to draw stylized drawings my main direction are the characters during my work i managed to work on casual slot and hob games in my role as a 2d artist i did characters bg ui ux objects 5 0 years
DJINNI-1f9d86b0-cb84-5396-b8a3-296ff9746a65,"- a university award for outstanding participation in the NBU30 creative initiative with an original short film dedicated to New Bulgarian University's anniversary (check it out in my portfolio!) 

- 1st place in the nation-wide Bulgarian Creative Writing Competition in 2019 :)
Hi! 

I've been making pictures both traditionally and digitally for my entire life, and I'm currently in my 3rd year of studying animation in New Bulgarian University. 

I've dabbled in freelance as a graphic designer and worked on Steppe Dragon's children educational game «Plutie’s Adventures».

While working on the game, my responsibilities included:

- creating the visuals for the project: concept art, character design, 2D assets, illustrations, backgrounds and surroundings, UI elements 

- active participation in the creative process, development of the game's concept, building a coherent ludo-narrative and creating the main character's entire profile in tandem with our narrative designer and game designer
I'd love to be able to focus on character design/concept art/illustration as one of my main strengths, but I'm open to anything as long as it's an interesting project :)",Artist,Not Available,Not Available,1.0 years,2D artist,Djinni Recruitment Dataset (English Candidate Profiles),https://huggingface.co/datasets/lang-uk/recruitment-dataset-candidate-profiles-english,1f9d86b0-cb84-5396-b8a3-296ff9746a65,anonymized,MIT License,2d artist a university award for outstanding participation in the nbu30 creative initiative with an original short film dedicated to new bulgarian university s anniversary check it out in my portfolio 1st place in the nation wide bulgarian creative writing competition in 2019 hi i ve been making pictures both traditionally and digitally for my entire life and i m currently in my 3rd year of studying animation in new bulgarian university i ve dabbled in freelance as a graphic designer and worked on steppe dragon s children educational game plutie s adventures while working on the game my responsibilities included creating the visuals for the project concept art character design 2d assets illustrations backgrounds and surroundings ui elements active participation in the creative process development of the game s concept building a coherent ludo narrative and creating the main character s entire profile in tandem with our narrative designer and game designer i d love to be able to focus on character design concept art illustration as one of my main strengths but i m open to anything as long as it s an interesting project 1 0 years
DJINNI-1a96a711-aec1-5634-b297-519a612683ef,"Hi, my name is Anastasia 2d artist. For more than 2,5 years of working as an artist, I gained experience working on various projects. Worked on casual graphics, vector and sandbox projects. If necessary, I will quickly adapt to the desired style. I work well in Photoshop and Illustraror, I also use a blender for better quality work. I know how to prepare files for animation and overpaint 3D models",Other,Not Available,Not Available,2.5 years,2D artist,Djinni Recruitment Dataset (English Candidate Profiles),https://huggingface.co/datasets/lang-uk/recruitment-dataset-candidate-profiles-english,1a96a711-aec1-5634-b297-519a612683ef,anonymized,MIT License,2d artist hi my name is anastasia 2d artist for more than 2 5 years of working as an artist i gained experience working on various projects worked on casual graphics vector and sandbox projects if necessary i will quickly adapt to the desired style i work well in photoshop and illustraror i also use a blender for better quality work i know how to prepare files for animation and overpaint 3d models 2 5 years
DJINNI-0be4e1f1-675f-5f65-b5a9-5802e844024c,"Hi, my name is Anastasiia, I am from Ukraine  and I am a professional artist, now living in the EU.

I have been drawing since childhood and for over 10 years on a graphic tablet. Interested in computer graphics, 2D, game development.


SKILLS SUMMARY 

• Character design (9 years) 
Creating characters from concept to completion based on
requirements
Adapting 2D characters for use in skeletal animation
Bringing people's original characters to life (D&D, VTube)
Designing characters with vector graphics for modern screen
resolutions
• UI design (2 years)
Drawing detailed, distinct UI for PC and mobile platforms
Designing and rendering icons for point-and-click and hidden-object ga
mes
Designing and rendering backgrounds that fit the overall story and feel of the game
• Background and environment art (1 year) 
Adding specific objects and details into existing background
illustrations
Creating room interiors from concept to final product

WORK EXPERIENCE

• MERALYX studio
2D artist
March 2021 - Present (1 year 3 months)
May 2018 - January 2019 (9 months)
game assets, vector illustrations, icons, backgrounds, characters
• Indie studio
2D artist
September 2020 - March 2021 (7 months)
illustrations for bone animation, backgrounds, characters
• Freelancehunt
2D artist
September 2017 - Present (4 years 9 months)
comics, storyboards, portraits, character concepts, realistic and stylized
illustrations, illustrations for animation, graphic design, logo, interface",Artist,Not Available,Not Available,2.5 years,2D artist,Djinni Recruitment Dataset (English Candidate Profiles),https://huggingface.co/datasets/lang-uk/recruitment-dataset-candidate-profiles-english,0be4e1f1-675f-5f65-b5a9-5802e844024c,anonymized,MIT License,2d artist hi my name is anastasiia i am from ukraine and i am a professional artist now living in the eu i have been drawing since childhood and for over 10 years on a graphic tablet interested in computer graphics 2d game development skills summary character design 9 years creating characters from concept to completion based on requirements adapting 2d characters for use in skeletal animation bringing people s original characters to life d d vtube designing characters with vector graphics for modern screen resolutions ui design 2 years drawing detailed distinct ui for pc and mobile platforms designing and rendering icons for point and click and hidden object ga mes designing and rendering backgrounds that fit the overall story and feel of the game background and environment art 1 year adding specific objects and details into existing background illustrations creating room interiors from concept to final product work experience meralyx studio 2d artist march 2021 present 1 year 3 months may 2018 january 2019 9 months game assets vector illustrations icons backgrounds characters indie studio 2d artist september 2020 march 2021 7 months illustrations for bone animation backgrounds characters freelancehunt 2d artist september 2017 present 4 years 9 months comics storyboards portraits character concepts realistic and stylized illustrations illustrations for animation graphic design logo interface 2 5 years
DJINNI-5836aad4-a210-5942-acd1-d70ed91c7e7c,"I have the skills to work with raster and vector images, I approach tasks creatively. Knowledge of Adobe Photoshop, Figma, Adobe Illustrator, Microsoft Office, SAI, Google Docs
I 2D Artist, creating comics, character designs, illustrations and emoticons for Twitch platforms. Likes to work in a cartoon style, which is good for concepts, comics or illustrations (for children's books, etc.)",Artist,Not Available,Not Available,4.0 years,2D artist,Djinni Recruitment Dataset (English Candidate Profiles),https://huggingface.co/datasets/lang-uk/recruitment-dataset-candidate-profiles-english,5836aad4-a210-5942-acd1-d70ed91c7e7c,anonymized,MIT License,2d artist i have the skills to work with raster and vector images i approach tasks creatively knowledge of adobe photoshop figma adobe illustrator microsoft office sai google docs i 2d artist creating comics character designs illustrations and emoticons for twitch platforms likes to work in a cartoon style which is good for concepts comics or illustrations for children s books etc 4 0 years
DJINNI-b706a6c3-fc89-5a39-bbfc-c6f558dee2c1,"I am a digital artist specializing in 2D artwork. My experience includes painting digital portraits in a fantasy style, making Disney style illustrations and creating fantasy illustrations for own projects.
I also have a background as an art teacher, conducting drawing lessons for children, guiding students in developing their artistic skills and style by teaching them various techniques and tools.",Artist,Not Available,Not Available,2.5 years,2D artist,Djinni Recruitment Dataset (English Candidate Profiles),https://huggingface.co/datasets/lang-uk/recruitment-dataset-candidate-profiles-english,b706a6c3-fc89-5a39-bbfc-c6f558dee2c1,anonymized,MIT License,2d artist i am a digital artist specializing in 2d artwork my experience includes painting digital portraits in a fantasy style making disney style illustrations and creating fantasy illustrations for own projects i also have a background as an art teacher conducting drawing lessons for children guiding students in developing their artistic skills and style by teaching them various techniques and tools 2 5 years
DJINNI-bb4416fd-fd30-5dd8-b348-c6e84367fddb,"Made my hobby into a profession
I am an artist, Illustrator with graphic designer base. I work with any part of the full project and flexible with art style. While my experience will match your expectation we can create different game objects, characters, area design, emotions, and sketches  I have a born talent in drawing and package of different certificates from art courses. I am pretty flexible with respect to working hours. Deadlines are sacred for me and I will review your order as many times as it takes for it to exceed your expectations!
develop, learn new things, grow, and bring success to the company",Other,Not Available,Not Available,3.0 years,2D artist,Djinni Recruitment Dataset (English Candidate Profiles),https://huggingface.co/datasets/lang-uk/recruitment-dataset-candidate-profiles-english,bb4416fd-fd30-5dd8-b348-c6e84367fddb,anonymized,MIT License,2d artist made my hobby into a profession i am an artist illustrator with graphic designer base i work with any part of the full project and flexible with art style while my experience will match your expectation we can create different game objects characters area design emotions and sketches i have a born talent in drawing and package of different certificates from art courses i am pretty flexible with respect to working hours deadlines are sacred for me and i will review your order as many times as it takes for it to exceed your expectations develop learn new things grow and bring success to the company 3 0 years
DJINNI-e3cf0b5f-95f9-5174-b2cc-93dc29151cc4,"At position ceramic tiles designer the key success is a complete reboot of the product portfolio. Thanks to the creative approach, they received commercial success.
At position fashion bloger - thanks to the content managed to grow my blog from 140 subscribers to 1000 no paid promotion.
I am a professional artist with a higher artistic education. I have extensive experience in creating and rendering graphics, which I have acquired whilst: decorative patterns for video games, development of ceramic tiles design, fashion blogging, creation of a commercial site, development of forged products.
I plan to develop myself as a game artist. I like to draw mobile games and their interfaces. My creativity, acquired experience and high motivation will create a successful product.",Artist,Not Available,Not Available,1.0 years,2D artist,Djinni Recruitment Dataset (English Candidate Profiles),https://huggingface.co/datasets/lang-uk/recruitment-dataset-candidate-profiles-english,e3cf0b5f-95f9-5174-b2cc-93dc29151cc4,anonymized,MIT License,2d artist at position ceramic tiles designer the key success is a complete reboot of the product portfolio thanks to the creative approach they received commercial success at position fashion bloger thanks to the content managed to grow my blog from 140 subscribers to 1000 no paid promotion i am a professional artist with a higher artistic education i have extensive experience in creating and rendering graphics which i have acquired whilst decorative patterns for video games development of ceramic tiles design fashion blogging creation of a commercial site development of forged products i plan to develop myself as a game artist i like to draw mobile games and their interfaces my creativity acquired experience and high motivation will create a successful product 1 0 years
DJINNI-91f15f99-e7a8-5068-a53d-c65e2f6d58df,"You can see my work in portfolio. There I sometimes write about the ideas that inspired some of the work.
For 10 years I studied at an art school in traditional drawing (painting, studying graphic materials, sculpture, and art history). I learned digital drawing 3 years ago.
I also took a course on drawing a person, knowledge of human anatomy.
I am currently studying to be an artist and teacher of fine arts. In parallel, I want to work, I will consider both project proposals and full time. I draw concept art of characters, environments, weapons (from sketch to final 2D render), art, illustrations, game development, casual style. While I work at a small rate, because I have no work experience as such.
Work mainly in Photoshop, I tried to use neural networks for inspiration and help in my work. I also have some experience in Adobe Illustrator, but I don't use it much.",Artist,Not Available,Not Available,0.0 years,2D artist,Djinni Recruitment Dataset (English Candidate Profiles),https://huggingface.co/datasets/lang-uk/recruitment-dataset-candidate-profiles-english,91f15f99-e7a8-5068-a53d-c65e2f6d58df,anonymized,MIT License,2d artist you can see my work in portfolio there i sometimes write about the ideas that inspired some of the work for 10 years i studied at an art school in traditional drawing painting studying graphic materials sculpture and art history i learned digital drawing 3 years ago i also took a course on drawing a person knowledge of human anatomy i am currently studying to be an artist and teacher of fine arts in parallel i want to work i will consider both project proposals and full time i draw concept art of characters environments weapons from sketch to final 2d render art illustrations game development casual style while i work at a small rate because i have no work experience as such work mainly in photoshop i tried to use neural networks for inspiration and help in my work i also have some experience in adobe illustrator but i don t use it much 0 0 years
DJINNI-b2d7ad46-05bc-5d62-b615-d80076947626,"I am developing of marketing arts, characters, props, environments, gui, concepts, nft.

Familiar and worked with the full process of creating 2D art at all stages of development, from 0 to the final.
I prefer to develop graphics in directions casual graphics, realism, near-realism, anime, isometry, academic perspective, etc. full knowledge of anatomy, coloring, theory of light and shadow, stylization. Art development for mobile and browser games.",Artist,Not Available,Not Available,2.5 years,2D artist,Djinni Recruitment Dataset (English Candidate Profiles),https://huggingface.co/datasets/lang-uk/recruitment-dataset-candidate-profiles-english,b2d7ad46-05bc-5d62-b615-d80076947626,anonymized,MIT License,2d artist i am developing of marketing arts characters props environments gui concepts nft familiar and worked with the full process of creating 2d art at all stages of development from 0 to the final i prefer to develop graphics in directions casual graphics realism near realism anime isometry academic perspective etc full knowledge of anatomy coloring theory of light and shadow stylization art development for mobile and browser games 2 5 years
DJINNI-b170d3ef-45f0-5666-bd39-4db13abb8cd9,"I created concept and character design for freelance projects in different styles. For the last 2 years  I have been working in cartoon style. I also have experience in creating various objects, animals, backgrounds.",Design,Not Available,Not Available,2.5 years,2D artist,Djinni Recruitment Dataset (English Candidate Profiles),https://huggingface.co/datasets/lang-uk/recruitment-dataset-candidate-profiles-english,b170d3ef-45f0-5666-bd39-4db13abb8cd9,anonymized,MIT License,2d artist i created concept and character design for freelance projects in different styles for the last 2 years i have been working in cartoon style i also have experience in creating various objects animals backgrounds 2 5 years
DJINNI-f60736c0-e2bd-5347-a830-d5b0f7426844,"I drew the main character, I drew posters and collages, book covers, logos and illustrations for educational projects",Artist,Not Available,Not Available,2.5 years,2D artist,Djinni Recruitment Dataset (English Candidate Profiles),https://huggingface.co/datasets/lang-uk/recruitment-dataset-candidate-profiles-english,f60736c0-e2bd-5347-a830-d5b0f7426844,anonymized,MIT License,2d artist i drew the main character i drew posters and collages book covers logos and illustrations for educational projects 2 5 years
DJINNI-b995269e-7a4b-53b8-8e0f-56b5a653777b,"I graduated National Academy of Fine Arts and Architecture. At the moment I work on a pet project: designing game characters and gear.
I'd like to be a concept artist, design characters, locations and gear",Design,Not Available,Not Available,0.5 years,2D artist,Djinni Recruitment Dataset (English Candidate Profiles),https://huggingface.co/datasets/lang-uk/recruitment-dataset-candidate-profiles-english,b995269e-7a4b-53b8-8e0f-56b5a653777b,anonymized,MIT License,2d artist i graduated national academy of fine arts and architecture at the moment i work on a pet project designing game characters and gear i d like to be a concept artist design characters locations and gear 0 5 years
DJINNI-d9c7c937-561a-5177-a9d7-cbbcd2f5f33c,"I had a simple tasks about changes in Photoshop and Fusion files from 3D department to develop department. (1year) . 
And have a lot of years experience with paint and teaching children how to paint. 
Now I'm unemployed and open to work.
Now I'm in Poland.",Artist,Not Available,Not Available,1.0 years,2D artist,Djinni Recruitment Dataset (English Candidate Profiles),https://huggingface.co/datasets/lang-uk/recruitment-dataset-candidate-profiles-english,d9c7c937-561a-5177-a9d7-cbbcd2f5f33c,anonymized,MIT License,2d artist i had a simple tasks about changes in photoshop and fusion files from 3d department to develop department 1year and have a lot of years experience with paint and teaching children how to paint now i m unemployed and open to work now i m in poland 1 0 years
DJINNI-bfe5669b-08fe-54e9-96d0-f4e19d9bc6ff,"I have 3 years of experience as a UI artist. My responsibilities mostly included creating 2D art for UI. I created different kinds of props, icons, decorations and backgrounds. I took part in 2 intensive courses about 2D art and learnt a lot of valuable information on creating game art like basic principles of art, rendering and concept art.
I believe that the key to creating anything, It's is collaboration with people and sharing ideas and knowledge with each other to reach better results. So I'd like to work with people who are passionate about creating something interesting.",Artist,Not Available,Not Available,3.0 years,2D artist,Djinni Recruitment Dataset (English Candidate Profiles),https://huggingface.co/datasets/lang-uk/recruitment-dataset-candidate-profiles-english,bfe5669b-08fe-54e9-96d0-f4e19d9bc6ff,anonymized,MIT License,2d artist i have 3 years of experience as a ui artist my responsibilities mostly included creating 2d art for ui i created different kinds of props icons decorations and backgrounds i took part in 2 intensive courses about 2d art and learnt a lot of valuable information on creating game art like basic principles of art rendering and concept art i believe that the key to creating anything it s is collaboration with people and sharing ideas and knowledge with each other to reach better results so i d like to work with people who are passionate about creating something interesting 3 0 years
DJINNI-5cdb8691-8b9c-598b-80c7-8dc10821aa06,"I have some covers for e-books.
I have expeirence in freelance: I draw illustrations for personal use and I draw cover for e-books.
Now I very want improve my skills and go to casual isometric style in games, I start creating own artworks project for portfolio.
I'm open and interested for learning new.
Good friendship team, easy speaking about the process. I'm open for remarks and can to fix mistakes.",Artist,Not Available,Not Available,0.0 years,2D artist,Djinni Recruitment Dataset (English Candidate Profiles),https://huggingface.co/datasets/lang-uk/recruitment-dataset-candidate-profiles-english,5cdb8691-8b9c-598b-80c7-8dc10821aa06,anonymized,MIT License,2d artist i have some covers for e books i have expeirence in freelance i draw illustrations for personal use and i draw cover for e books now i very want improve my skills and go to casual isometric style in games i start creating own artworks project for portfolio i m open and interested for learning new good friendship team easy speaking about the process i m open for remarks and can to fix mistakes 0 0 years
DJINNI-632dd622-537e-5f7e-8339-79059f2871bb,"I got a great skills in character design, icon painting and commercial illustration.
Also have a lot of experience in traditional art.
I have experience working on commercial illustrations for Instagram for Doubletop. In addition, I have been freelancing for a long time: creating icons, characters, music album covers, portraits and paintings.
Most of all I am interested in character concept art, but I'm also ready to work with icons, props and other standard tasks in game development.",Artist,Not Available,Not Available,0.5 years,2D artist,Djinni Recruitment Dataset (English Candidate Profiles),https://huggingface.co/datasets/lang-uk/recruitment-dataset-candidate-profiles-english,632dd622-537e-5f7e-8339-79059f2871bb,anonymized,MIT License,2d artist i got a great skills in character design icon painting and commercial illustration also have a lot of experience in traditional art i have experience working on commercial illustrations for instagram for doubletop in addition i have been freelancing for a long time creating icons characters music album covers portraits and paintings most of all i am interested in character concept art but i m also ready to work with icons props and other standard tasks in game development 0 5 years
DJINNI-e4ff6912-8241-57d1-898c-84764a1dd179,"I have no work experience, but I have a good base of meanings and skills. I studied at the Art School on the courses ""Photoshop and Illustration"", and at the moment I'm studying at the Academy of Design and Arts. I am ready to work for a small fee, the main thing is to get more practical experience, in return I guarantee stress resistance, diligence and a desire to develop. I am proficient in Photoshop, Illustrator and basic sculpting skills in Zbrush.

Thank you for your attention",Artist,Not Available,Not Available,0.0 years,2D artist,Djinni Recruitment Dataset (English Candidate Profiles),https://huggingface.co/datasets/lang-uk/recruitment-dataset-candidate-profiles-english,e4ff6912-8241-57d1-898c-84764a1dd179,anonymized,MIT License,2d artist i have no work experience but i have a good base of meanings and skills i studied at the art school on the courses photoshop and illustration and at the moment i m studying at the academy of design and arts i am ready to work for a small fee the main thing is to get more practical experience in return i guarantee stress resistance diligence and a desire to develop i am proficient in photoshop illustrator and basic sculpting skills in zbrush thank you for your attention 0 0 years
DJINNI-77daaeba-4e45-5c0f-9569-9c1df30236af,"I'm am a future student, but I already have half and a year of experience in freelance being a 2D artist  animator. 

 Usually I work with different fantasy characters, making for customers an illustration they want to see. It may be a comic sheet, book cover, character and even an animated piece! 

I work in ClipStudio Paint and Adobe Photoshop. 

 I'm eager to learn and try new in illustration and character design field!",Artist,Not Available,Not Available,0.0 years,2D artist,Djinni Recruitment Dataset (English Candidate Profiles),https://huggingface.co/datasets/lang-uk/recruitment-dataset-candidate-profiles-english,77daaeba-4e45-5c0f-9569-9c1df30236af,anonymized,MIT License,2d artist i m am a future student but i already have half and a year of experience in freelance being a 2d artist animator usually i work with different fantasy characters making for customers an illustration they want to see it may be a comic sheet book cover character and even an animated piece i work in clipstudio paint and adobe photoshop i m eager to learn and try new in illustration and character design field 0 0 years
DJINNI-757d95ed-5313-5f62-9c31-544eaab72df0,"cartoon style
casual games
creative sketches
character concepts
draw game icons
draw objects
draw frames
draw game background
draw characters
create interface elements
create logos
work with any part of the project
I'm a professional artist with 2.5 years' experience as 2D artist in the game industry and with a background in illustration. Having broad and practical experience in fine arts, I was working in different art styles but found myself in Cartoon one. I prefer most of all working with casual games.
As per my skills, I create fast and creative sketches and can finalize the company's unique sketches, as well as create high quality and unique character concepts. In addition, I can paint 3D objects, draw game icons, objects, frames, game backgrounds, characters, interface elements, logos and work with any part of the project. I have enough experience with each of the above-mentioned points. 

I like to constantly learn new things and improve my art-level. Every assignment I work on gives me new skills and experiences, which helps me grow and develop professionally. I often go through various refresher courses, strengthening my knowledge. Having earned my master's degree in fine arts with honor, I received excellent academic knowledge and skills, which allow me now to quickly improve and adapt to new challenges in the game industry. 
My diligence, love for drawing and games, the habit of getting the job done, the opportunity to participate in the creation of real game help me a lot in completing any challenging task.
I interested in different projects. I can draw different backgrounds, game objects, characters, game icons, logos, buttons and others.
Thank you for your attention!",Unity,Not Available,Not Available,2.5 years,2D artist,Djinni Recruitment Dataset (English Candidate Profiles),https://huggingface.co/datasets/lang-uk/recruitment-dataset-candidate-profiles-english,757d95ed-5313-5f62-9c31-544eaab72df0,anonymized,MIT License,2d artist cartoon style casual games creative sketches character concepts draw game icons draw objects draw frames draw game background draw characters create interface elements create logos work with any part of the project i m a professional artist with 2 5 years experience as 2d artist in the game industry and with a background in illustration having broad and practical experience in fine arts i was working in different art styles but found myself in cartoon one i prefer most of all working with casual games as per my skills i create fast and creative sketches and can finalize the company s unique sketches as well as create high quality and unique character concepts in addition i can paint 3d objects draw game icons objects frames game backgrounds characters interface elements logos and work with any part of the project i have enough experience with each of the above mentioned points i like to constantly learn new things and improve my art level every assignment i work on gives me new skills and experiences which helps me grow and develop professionally i often go through various refresher courses strengthening my knowledge having earned my master s degree in fine arts with honor i received excellent academic knowledge and skills which allow me now to quickly improve and adapt to new challenges in the game industry my diligence love for drawing and games the habit of getting the job done the opportunity to participate in the creation of real game help me a lot in completing any challenging task i interested in different projects i can draw different backgrounds game objects characters game icons logos buttons and others thank you for your attention 2 5 years
DJINNI-8acc18de-b487-5250-9f27-49da97e3640a,"I’m from Kyiv and have more than 5 years of experience in gamedev companies. My working path started at the beginning of 2017 as a 2D artist for social casino games. I was drawing icons, backgrounds and UI pop-ups.
The year after that I started to work on a puzzle game in a new place, where I became experienced with creating almost everything for the game: from the concept to the final render. Then I get acquainted with match 2\match 3 and HOPA projects. I was responsible for creating isometric props and assets, drawing icons, overpainting 3D models, and developing maps and locations for casual games. My latest job was about creating locations and characters for marketing videos.
I have a work experience as a 2D artist and lead artist in such companies as Whaleapp, UniBit Studio, NanoReality Games and Playrix.
Now I want to be involved in an interesting product,  improve my concept art skills and learn 3D software.
I know for sure that I don't want to create marketing materials and designing UI is not the most desirable job for me but I can do it in small amounts.
I'm interested in freelance offers the most.",Artist,Not Available,Not Available,5.0 years,2D artist,Djinni Recruitment Dataset (English Candidate Profiles),https://huggingface.co/datasets/lang-uk/recruitment-dataset-candidate-profiles-english,8acc18de-b487-5250-9f27-49da97e3640a,anonymized,MIT License,2d artist i m from kyiv and have more than 5 years of experience in gamedev companies my working path started at the beginning of 2017 as a 2d artist for social casino games i was drawing icons backgrounds and ui pop ups the year after that i started to work on a puzzle game in a new place where i became experienced with creating almost everything for the game from the concept to the final render then i get acquainted with match 2 match 3 and hopa projects i was responsible for creating isometric props and assets drawing icons overpainting 3d models and developing maps and locations for casual games my latest job was about creating locations and characters for marketing videos i have a work experience as a 2d artist and lead artist in such companies as whaleapp unibit studio nanoreality games and playrix now i want to be involved in an interesting product improve my concept art skills and learn 3d software i know for sure that i don t want to create marketing materials and designing ui is not the most desirable job for me but i can do it in small amounts i m interested in freelance offers the most 5 0 years
DJINNI-22719912-9ee1-564a-a524-f93aeeb1c88d,"I'm full of passion to create colourful casual art! I'm skilled with props concepting and materials rendering. Also I study character design and plan to develop in this direction.
- concepting and 2D materials rendering of game props and icons
- concepting gameplay objects
- preparing art for animation
- drawing different clothes for character for promoart
- work with 3D models and AI",Artist,Not Available,Not Available,4.0 years,2D artist,Djinni Recruitment Dataset (English Candidate Profiles),https://huggingface.co/datasets/lang-uk/recruitment-dataset-candidate-profiles-english,22719912-9ee1-564a-a524-f93aeeb1c88d,anonymized,MIT License,2d artist i m full of passion to create colourful casual art i m skilled with props concepting and materials rendering also i study character design and plan to develop in this direction concepting and 2d materials rendering of game props and icons concepting gameplay objects preparing art for animation drawing different clothes for character for promoart work with 3d models and ai 4 0 years
DJINNI-23c76aa7-c49e-57a5-9d58-9f7a87952734,"in the period from 2017 to 2023 -I had two full-time jobs as an illustrator for online magazine.


I also freelanced from time to time and did character design, illustrated books and stuff like that:)",Artist,Not Available,Not Available,6.0 years,2D artist,Djinni Recruitment Dataset (English Candidate Profiles),https://huggingface.co/datasets/lang-uk/recruitment-dataset-candidate-profiles-english,23c76aa7-c49e-57a5-9d58-9f7a87952734,anonymized,MIT License,2d artist in the period from 2017 to 2023 i had two full time jobs as an illustrator for online magazine i also freelanced from time to time and did character design illustrated books and stuff like that 6 0 years
DJINNI-f599ee49-a83a-54ae-83b1-acf47f9eb845,"- ready the first episode of a startup company (Fuffy Puffy Animations) - an animated series for children
- good english speaking skills
- game art portfolio
- I take courses, study materials and continuously improve my art skills, strongly motivated on doing it
-I started as a freelance artist on Fiverr (created graphics to order)
- A 2D artist on animation project for kids ""Fuffy Puffy Animations"",  collaborated with other artists animators and lead
- Art teacher in local art studio )provided courses and master-classes for children and adults)
- Outcorsing work (created ivent icons for mobile game, GreenT games)
-It would be nice to cooperate with team lead and other skilled workers, i'm open to feedback and ready to generate ideas with a team
- it's valuable for me to have an opportunity to improve my skills",Artist,Not Available,Not Available,3.0 years,2D artist,Djinni Recruitment Dataset (English Candidate Profiles),https://huggingface.co/datasets/lang-uk/recruitment-dataset-candidate-profiles-english,f599ee49-a83a-54ae-83b1-acf47f9eb845,anonymized,MIT License,2d artist ready the first episode of a startup company fuffy puffy animations an animated series for children good english speaking skills game art portfolio i take courses study materials and continuously improve my art skills strongly motivated on doing it i started as a freelance artist on fiverr created graphics to order a 2d artist on animation project for kids fuffy puffy animations collaborated with other artists animators and lead art teacher in local art studio provided courses and master classes for children and adults outcorsing work created ivent icons for mobile game greent games it would be nice to cooperate with team lead and other skilled workers i m open to feedback and ready to generate ideas with a team it s valuable for me to have an opportunity to improve my skills 3 0 years
DJINNI-7206faf6-f0a4-50cf-ba9d-d28b363c369b,"I work at Pixode company that creates mobile games.
•My duties include creating concept art
•Drawing thematic episodes for game levels
•Creating backgrounds for the character
•Drawing prize boxes
•Preparing art for animation in Spine",Artist,Not Available,Not Available,2.0 years,2D artist,Djinni Recruitment Dataset (English Candidate Profiles),https://huggingface.co/datasets/lang-uk/recruitment-dataset-candidate-profiles-english,7206faf6-f0a4-50cf-ba9d-d28b363c369b,anonymized,MIT License,2d artist i work at pixode company that creates mobile games my duties include creating concept art drawing thematic episodes for game levels creating backgrounds for the character drawing prize boxes preparing art for animation in spine 2 0 years
DJINNI-3e2e8ae5-334d-552d-bc90-e7767c7334a3,"I worked as a 2D artist - freelancer in different fields and and styles: from the sneakers design to postcards design, portraits and stickers. Based on this diverse experience I understood the direction in which I want to grow professionally is the game development.  That is why I actively participate in fan game development as the 2D artist.",Artist,Not Available,Not Available,0.0 years,2D artist,Djinni Recruitment Dataset (English Candidate Profiles),https://huggingface.co/datasets/lang-uk/recruitment-dataset-candidate-profiles-english,3e2e8ae5-334d-552d-bc90-e7767c7334a3,anonymized,MIT License,2d artist i worked as a 2d artist freelancer in different fields and and styles from the sneakers design to postcards design portraits and stickers based on this diverse experience i understood the direction in which i want to grow professionally is the game development that is why i actively participate in fan game development as the 2d artist 0 0 years
DJINNI-38c1e4a1-0e20-5964-be46-9ad59be23a50,"Hardskill:
- Adobe Photoshop, Adobe Ilustrator
-concept character and props
Softskill:
-sociability, time management, stress resistance, constant self-improvement
I worked as a freelancer for one year. I did the following tasks:
- development of props and icons 
- the concept of characters
- a character with an environment
(indi-games)
- tattoo sketches
-postcards
I would like to do 2D character development, make icons and props. In the future, I don't mind learning 3D packages with processing of the environment, characters, and weapons.",Artist,Not Available,Not Available,1.0 years,2D artist,Djinni Recruitment Dataset (English Candidate Profiles),https://huggingface.co/datasets/lang-uk/recruitment-dataset-candidate-profiles-english,38c1e4a1-0e20-5964-be46-9ad59be23a50,anonymized,MIT License,2d artist hardskill adobe photoshop adobe ilustrator concept character and props softskill sociability time management stress resistance constant self improvement i worked as a freelancer for one year i did the following tasks development of props and icons the concept of characters a character with an environment indi games tattoo sketches postcards i would like to do 2d character development make icons and props in the future i don t mind learning 3d packages with processing of the environment characters and weapons 1 0 years
DJINNI-a20fc2d7-b5df-5f40-8441-44547198b1d5,"I worked in the development of NFT projects. My tasks included designing the look and drawing locations and items. Creation of illustrations in both vector and raster format. I would like to work in the game industry, or create NFT.",Artist,Not Available,Not Available,1.5 years,2D artist,Djinni Recruitment Dataset (English Candidate Profiles),https://huggingface.co/datasets/lang-uk/recruitment-dataset-candidate-profiles-english,a20fc2d7-b5df-5f40-8441-44547198b1d5,anonymized,MIT License,2d artist i worked in the development of nft projects my tasks included designing the look and drawing locations and items creation of illustrations in both vector and raster format i would like to work in the game industry or create nft 1 5 years
DJINNI-3123a38a-61e0-5c7a-8ebd-b6cbd04c6b3f,"I took a lot of courses and lessons for 2D artists, and I always keep on mind new techniques of art. Moreover I want to improve  my skills and myself.
I worked on NFT non-published game as 2D illustrator freelancer. I drew some props and locations for it, also worked with smaller projects.
I have no expectations.",Artist,Not Available,Not Available,0.5 years,2D artist,Djinni Recruitment Dataset (English Candidate Profiles),https://huggingface.co/datasets/lang-uk/recruitment-dataset-candidate-profiles-english,3123a38a-61e0-5c7a-8ebd-b6cbd04c6b3f,anonymized,MIT License,2d artist i took a lot of courses and lessons for 2d artists and i always keep on mind new techniques of art moreover i want to improve my skills and myself i worked on nft non published game as 2d illustrator freelancer i drew some props and locations for it also worked with smaller projects i have no expectations 0 5 years
DJINNI-48821536-25b6-518f-a8d7-1325d1b5d7ca,"I work in a studio with a space theme, develop concepts and finalize all game elements: spaceships, location design (for example, bar), pets, characters. There is little experience in preparing characters for animation and drawing for promotional materials. 

I work in an indie game studio, draw characters in various themes and environments to them (for example, the theme of the game is ""cyber punk"" or ""halloween""). Various promotional materials for games, as well as some interface elements. About 100 games have been released.",Artist,Not Available,Not Available,5.0 years,2D artist,Djinni Recruitment Dataset (English Candidate Profiles),https://huggingface.co/datasets/lang-uk/recruitment-dataset-candidate-profiles-english,48821536-25b6-518f-a8d7-1325d1b5d7ca,anonymized,MIT License,2d artist i work in a studio with a space theme develop concepts and finalize all game elements spaceships location design for example bar pets characters there is little experience in preparing characters for animation and drawing for promotional materials i work in an indie game studio draw characters in various themes and environments to them for example the theme of the game is cyber punk or halloween various promotional materials for games as well as some interface elements about 100 games have been released 5 0 years
DJINNI-f5900ae6-8b3e-5d48-a313-bb11bf931ca8,"- Knowledge of software testing theory (software development life cycle, types and levels of testing, test design techniques).
- Theoretical knowledge of software development methodologies (Waterfall, Agile (Kanban, Scrum)).
- Theoretical knowledge of writing test documentation and bug reports.
- Basic knowledge of MySQL.
- Elementary English. Ukrainian, Russian languages - proficiency.
Looking for work in an IT company on the position of Junior Manual Tester/QA where I can develop in a team of professionals and work on a variety of projects.Open to new knowledge and always ready to learn something new to achieve better results.",Artist,Not Available,Not Available,0.5 years,2D artist,Djinni Recruitment Dataset (English Candidate Profiles),https://huggingface.co/datasets/lang-uk/recruitment-dataset-candidate-profiles-english,f5900ae6-8b3e-5d48-a313-bb11bf931ca8,anonymized,MIT License,2d artist knowledge of software testing theory software development life cycle types and levels of testing test design techniques theoretical knowledge of software development methodologies waterfall agile kanban scrum theoretical knowledge of writing test documentation and bug reports basic knowledge of mysql elementary english ukrainian russian languages proficiency looking for work in an it company on the position of junior manual tester qa where i can develop in a team of professionals and work on a variety of projects open to new knowledge and always ready to learn something new to achieve better results 0 5 years
DJINNI-414c16ce-c14c-5a76-8b0b-8d6bf5b1f431,"5 years of experience working in the game development field.
Worked with major titles such as:
‣ Asphalt series
‣ Modern Combat series
‣ Order & Chaos series
‣ Gangstar series
‣ My Little Pony: Magic Princess
and many others.

Passionate about any kind of art and video games; creative, patient, thorough in everything I do.
Localization QA, QA Manual Tester. 2015-2020
Gameloft
Ensuring quality of all in-game content and features, regular smoke testing, supporting game design documentation and localization.

Freelance 2D artist. 2020-2021
Character concept design and portraits.

2D artist. Sep. 2021 - present
Realis
Creation of the in-game graphics; character illustrations, item icons, UI elements.
Please do NOT offer jobs in any way related to gambling business or Customer Care areas.",Other,Not Available,Not Available,5.0 years,2D artist,Djinni Recruitment Dataset (English Candidate Profiles),https://huggingface.co/datasets/lang-uk/recruitment-dataset-candidate-profiles-english,414c16ce-c14c-5a76-8b0b-8d6bf5b1f431,anonymized,MIT License,2d artist 5 years of experience working in the game development field worked with major titles such as asphalt series modern combat series order chaos series gangstar series my little pony magic princess and many others passionate about any kind of art and video games creative patient thorough in everything i do localization qa qa manual tester 2015 2020 gameloft ensuring quality of all in game content and features regular smoke testing supporting game design documentation and localization freelance 2d artist 2020 2021 character concept design and portraits 2d artist sep 2021 present realis creation of the in game graphics character illustrations item icons ui elements please do not offer jobs in any way related to gambling business or customer care areas 5 0 years
DJINNI-672f4354-320c-5c13-9388-b21387d2c2a6,"I know the basics of color, academic drawing, painting.
My portfolio includes a selection of various works, both sketches on paper and works created in Photoshop.
More - 
Artstation - oxphos.artstation.com

Graphic designer at Oddee
Up to 1 year
Graphic designer at Lifecode
Up to 1 year
Personal assistant at Nanomedtech
More than 1 year
Operator at Xerox
Up to 1 year
I don`t create characters, I want to create environments.",Unity,Not Available,Not Available,0.0 years,2D artist,Djinni Recruitment Dataset (English Candidate Profiles),https://huggingface.co/datasets/lang-uk/recruitment-dataset-candidate-profiles-english,672f4354-320c-5c13-9388-b21387d2c2a6,anonymized,MIT License,2d artist i know the basics of color academic drawing painting my portfolio includes a selection of various works both sketches on paper and works created in photoshop more artstation oxphos artstation com graphic designer at oddee up to 1 year graphic designer at lifecode up to 1 year personal assistant at nanomedtech more than 1 year operator at xerox up to 1 year i don t create characters i want to create environments 0 0 years
DJINNI-21b075b8-5cf1-5345-8521-f4312ccb5d7e,"My working experience: 
Holy Water 
• drawing illustrations from scratch
• preparing cut characters for further animation
• assistance in developing the plot and scenario for the illustration
• illustrations with different styles
Lorret Development
• illustrations for a fairytales
• development and rendering of illustrations for 
UI design
• experience with AI
• illustrations mostly in casual style
• illustrations for UI design
Freelance
• illustrations development - icons for skills, game 
characters

My professional skills:
• Confident knowledge of the graphics editor Adobe Photoshop
• Knowledge of anatomy, colors, tones, perspectives
• Experience working on characters
• Ability to work on sketches to render
• Ability to receive feedback and apply it",Artist,Not Available,Not Available,2.0 years,2D artist,Djinni Recruitment Dataset (English Candidate Profiles),https://huggingface.co/datasets/lang-uk/recruitment-dataset-candidate-profiles-english,21b075b8-5cf1-5345-8521-f4312ccb5d7e,anonymized,MIT License,2d artist my working experience holy water drawing illustrations from scratch preparing cut characters for further animation assistance in developing the plot and scenario for the illustration illustrations with different styles lorret development illustrations for a fairytales development and rendering of illustrations for ui design experience with ai illustrations mostly in casual style illustrations for ui design freelance illustrations development icons for skills game characters my professional skills confident knowledge of the graphics editor adobe photoshop knowledge of anatomy colors tones perspectives experience working on characters ability to work on sketches to render ability to receive feedback and apply it 2 0 years
DJINNI-63fc24fa-ea78-5356-83b7-c8ce8b1b6e38,"ArtCraft CG School ""Digital Drawning"" course
ArtCraft CG School ""2D Game Art"" course
ArtCraft CG School ""2D Render"" course
On the last course I created my own mobile match 3 project ""Lucky Smith"". I worked in Photoshop, in my work I often used vector tools and shapes. Using my knowledge of composition, color, light and anatomy I created a splash screen, game icons, game map in isometry, NPC for the project.",Artist,Not Available,Not Available,0.0 years,2D artist,Djinni Recruitment Dataset (English Candidate Profiles),https://huggingface.co/datasets/lang-uk/recruitment-dataset-candidate-profiles-english,63fc24fa-ea78-5356-83b7-c8ce8b1b6e38,anonymized,MIT License,2d artist artcraft cg school digital drawning course artcraft cg school 2d game art course artcraft cg school 2d render course on the last course i created my own mobile match 3 project lucky smith i worked in photoshop in my work i often used vector tools and shapes using my knowledge of composition color light and anatomy i created a splash screen game icons game map in isometry npc for the project 0 0 years
DJINNI-6f3b00ae-f6f0-5fc4-8e28-78aef648e804,"Over 10 years experience as artist for books, comics, 
marketing materials in a wide range of industries.

Last 3 years work closely in the game industry, creating concepts 
for characters and environment, props, elements of interface etc.

Work in a semi-realism and casual style, enjoy fantasy and sci-fi genres.",Artist,Not Available,Not Available,4.0 years,2D artist,Djinni Recruitment Dataset (English Candidate Profiles),https://huggingface.co/datasets/lang-uk/recruitment-dataset-candidate-profiles-english,6f3b00ae-f6f0-5fc4-8e28-78aef648e804,anonymized,MIT License,2d artist over 10 years experience as artist for books comics marketing materials in a wide range of industries last 3 years work closely in the game industry creating concepts for characters and environment props elements of interface etc work in a semi realism and casual style enjoy fantasy and sci fi genres 4 0 years
DJINNI-982a7bd9-6db6-5708-b5f9-acbd39d87441,"I have been drawing all my life. I want this to be my profession. I like to work in a casual style. I believe that it is never too late to learn. Therefore, I am constantly improving my skills. I know Adobe Photoshop programs. If necessary, I can master any program necessary for work. Ready to work in the same style. Always open to new experiences, organized and attentive. I love to communicate and meet new people.
Performing a variety of work from creating concepts to full-fledged arts. Game concepts
locations and characters, slots, game promo art. Illustrations in any style. I quickly learn new programs. A rich imagination and a well-developed fantasy (I can think of
adapt anything). I have a good understanding of color, perspective and anatomy. I draw with
childhood I love what I do.
I am currently drawing slots, studying CG courses, I want to develop as an artist. Ready for something new.",Artist,Not Available,Not Available,0.5 years,2D artist,Djinni Recruitment Dataset (English Candidate Profiles),https://huggingface.co/datasets/lang-uk/recruitment-dataset-candidate-profiles-english,982a7bd9-6db6-5708-b5f9-acbd39d87441,anonymized,MIT License,2d artist i have been drawing all my life i want this to be my profession i like to work in a casual style i believe that it is never too late to learn therefore i am constantly improving my skills i know adobe photoshop programs if necessary i can master any program necessary for work ready to work in the same style always open to new experiences organized and attentive i love to communicate and meet new people performing a variety of work from creating concepts to full fledged arts game concepts locations and characters slots game promo art illustrations in any style i quickly learn new programs a rich imagination and a well developed fantasy i can think of adapt anything i have a good understanding of color perspective and anatomy i draw with childhood i love what i do i am currently drawing slots studying cg courses i want to develop as an artist ready for something new 0 5 years
DJINNI-9514bfdb-f338-54fd-b1ed-39c0eeabb8bc,"Photoshop, Illustrator, Design, Web-design
art, illustration, character design,
slots, gamedev
I would like to work  in a friendly and open-minded team poroducing games or web design, 2D design",Design,Not Available,Not Available,6.0 years,2D artist,Djinni Recruitment Dataset (English Candidate Profiles),https://huggingface.co/datasets/lang-uk/recruitment-dataset-candidate-profiles-english,9514bfdb-f338-54fd-b1ed-39c0eeabb8bc,anonymized,MIT License,2d artist photoshop illustrator design web design art illustration character design slots gamedev i would like to work in a friendly and open minded team poroducing games or web design 2d design 6 0 years
DJINNI-9048cd55-ec86-5998-9be1-44270faceef3,"Professional artist.
I cope with different complexity of tasks. Responsible to deadlines and the quality of the product.
I'm constantly developing my hard skills. Interested not only in 2D, but in 3D.
I have experience in task control and feedback. I'm take the initiative, try to go beyond my tasks to improve the product.
Working tools: Adobe Photoshop, Sai, Blender.",Artist,Not Available,Not Available,4.0 years,2D artist,Djinni Recruitment Dataset (English Candidate Profiles),https://huggingface.co/datasets/lang-uk/recruitment-dataset-candidate-profiles-english,9048cd55-ec86-5998-9be1-44270faceef3,anonymized,MIT License,2d artist professional artist i cope with different complexity of tasks responsible to deadlines and the quality of the product i m constantly developing my hard skills interested not only in 2d but in 3d i have experience in task control and feedback i m take the initiative try to go beyond my tasks to improve the product working tools adobe photoshop sai blender 4 0 years
DJINNI-8b8ed624-4809-50c8-ac67-2046740b458b,"https://www.behance.net/irynaabramf658
https://dribbble.com/ireeen133
Proficiency in Illustrator, Photoshop
Excellent design, color, and typographic skills
Energy and enthusiasm
Strong organizational skills",Design,Not Available,Not Available,0.5 years,2D artist,Djinni Recruitment Dataset (English Candidate Profiles),https://huggingface.co/datasets/lang-uk/recruitment-dataset-candidate-profiles-english,8b8ed624-4809-50c8-ac67-2046740b458b,anonymized,MIT License,2d artist proficiency in illustrator photoshop excellent design color and typographic skills energy and enthusiasm strong organizational skills 0 5 years
DJINNI-f79a5d28-dc85-52c3-a027-de85005d18b0,"Since 2018 I have been working on various creative tasks and game projects. I create concepts, ready-made 2D props, environmental elements, and characters. I work mainly in Adobe Photoshop and use Blender to create block-outs.",Artist,Not Available,Not Available,3.0 years,2D artist,Djinni Recruitment Dataset (English Candidate Profiles),https://huggingface.co/datasets/lang-uk/recruitment-dataset-candidate-profiles-english,f79a5d28-dc85-52c3-a027-de85005d18b0,anonymized,MIT License,2d artist since 2018 i have been working on various creative tasks and game projects i create concepts ready made 2d props environmental elements and characters i work mainly in adobe photoshop and use blender to create block outs 3 0 years
DJINNI-959a6be4-684b-5e0d-b547-864fee03ccab,"Organized management of freelance graphic design business that aims to assist independent products.
Since 2019, I started working as freelancer. My experince includes:
- Character design
- Illustrations
- Developed various logos, brand visual identity (tale book title, lawyer, sewing workshop)
- Design and prepress of a thematical magazines
- Vector graphics

2022
Commercial project, remote: Development of visual design for cardboard game, from conceptualization to prepress.

I do not have production experience in IT companies yet, but I have strong expertise as 2D Artist and actively improving the proper technical skills for last years.
I have spent few years as freelancer but now I see my future growth at the stable position in an enterprise structure.",Artist,Not Available,Not Available,1.0 years,2D artist,Djinni Recruitment Dataset (English Candidate Profiles),https://huggingface.co/datasets/lang-uk/recruitment-dataset-candidate-profiles-english,959a6be4-684b-5e0d-b547-864fee03ccab,anonymized,MIT License,2d artist organized management of freelance graphic design business that aims to assist independent products since 2019 i started working as freelancer my experince includes character design illustrations developed various logos brand visual identity tale book title lawyer sewing workshop design and prepress of a thematical magazines vector graphics 2022 commercial project remote development of visual design for cardboard game from conceptualization to prepress i do not have production experience in it companies yet but i have strong expertise as 2d artist and actively improving the proper technical skills for last years i have spent few years as freelancer but now i see my future growth at the stable position in an enterprise structure 1 0 years
DJINNI-ddb9821b-b1b4-5934-9d1b-b574545fee05,"Since May 2019 I have been working as a 2D freelance artist. I took part in the development of concept art for the as yet unreleased indie game. Now I still work for concept art and illustration, also have an experience with NFT projects and with cover books.
In September 2021, I also worked as a freelance designer, designing identity, labels for various products and logos. 
Since January 2021, I have been working as a graphic designer at ALLO. In my duties I create and develop the visual component of a site (banners of the various sizes for web, SMM and printing)
I aspire to work as a 2D artist-illustrator, both on individual projects, and in teams. Have teamwork experience.",Artist,Not Available,Not Available,2.0 years,2D artist,Djinni Recruitment Dataset (English Candidate Profiles),https://huggingface.co/datasets/lang-uk/recruitment-dataset-candidate-profiles-english,ddb9821b-b1b4-5934-9d1b-b574545fee05,anonymized,MIT License,2d artist since may 2019 i have been working as a 2d freelance artist i took part in the development of concept art for the as yet unreleased indie game now i still work for concept art and illustration also have an experience with nft projects and with cover books in september 2021 i also worked as a freelance designer designing identity labels for various products and logos since january 2021 i have been working as a graphic designer at allo in my duties i create and develop the visual component of a site banners of the various sizes for web smm and printing i aspire to work as a 2d artist illustrator both on individual projects and in teams have teamwork experience 2 0 years
DJINNI-b44da144-1896-5aa6-902e-851aa5422f0d,"I like create fanny cartoons. I use main principal animation. Also use classic, motion tweens and mask. I try feel objects, their weight...I like hard working for achievement excellent results.
Use Adobe animate, Adobe Photoshop for my projects.
I very want develop father to Middle and Senior.
Any violence",Artist,Not Available,Not Available,0.0 years,2D artist,Djinni Recruitment Dataset (English Candidate Profiles),https://huggingface.co/datasets/lang-uk/recruitment-dataset-candidate-profiles-english,b44da144-1896-5aa6-902e-851aa5422f0d,anonymized,MIT License,2d artist i like create fanny cartoons i use main principal animation also use classic motion tweens and mask i try feel objects their weight i like hard working for achievement excellent results use adobe animate adobe photoshop for my projects i very want develop father to middle and senior any violence 0 0 years
DJINNI-d58f4dc2-8e0b-5b67-a1d8-c8407aec7bcd,"makartney.artstation.com
Want to become a part of a strong and friendly 2D art team.

Have more than 4 years of working experience in IT sphere (as IT Recruiter).
Have 2 months of commercial experience as 2D sketcher/artist at game development (but the project was closed by customer) and 3 months as web-illustrator (till present).

Working with a graphic tablet, developing graphic from a sketch to final artwork.
- Experienced in Photoshop
- Knowledge of Adobe Illustrator
- Searching and organizing detailed art references
- Good team player
- Concept art
- Freehand drawing and good sketching skill
- Drawing on tablet/paper
Want to become a part of a strong and friendly 2D art team.",Design,Not Available,Not Available,0.5 years,2D artist,Djinni Recruitment Dataset (English Candidate Profiles),https://huggingface.co/datasets/lang-uk/recruitment-dataset-candidate-profiles-english,d58f4dc2-8e0b-5b67-a1d8-c8407aec7bcd,anonymized,MIT License,2d artist makartney artstation com want to become a part of a strong and friendly 2d art team have more than 4 years of working experience in it sphere as it recruiter have 2 months of commercial experience as 2d sketcher artist at game development but the project was closed by customer and 3 months as web illustrator till present working with a graphic tablet developing graphic from a sketch to final artwork experienced in photoshop knowledge of adobe illustrator searching and organizing detailed art references good team player concept art freehand drawing and good sketching skill drawing on tablet paper want to become a part of a strong and friendly 2d art team 0 5 years
DJINNI-de0aa0a9-a762-51e0-8192-76020be4705d,"As a gamer, I have always been interested in games, and working on their creation seems to me to be the most correct type of activity. That is why I left my job in tourism.
At first, I was interested in working on the development of characters, for which I passed the course of the same name at the Game Station Academy. After this, when I started looking for a job, I realized that the market needed something different,- casual artists, and it's very different from typical art, so that's why I started studying casual graphics and I pretty much liked it. At the moment, I continue classes in the Casual Graphics course from the same Game Station Academy, but I feel that I already have the opportunity to work and become part of this industry.
Worked as a freelancer for different projects, - development of logos and brands, work on the design of various web projects (sites, pages of streaming platforms, etc.)
At the moment, I have a desire to work on casual projects in a team, possibly remotely.",Artist,Not Available,Not Available,1.5 years,2D artist,Djinni Recruitment Dataset (English Candidate Profiles),https://huggingface.co/datasets/lang-uk/recruitment-dataset-candidate-profiles-english,de0aa0a9-a762-51e0-8192-76020be4705d,anonymized,MIT License,2d artist as a gamer i have always been interested in games and working on their creation seems to me to be the most correct type of activity that is why i left my job in tourism at first i was interested in working on the development of characters for which i passed the course of the same name at the game station academy after this when i started looking for a job i realized that the market needed something different casual artists and it s very different from typical art so that s why i started studying casual graphics and i pretty much liked it at the moment i continue classes in the casual graphics course from the same game station academy but i feel that i already have the opportunity to work and become part of this industry worked as a freelancer for different projects development of logos and brands work on the design of various web projects sites pages of streaming platforms etc at the moment i have a desire to work on casual projects in a team possibly remotely 1 5 years
DJINNI-416cb4d0-3ded-59b0-b242-d0456b12b94f,"Worked as an administrator of language courses.
The tasks I solved:
- Creating new groups and guiding the already formed ones,
- Making a detailed presentation of the company's work to our potential students, 
- Estimating the students' level of a foreign language, 
- Maintaining the customers' database and regularly contacting our potential students,
- Making contracts, 
- Doing the whole financial work (writing bills, receiving payments, giving out salary),
- Maintaining our page in social networks.

Worked as a museum technician. 
The tasks I solved there:
- Conducting excursions in both English and Ukrainian languages,
- Making contracts and writing bills,
- Arranging concerts and exhibitions.

Now I work as a hostess in a nightclub and my task is:
- To invite customers and make a detailed presentation of all the services in our nightclub, 
- To make a positive impression about our company, 
- To support the communication between the customers and all the members of our company.
I would like to work in the field of socializing and raising up the team spirit.
Looking for a creative work, climbing up the career ladder and lots of travelling.",Other,Not Available,Not Available,1.5 years,2D artist,Djinni Recruitment Dataset (English Candidate Profiles),https://huggingface.co/datasets/lang-uk/recruitment-dataset-candidate-profiles-english,416cb4d0-3ded-59b0-b242-d0456b12b94f,anonymized,MIT License,2d artist worked as an administrator of language courses the tasks i solved creating new groups and guiding the already formed ones making a detailed presentation of the company s work to our potential students estimating the students level of a foreign language maintaining the customers database and regularly contacting our potential students making contracts doing the whole financial work writing bills receiving payments giving out salary maintaining our page in social networks worked as a museum technician the tasks i solved there conducting excursions in both english and ukrainian languages making contracts and writing bills arranging concerts and exhibitions now i work as a hostess in a nightclub and my task is to invite customers and make a detailed presentation of all the services in our nightclub to make a positive impression about our company to support the communication between the customers and all the members of our company i would like to work in the field of socializing and raising up the team spirit looking for a creative work climbing up the career ladder and lots of travelling 1 5 years
DJINNI-826856ec-0b64-5925-bbc4-91f613ae33a1,"Worked on a freelance and remotely, 6 years: private illustrations, book illustrations, concepts, comics, storyboards, 2D digital art, various technique,  also work on paper. 
Most skilled at making comics.",Artist,Not Available,Not Available,1.5 years,2D artist,Djinni Recruitment Dataset (English Candidate Profiles),https://huggingface.co/datasets/lang-uk/recruitment-dataset-candidate-profiles-english,826856ec-0b64-5925-bbc4-91f613ae33a1,anonymized,MIT License,2d artist worked on a freelance and remotely 6 years private illustrations book illustrations concepts comics storyboards 2d digital art various technique also work on paper most skilled at making comics 1 5 years
DJINNI-8c9ed596-7f0b-5a9f-b6d6-8331d69ec1d8,"Worked on a small art project with an online game. The entire visual part was developed by me, the interface, character development, game elements, etc.
Everything was done in Adobe photoshop and procreate. I have an art education.",Artist,Not Available,Not Available,2.0 years,2D artist,Djinni Recruitment Dataset (English Candidate Profiles),https://huggingface.co/datasets/lang-uk/recruitment-dataset-candidate-profiles-english,8c9ed596-7f0b-5a9f-b6d6-8331d69ec1d8,anonymized,MIT License,2d artist worked on a small art project with an online game the entire visual part was developed by me the interface character development game elements etc everything was done in adobe photoshop and procreate i have an art education 2 0 years
DJINNI-a0499932-d199-5b4e-9332-06709007457b,"- CG Fundamentals certificate
- XYZ school Concert Art participation
- Bachelour degree in UI sphere
Young specialist with creative mindset in graphic design, looking for a job to improve skills and study something new every day.

- 2+ years experience in graphic design
- Knowledge of usability principles and user centered design
- Experience in drawing by hand (more than 5 years with bachelour degree)
- Proficiency with Adobe Photoshop, Adobe Illustrator, Clip Studio Paint
- Strong experience of corporate identity projects

Currently working as a freelancer, drawing for several different projects.
- Interesting projects
- Professional growth",Design,Not Available,Not Available,1.0 years,2D artist,Djinni Recruitment Dataset (English Candidate Profiles),https://huggingface.co/datasets/lang-uk/recruitment-dataset-candidate-profiles-english,a0499932-d199-5b4e-9332-06709007457b,anonymized,MIT License,2d artist cg fundamentals certificate xyz school concert art participation bachelour degree in ui sphere young specialist with creative mindset in graphic design looking for a job to improve skills and study something new every day 2 years experience in graphic design knowledge of usability principles and user centered design experience in drawing by hand more than 5 years with bachelour degree proficiency with adobe photoshop adobe illustrator clip studio paint strong experience of corporate identity projects currently working as a freelancer drawing for several different projects interesting projects professional growth 1 0 years
DJINNI-efc0327c-c314-561a-b63d-6979ad6b7d75,"Development as a CG artist
Analysis of specifications / requirements;
Art creation, from sketch to final version;
Creation and preparation of finished art for transfer to animators.
2D-artist (characters,environment,interior items)",Artist,Not Available,Not Available,4.0 years,2D-artist,Djinni Recruitment Dataset (English Candidate Profiles),https://huggingface.co/datasets/lang-uk/recruitment-dataset-candidate-profiles-english,efc0327c-c314-561a-b63d-6979ad6b7d75,anonymized,MIT License,2d artist development as a cg artist analysis of specifications requirements art creation from sketch to final version creation and preparation of finished art for transfer to animators 2d artist characters environment interior items 4 0 years
DJINNI-5c9d7631-4c18-5f50-925d-e2c7adbcaeb6,"•Custom work for individual clients/gathering customer requirements for individual work.
•Managing work files for comfort of client.
•Create illustrations and other graphic elements for print material, posters, postcards/analyze requirements and preparing the layout for printing.
•Working on personal projects, applied storyline development and create backgrounds and characters for visual novel,comics and manga.
•Сreate concept character according to the customer's description.
• Create raster stickers for messenger and social network app (Telegram,Amino app).
• Working on short animation/editing excited footage using Adobe Premier.

Software: 
•Adope photoshop 
•Illustrator 
•Krita 
•ClipStudio",Artist,Not Available,Not Available,3.0 years,2D-artist,Djinni Recruitment Dataset (English Candidate Profiles),https://huggingface.co/datasets/lang-uk/recruitment-dataset-candidate-profiles-english,5c9d7631-4c18-5f50-925d-e2c7adbcaeb6,anonymized,MIT License,2d artist custom work for individual clients gathering customer requirements for individual work managing work files for comfort of client create illustrations and other graphic elements for print material posters postcards analyze requirements and preparing the layout for printing working on personal projects applied storyline development and create backgrounds and characters for visual novel comics and manga reate concept character according to the customer s description create raster stickers for messenger and social network app telegram amino app working on short animation editing excited footage using adobe premier software adope photoshop illustrator krita clipstudio 3 0 years
DJINNI-2ca61cc7-42f9-565c-87ae-dcbcb3ab2774,"09/2021 - Present
NFT artist
I work in a team with other artists. The main task is drawing nft arts, character design and creating concept.

06/2021 - 08/2021
Concept artist
Created characters for post apocalypse Ukrainian comic.",Artist,Not Available,Not Available,2.0 years,2D Artist,Djinni Recruitment Dataset (English Candidate Profiles),https://huggingface.co/datasets/lang-uk/recruitment-dataset-candidate-profiles-english,2ca61cc7-42f9-565c-87ae-dcbcb3ab2774,anonymized,MIT License,2d artist 09 2021 present nft artist i work in a team with other artists the main task is drawing nft arts character design and creating concept 06 2021 08 2021 concept artist created characters for post apocalypse ukrainian comic 2 0 years
DJINNI-798e34dd-effb-57bb-b998-92470a73335e,"What technologies do I use?

Adobe Photoshop is my preferable instrument of execution. I can achieve a high level of quality with my current knowledge of this program.

Have a basic understanding of 3D (3DMax/ZBrush).
1,5 year of working in company of Playrix, VokiGames. 

Duties: creating new concepts, finding references, working with perspective, preparing art for the animation, rendering parts of locations & various objects, working with isometric objects

2 months of contract work with Funzy Games 

Duties: creating art for production, preparing art for the animation.
 
More than 5 months of freelance work.
What projects you want to work with?

I would be happy to work with the projects in one way or another similar to Spyro The Dragon, Ori and the blind forest, Switchcraft, Potion Craft, Bear & Breakfast. 

I also enjoy a great looking casual game or visual novel on mobile/PC. 

Would love to work with an Indie Game company

                               What genres of games?

 *Visual novels,
 *Interactive movie,
 *Platform, 
 *Role playing,
 *Simulation, 
 *Horror,
 *Puzzle,  
 *Educational, 
 *Rhythm

                                       On which platforms?

PC, mobile games

                        What projects you don't want to work with?

Casino/slots/NSFW types of projects

                      I want to work in the area of: 

 - Concept art (explore the visual design of characters, creatures 
   and environments from sketch to finish)
 - Brainstorming for new ideas of concepts of any kind 
 - Study & apply UI Art",Artist,Not Available,Not Available,2.0 years,2D Artist,Djinni Recruitment Dataset (English Candidate Profiles),https://huggingface.co/datasets/lang-uk/recruitment-dataset-candidate-profiles-english,798e34dd-effb-57bb-b998-92470a73335e,anonymized,MIT License,2d artist what technologies do i use adobe photoshop is my preferable instrument of execution i can achieve a high level of quality with my current knowledge of this program have a basic understanding of 3d 3dmax zbrush 1 5 year of working in company of playrix vokigames duties creating new concepts finding references working with perspective preparing art for the animation rendering parts of locations various objects working with isometric objects 2 months of contract work with funzy games duties creating art for production preparing art for the animation more than 5 months of freelance work what projects you want to work with i would be happy to work with the projects in one way or another similar to spyro the dragon ori and the blind forest switchcraft potion craft bear breakfast i also enjoy a great looking casual game or visual novel on mobile pc would love to work with an indie game company what genres of games visual novels interactive movie platform role playing simulation horror puzzle educational rhythm on which platforms pc mobile games what projects you don t want to work with casino slots nsfw types of projects i want to work in the area of concept art explore the visual design of characters creatures and environments from sketch to finish brainstorming for new ideas of concepts of any kind study apply ui art 2 0 years
DJINNI-5f9da928-a210-5bfc-8576-be7aca1c24bc,"- extensive experience with 3D modeling software (3ds MAX, Blender, ZBrush);
- advanced skills in Adobe Photoshop, Adobe Illustrator, SAI, Krita;
- proficiency in design of locations, characters, props, and UI elements;
- efficient graphics preparation for motion designers;
- expertise in composition, color management, isometric projection, and perspective;
- ample knowledge of anatomy.
2022-2023
Freelance, NDA
2D Artist
- Development, rendering Match3 game assets;
- Development of backgrounds;
- Rendering symbols, cutting (Gambling).


2020-2022
2D Artist (Match3)
4Friends, Kyiv
- Design of gameplay elements (chips, blockers and bonuses);
- Collaborative project with Playrix. Design and development
of a Match3 game.

2018-2020
2D Artist
WhaleApp LTD, Kyiv
- Event icons design;
- Location sketching;
- Location overpainting;
- Character design, loading screens, event screens.

2015-2018
2D/3D Artist
505Ninja, Rivne
- 3D-modeling (game elements);
- Overpainting of locations, game elements, and characters;
- UI design;
- Design of event icons, loading screens, event screens.
- Preparation of graphics for motion desingers.
3D modeler.

2014-2015
PINOKL Games, Rivne
- 3D-modeling (props, locations);
- Object texturing and rendering",Artist,Not Available,Not Available,7.0 years,2D Artist,Djinni Recruitment Dataset (English Candidate Profiles),https://huggingface.co/datasets/lang-uk/recruitment-dataset-candidate-profiles-english,5f9da928-a210-5bfc-8576-be7aca1c24bc,anonymized,MIT License,2d artist extensive experience with 3d modeling software 3ds max blender zbrush advanced skills in adobe photoshop adobe illustrator sai krita proficiency in design of locations characters props and ui elements efficient graphics preparation for motion designers expertise in composition color management isometric projection and perspective ample knowledge of anatomy 2022 2023 freelance nda 2d artist development rendering match3 game assets development of backgrounds rendering symbols cutting gambling 2020 2022 2d artist match3 4friends kyiv design of gameplay elements chips blockers and bonuses collaborative project with playrix design and development of a match3 game 2018 2020 2d artist whaleapp ltd kyiv event icons design location sketching location overpainting character design loading screens event screens 2015 2018 2d 3d artist 505ninja rivne 3d modeling game elements overpainting of locations game elements and characters ui design design of event icons loading screens event screens preparation of graphics for motion desingers 3d modeler 2014 2015 pinokl games rivne 3d modeling props locations object texturing and rendering 7 0 years
DJINNI-98560f23-eed0-5ce3-9446-10af9c389e72,"2022 - 2023 I held the position of a remote middle 2D artist at 4Enjoy Games. 
• Developed from scratch and delivered high-quality game assets that meet project requirements, this included characters, props, assets, isometric objects, and interface elements. 
• Participated in shaping the visual style for one of the projects. 
• Worked on game projects such as ""Mergington Town: Merge and build"", ""Kingdom Merge"", and ""Fashion Link"".

2021 - 2022 I held the position of a remote 2D artist at AAA Game Art Studio. 
• Provided high-quality renders of isometric objects, assets, and elements meeting requirements and established style. 
• Worked on the game project ""Island Questaway - Jungle Farm""

2016 - 2021 I studied, practiced, and developed my skills as a 2D artist. 
• I focused on 2D game graphics and gained a clear understanding of the responsibilities and tasks of a 2D artist on a game project. 
• I also acquired several efficient pipelines for handling different types of tasks.
• Mastered all stages of creating graphics, from concept to render and final post-processing.",Artist,Not Available,Not Available,2.0 years,2D Artist,Djinni Recruitment Dataset (English Candidate Profiles),https://huggingface.co/datasets/lang-uk/recruitment-dataset-candidate-profiles-english,98560f23-eed0-5ce3-9446-10af9c389e72,anonymized,MIT License,2d artist 2022 2023 i held the position of a remote middle 2d artist at 4enjoy games developed from scratch and delivered high quality game assets that meet project requirements this included characters props assets isometric objects and interface elements participated in shaping the visual style for one of the projects worked on game projects such as mergington town merge and build kingdom merge and fashion link 2021 2022 i held the position of a remote 2d artist at aaa game art studio provided high quality renders of isometric objects assets and elements meeting requirements and established style worked on the game project island questaway jungle farm 2016 2021 i studied practiced and developed my skills as a 2d artist i focused on 2d game graphics and gained a clear understanding of the responsibilities and tasks of a 2d artist on a game project i also acquired several efficient pipelines for handling different types of tasks mastered all stages of creating graphics from concept to render and final post processing 2 0 years
DJINNI-adf6ea72-15f6-5c8e-9a10-6e4fe42b55dc,"2d artist, 4Enjoy games —
Mar 2021 — Jun 2022
Casual game art for the merge city builder — Mergington Town. Map objects, characters, some UI design etc.

Illustrator, Freelance —
Apr 2017 - Mar 2021
Book illustration, web illustration.

I would love to join a motivated, passionate and skilled team of game developers to vibe together and create some nice pieces of art for the future projects",Artist,Not Available,Not Available,1.5 years,2D Artist,Djinni Recruitment Dataset (English Candidate Profiles),https://huggingface.co/datasets/lang-uk/recruitment-dataset-candidate-profiles-english,adf6ea72-15f6-5c8e-9a10-6e4fe42b55dc,anonymized,MIT License,2d artist 2d artist 4enjoy games mar 2021 jun 2022 casual game art for the merge city builder mergington town map objects characters some ui design etc illustrator freelance apr 2017 mar 2021 book illustration web illustration i would love to join a motivated passionate and skilled team of game developers to vibe together and create some nice pieces of art for the future projects 1 5 years
DJINNI-0fa51504-a98c-5731-96ef-b8a37131768e,"2D artist at VOKI Games x Playrix
January 2021 - May 2023 

During my employment I worked on creating new visual content for the
hidden object/match-3 game Manor Matters, as well as for other similar
projects in production at the time.
As part of the art team I worked in close collaboration with fellow artists
and art leads on such types of tasks as:
 Drawing game items for hidden object scenes
 Rendering fragments of backgrounds for hidden object scenes
 Designing and rendering of isometric objects for idle scenes
 Sketching and rendering of journal chapters illustrations
 Sketching and rendering of dialogue illustrations
 Creating quest icons

2D artist at VedeaGames
October 2020 - January 2021

I was employed to create visuals for a prototype of the food themed
match-3 game, which later became Bento Pop. As the only 2D artist in
this indie gamedev studio, I worked closely with the lead programmer and
took up some of the game designer’s responsibilities.
Key tasks for this project included:
 Developing visual style of the game
 Designing the main character and their environment
 Designing modular character fragments for random generation of
customers appearance
 Designing the logo
 Designing match-3 objects and boosters
 Creating consistent UI art

Freelance 2D artist
February 2019 - September 2020

During this time I worked on a variety of small projects, such as:
 Drawing stylized portraits from photos
 Creating small game assets
 Designing prints
 Creating concept art for sets of collectible mini dolls.",Artist,Not Available,Not Available,4.0 years,2D Artist,Djinni Recruitment Dataset (English Candidate Profiles),https://huggingface.co/datasets/lang-uk/recruitment-dataset-candidate-profiles-english,0fa51504-a98c-5731-96ef-b8a37131768e,anonymized,MIT License,2d artist 2d artist at voki games x playrix january 2021 may 2023 during my employment i worked on creating new visual content for the hidden object match 3 game manor matters as well as for other similar projects in production at the time as part of the art team i worked in close collaboration with fellow artists and art leads on such types of tasks as drawing game items for hidden object scenes rendering fragments of backgrounds for hidden object scenes designing and rendering of isometric objects for idle scenes sketching and rendering of journal chapters illustrations sketching and rendering of dialogue illustrations creating quest icons 2d artist at vedeagames october 2020 january 2021 i was employed to create visuals for a prototype of the food themed match 3 game which later became bento pop as the only 2d artist in this indie gamedev studio i worked closely with the lead programmer and took up some of the game designer s responsibilities key tasks for this project included developing visual style of the game designing the main character and their environment designing modular character fragments for random generation of customers appearance designing the logo designing match 3 objects and boosters creating consistent ui art freelance 2d artist february 2019 september 2020 during this time i worked on a variety of small projects such as drawing stylized portraits from photos creating small game assets designing prints creating concept art for sets of collectible mini dolls 4 0 years
DJINNI-5b4e551c-62bf-5277-ad44-d27d818b4c95,"2D Artist.  Created characters and prefer it for animation. Created backgrounds and items, Gifs. I use Adobe Photoshop, Adobe Illustrator, and Graphic Tablet. Freehand drawing.
I’m interested in an opportunity to apply and continue developing my relatable skills in Game art and join a team of professionals in the office or remote settings.",Artist,Not Available,Not Available,3.0 years,2D Artist,Djinni Recruitment Dataset (English Candidate Profiles),https://huggingface.co/datasets/lang-uk/recruitment-dataset-candidate-profiles-english,5b4e551c-62bf-5277-ad44-d27d818b4c95,anonymized,MIT License,2d artist 2d artist created characters and prefer it for animation created backgrounds and items gifs i use adobe photoshop adobe illustrator and graphic tablet freehand drawing i m interested in an opportunity to apply and continue developing my relatable skills in game art and join a team of professionals in the office or remote settings 3 0 years
DJINNI-37ad8277-1b2c-5706-b866-0a726668aa37,"2D Artist
Faqtory Ltd - Software and Design Agency September 2021 - June 2022
Responsibilities:
 drawing elements to combine the NFT collection;
 preparing the illustrations for the project’s website;
 maintaining the file tree on Google Disk;
 worked with a designer: created icons, banners & SM
materials.",Artist,Not Available,Not Available,1.0 years,2D Artist,Djinni Recruitment Dataset (English Candidate Profiles),https://huggingface.co/datasets/lang-uk/recruitment-dataset-candidate-profiles-english,37ad8277-1b2c-5706-b866-0a726668aa37,anonymized,MIT License,2d artist 2d artist faqtory ltd software and design agency september 2021 june 2022 responsibilities drawing elements to combine the nft collection preparing the illustrations for the project s website maintaining the file tree on google disk worked with a designer created icons banners sm materials 1 0 years
DJINNI-6986601d-6a8e-5cb1-9e06-e3f3b359f8f6,"2D Artist
from 09.2021 till now (9 months)
Feik Studio, Zhytomyr(GameDev)
- Sketch, draw and design art concepts for 2D mobile game
- Create environments, characters, objects, atmospheres, and the general style
- Sprites optimization on each level of game that already were added
- Work with parallax art for level environment
- Work with Unity, level design
- Setting the bot AI as an enemy at all levels
- Props drawing, rendering
- Сutting characters for animation
- Skins concepts for characters

Order Processing Manager Assistant
from 12.2017 till 09.2021 (3 years 9 months)
MROSupply.com, Zhytomyr (E-commerce business)
- Processing and confirming purchase orders.
- Communication with customer about required changes to purchase order: pricing, part number, etc.
- Review and process orders that require special handling.
- Move orders through the work process from initiation to completion.
- Research and resolve issues or problems as needed.
- Ability to complete tasks with minimal supervision.
- Able to evaluate situation and make appropriate decisions.
- Communicate with other departments to insure that orders are processed as instructed by customer.
- Work with Sales and Customer Support teams.
- Review pending orders and follow up to ensure orders are processed in a timely manner.

Human Resources Manager
from 03.2017 till 12.2017 (9 months)
GRapps, Zhytomyr(IT)
- Control and implementation of the entire recruiting process.
- Search for candidates on different resources.
- View and analyze the resume.
- Organization and support of internal and external training, the adaptation of new employees.
- Development of cases for simplification of HR procedures.
- Human-resource strategy, objectives, policies, programs.
- Developing and implementing HR policies and procedures (hiring, transferring, vacation, relocation trainings, on-boarding, leaves).
- Developing the motivation program to support the company's strategy.
- Reporting (overtime, absenteeism, bonuses, expats payments, indexation).
- Organization of events for example: ""Pizza-day"", ""Employee of the month"".
- Performed the role of deputy director, during his absence.
- Provided assistance in organizing trips for senior management",Artist,Not Available,Not Available,1.0 years,2D Artist,Djinni Recruitment Dataset (English Candidate Profiles),https://huggingface.co/datasets/lang-uk/recruitment-dataset-candidate-profiles-english,6986601d-6a8e-5cb1-9e06-e3f3b359f8f6,anonymized,MIT License,2d artist 2d artist from 09 2021 till now 9 months feik studio zhytomyr gamedev sketch draw and design art concepts for 2d mobile game create environments characters objects atmospheres and the general style sprites optimization on each level of game that already were added work with parallax art for level environment work with unity level design setting the bot ai as an enemy at all levels props drawing rendering utting characters for animation skins concepts for characters order processing manager assistant from 12 2017 till 09 2021 3 years 9 months mrosupply com zhytomyr e commerce business processing and confirming purchase orders communication with customer about required changes to purchase order pricing part number etc review and process orders that require special handling move orders through the work process from initiation to completion research and resolve issues or problems as needed ability to complete tasks with minimal supervision able to evaluate situation and make appropriate decisions communicate with other departments to insure that orders are processed as instructed by customer work with sales and customer support teams review pending orders and follow up to ensure orders are processed in a timely manner human resources manager from 03 2017 till 12 2017 9 months grapps zhytomyr it control and implementation of the entire recruiting process search for candidates on different resources view and analyze the resume organization and support of internal and external training the adaptation of new employees development of cases for simplification of hr procedures human resource strategy objectives policies programs developing and implementing hr policies and procedures hiring transferring vacation relocation trainings on boarding leaves developing the motivation program to support the company s strategy reporting overtime absenteeism bonuses expats payments indexation organization of events for example pizza day employee of the month performed the role of deputy director during his absence provided assistance in organizing trips for senior management 1 0 years
DJINNI-d7c979a2-5c73-5ec7-8af7-5bd3e5bab0d1,"Communication Skills
Leadership Skills 
Accuracy 
Organisation Skills
Sense of communication
Sense of Color
2D Artist 
Funzy Games 
Mobile Game Company 
Freelance (2 months)

2D Artist
Alcore Games — Ukraine 
Mobile Game Company 
March 2022 — September 2022 (7 months)

Henna Artist — Cairo, Egypt 
May 2021 — September 2021 
I was making tattoo designs and henna art.
Hello! My name is Hellen. I am a 2D Artist from Ukraine. 
I am a very goal oriented and hardworking person. 
I have excellent communication skills, and I can build a good working relationship in a team.

I make professional game art.
Clear color, good shapes and acuracy are the main accents in my work.",Artist,Not Available,Not Available,1.0 years,2D Artist,Djinni Recruitment Dataset (English Candidate Profiles),https://huggingface.co/datasets/lang-uk/recruitment-dataset-candidate-profiles-english,d7c979a2-5c73-5ec7-8af7-5bd3e5bab0d1,anonymized,MIT License,2d artist communication skills leadership skills accuracy organisation skills sense of communication sense of color 2d artist funzy games mobile game company freelance 2 months 2d artist alcore games ukraine mobile game company march 2022 september 2022 7 months henna artist cairo egypt may 2021 september 2021 i was making tattoo designs and henna art hello my name is hellen i am a 2d artist from ukraine i am a very goal oriented and hardworking person i have excellent communication skills and i can build a good working relationship in a team i make professional game art clear color good shapes and acuracy are the main accents in my work 1 0 years
DJINNI-0f387aa9-ad83-531b-863b-06ebc220cbcf,"During the period of work, I've created a bunch of game locations, adapting world-famous buildings and natural objects to a casual style, as well as created fantasy locations - from scratch to full implementation.
2D Artist in FireFog (Time Master: Coin&Clash Game) (06.2022-03.2023)
- creating concepts for the game locations
- creating casual game art: backgrounds, objects in 4 grades, characters, slots, illustrations
- preparing art for animation",Artist,Not Available,Not Available,1.0 years,2D Artist,Djinni Recruitment Dataset (English Candidate Profiles),https://huggingface.co/datasets/lang-uk/recruitment-dataset-candidate-profiles-english,0f387aa9-ad83-531b-863b-06ebc220cbcf,anonymized,MIT License,2d artist during the period of work i ve created a bunch of game locations adapting world famous buildings and natural objects to a casual style as well as created fantasy locations from scratch to full implementation 2d artist in firefog time master coin clash game 06 2022 03 2023 creating concepts for the game locations creating casual game art backgrounds objects in 4 grades characters slots illustrations preparing art for animation 1 0 years
DJINNI-de2d3339-8609-5890-934c-07ef3fe8c1ae,"2D Artist / Painting - Freelance
(February 2021 - Present / Remote)
- Created projects for the 2D artist portfolio,researched styles and the game developmentmarket.
- Copying and production of paintings to order.
- Creation of original artworks.
- Illustrations in Adobe Photoshop.

Illustrator - Dark Synevyr
(April 2020 - August 2021 / Remote)
- Creating hand-drawn graphic illustrations with.additional editing in Photoshop.

Graphic Designer - NDA
(April 2020 - August 2020 / Kharkiv / Remote)
- Developing banners for websites, designing Amazon.online store pages, creating infographics.

Visual Designer - Personal Cat
(November 2017 - February 2020 / Kharkiv)
- Creating interior mood boards.
- Development of stylized drawings on bagsand clothing.
- Design of art objects for interior andexhibitions.",Artist,Not Available,Not Available,0.5 years,2D Artist,Djinni Recruitment Dataset (English Candidate Profiles),https://huggingface.co/datasets/lang-uk/recruitment-dataset-candidate-profiles-english,de2d3339-8609-5890-934c-07ef3fe8c1ae,anonymized,MIT License,2d artist 2d artist painting freelance february 2021 present remote created projects for the 2d artist portfolio researched styles and the game developmentmarket copying and production of paintings to order creation of original artworks illustrations in adobe photoshop illustrator dark synevyr april 2020 august 2021 remote creating hand drawn graphic illustrations with additional editing in photoshop graphic designer nda april 2020 august 2020 kharkiv remote developing banners for websites designing amazon online store pages creating infographics visual designer personal cat november 2017 february 2020 kharkiv creating interior mood boards development of stylized drawings on bagsand clothing design of art objects for interior andexhibitions 0 5 years
DJINNI-815acc95-a986-5f39-9200-46f37626db13,"Stepico Unity Jam 2021 - 2nd Place
Jul 2021
The Game Jam is a competition in which teams of game developers take part. The topic is announced, and 2 days are given for a team of 5 people (4 in our case) to develop the game from start to finish. 
Our game ""Choosy Tree"" took 2nd place among 60 participating projects. We are working with this play further to release it in a short time.
2D Artist since 2021.
Graphic Designer in 2019-2021.

Techologies:
Photoshop
Blender
Illustrator
Procreate

Experience

2D Stylized Artist (Room 8 Studio)
Oct 2021 - May 2023 (1 year 8 months)
Stylized 2D environment art on a vary projects

2D Artist (Twin Win Games LLC)
Mar 2021 - Sep 2021 (7 months)
Stylized 2D interiors and props art

Graphic Designer (DYISY GROUP Ltd.)
Mar 2020 - Feb 2021 (1 year)
- creatives for Google Ads, social networks, casino, affiliates, etc.;

- web design and branding for the company's clients in a wide range of business fields (travel, interior, homemade, health, hobby, education, marketing);

- retouching photos, creating illustrations, and preparing them for web, animation, and video prod.

Graphic Designer (Koloro Brand Agency)
Apr 2019 - Mar 2020 (1 year)
Web design and branding for the company's client in a wide range of business fields
Would like to grow as Stylized 2D Artist in the game dev team (casual ot mid-core style is preferable), feel good as a remote or project worker. I have all for my work: PC, graphic tab, and calm place with no disturbances.",Artist,Not Available,Not Available,3.0 years,2D Artist,Djinni Recruitment Dataset (English Candidate Profiles),https://huggingface.co/datasets/lang-uk/recruitment-dataset-candidate-profiles-english,815acc95-a986-5f39-9200-46f37626db13,anonymized,MIT License,2d artist stepico unity jam 2021 2nd place jul 2021 the game jam is a competition in which teams of game developers take part the topic is announced and 2 days are given for a team of 5 people 4 in our case to develop the game from start to finish our game choosy tree took 2nd place among 60 participating projects we are working with this play further to release it in a short time 2d artist since 2021 graphic designer in 2019 2021 techologies photoshop blender illustrator procreate experience 2d stylized artist room 8 studio oct 2021 may 2023 1 year 8 months stylized 2d environment art on a vary projects 2d artist twin win games llc mar 2021 sep 2021 7 months stylized 2d interiors and props art graphic designer dyisy group ltd mar 2020 feb 2021 1 year creatives for google ads social networks casino affiliates etc web design and branding for the company s clients in a wide range of business fields travel interior homemade health hobby education marketing retouching photos creating illustrations and preparing them for web animation and video prod graphic designer koloro brand agency apr 2019 mar 2020 1 year web design and branding for the company s client in a wide range of business fields would like to grow as stylized 2d artist in the game dev team casual ot mid core style is preferable feel good as a remote or project worker i have all for my work pc graphic tab and calm place with no disturbances 3 0 years
DJINNI-385d026b-a6d6-5631-b0b5-cbc3cee3476b,"2D Artist with 2 years of experience in creating game art for gambling and various freelance projects. Working on props, environments, and logo design. Looking to participate in game dev projects as a 2D Artist specializing in props and/or environment art & design.

Local art studio - 2D Artist | Jul 2021 - Aug 2022
- Created art for all aspects of slot games, including symbols and backgrounds.
- Designed UI elements.
- Edited and refined art of old projects.
- Optimized game art for mobile devices.
- Collaborated with the 3D and Animation team
- Prepaed art for animation.

Freelance - 2D Artist | Dec 2020 - Present
- Designed props for game projects and 3D models.
- Created art for game environments.
- Rendered and finalized art based on 3D models.
Work on interesting projects, specializing in props and/or
environment art & design. Opportunity for professional and career growth",Artist,Not Available,Not Available,2.0 years,2D Artist,Djinni Recruitment Dataset (English Candidate Profiles),https://huggingface.co/datasets/lang-uk/recruitment-dataset-candidate-profiles-english,385d026b-a6d6-5631-b0b5-cbc3cee3476b,anonymized,MIT License,2d artist 2d artist with 2 years of experience in creating game art for gambling and various freelance projects working on props environments and logo design looking to participate in game dev projects as a 2d artist specializing in props and or environment art design local art studio 2d artist jul 2021 aug 2022 created art for all aspects of slot games including symbols and backgrounds designed ui elements edited and refined art of old projects optimized game art for mobile devices collaborated with the 3d and animation team prepaed art for animation freelance 2d artist dec 2020 present designed props for game projects and 3d models created art for game environments rendered and finalized art based on 3d models work on interesting projects specializing in props and or environment art design opportunity for professional and career growth 2 0 years
DJINNI-4422b62d-92c5-5742-8e7d-35ad81eafba7,"2D Artist with about 4 years of expirience in gamedev.
I've worked on:
-illustrations
-platform marketing/pitching assets
-props design
-character design
-ui/ux adaptation for mobile platforms (game porting services)
-pixel art and pixel art animation",Artist,Not Available,Not Available,4.0 years,2D Artist,Djinni Recruitment Dataset (English Candidate Profiles),https://huggingface.co/datasets/lang-uk/recruitment-dataset-candidate-profiles-english,4422b62d-92c5-5742-8e7d-35ad81eafba7,anonymized,MIT License,2d artist 2d artist with about 4 years of expirience in gamedev i ve worked on illustrations platform marketing pitching assets props design character design ui ux adaptation for mobile platforms game porting services pixel art and pixel art animation 4 0 years
DJINNI-b98726c9-f7ec-58a2-8a78-10aea258014e,"Long worked on commisions for foreign (international) audiences in different styles & directions. I have massive experience on projects discussing, process editing, compiling the work according to the customer's wishes & final approval. Looking forward for edits and new skills learning. I am a highly flexible artist, experienced in multitasking.
• High rendering skills
• High detail & objects drawing level
• Early character & slots concept
2D Casual Artist. Oriented of game development. Create graphics for games in casual style: isometric objects, decor, human characters & environment. Character & object concept artist. High ability of render, composition, colouring. Extensive freelance experience, worked on many commissions for foreign audiences. Highly communicative and looking forward for new skills.
• Long freelance working experience
• Adobe Photoshop & Paint Tool SAI usage experience - 10 years
• Objects & environment
• Slot art & design
• Character design & concept art",Artist,Not Available,Not Available,3.0 years,2D Artist,Djinni Recruitment Dataset (English Candidate Profiles),https://huggingface.co/datasets/lang-uk/recruitment-dataset-candidate-profiles-english,b98726c9-f7ec-58a2-8a78-10aea258014e,anonymized,MIT License,2d artist long worked on commisions for foreign international audiences in different styles directions i have massive experience on projects discussing process editing compiling the work according to the customer s wishes final approval looking forward for edits and new skills learning i am a highly flexible artist experienced in multitasking high rendering skills high detail objects drawing level early character slots concept 2d casual artist oriented of game development create graphics for games in casual style isometric objects decor human characters environment character object concept artist high ability of render composition colouring extensive freelance experience worked on many commissions for foreign audiences highly communicative and looking forward for new skills long freelance working experience adobe photoshop paint tool sai usage experience 10 years objects environment slot art design character design concept art 3 0 years
DJINNI-baa0c322-596a-5704-9490-e1280e510d18,"Courses of Sketching ""XYZ""
15.04.2021 - 25.08.2021

Courses of 2D Render ""ArtCraft""
21.07.2020 - 22.09.2020

Courses of Digital Drawing ""ArtCraft""
18.03.2020 - 17.06.2020

Courses of UI/UX Web-Design ""A-Level"" 
2018

EDUCATION
Kharkiv Humanitarian-Pedagogical Academy
Master's degree
Teacher of elementary grades
2011 - 2017
2D Stylized Artist, Room 8 Studio
09.02.2022 - 03.07.2023, 1.5 years of experience

- experience in creating 2D concepts
- creating icons from sketch to final render
- polishing 3d models in photoshop
- creating UI elements
- creating vector icons in figma
- working with references
- adapt to the style of the project
- teamwork

- sketching
- concept art
- knowledge of the basics of drawing (composition,perspective,color);
- hand drawing

SOFT: Clip Studio Paint, Adobe Photoshop, Figma, Jira, Slack, Miro.
- I would like to make props and environment concepts.
- I am considering full-time employment only remotely.
- I'm not interested at UI/UX design.
- Opportunities for career growth.
- Friendly staff.",Artist,Not Available,Not Available,1.5 years,2D Artist,Djinni Recruitment Dataset (English Candidate Profiles),https://huggingface.co/datasets/lang-uk/recruitment-dataset-candidate-profiles-english,baa0c322-596a-5704-9490-e1280e510d18,anonymized,MIT License,2d artist courses of sketching xyz 15 04 2021 25 08 2021 courses of 2d render artcraft 21 07 2020 22 09 2020 courses of digital drawing artcraft 18 03 2020 17 06 2020 courses of ui ux web design a level 2018 education kharkiv humanitarian pedagogical academy master s degree teacher of elementary grades 2011 2017 2d stylized artist room 8 studio 09 02 2022 03 07 2023 1 5 years of experience experience in creating 2d concepts creating icons from sketch to final render polishing 3d models in photoshop creating ui elements creating vector icons in figma working with references adapt to the style of the project teamwork sketching concept art knowledge of the basics of drawing composition perspective color hand drawing soft clip studio paint adobe photoshop figma jira slack miro i would like to make props and environment concepts i am considering full time employment only remotely i m not interested at ui ux design opportunities for career growth friendly staff 1 5 years
DJINNI-e1b55f22-10a1-546a-b152-fd641b545235,"The portfolio is my achievement ;)
• 2 years of CG art experience.
• 4 years of experience as a vector artist and computer designer.
• Experience in creating illustrations for computer CCG, book covers.
• Experience in character concept art.
• Understanding human anatomy, color, academic drawing.
• Strong problem-solving and time management skills.
• Strong communication skills.
• High attention to details.
Challenging tasks, ability to grow as a professional artist, friendly team.",Design,Not Available,Not Available,2.0 years,2D Artist,Djinni Recruitment Dataset (English Candidate Profiles),https://huggingface.co/datasets/lang-uk/recruitment-dataset-candidate-profiles-english,e1b55f22-10a1-546a-b152-fd641b545235,anonymized,MIT License,2d artist the portfolio is my achievement 2 years of cg art experience 4 years of experience as a vector artist and computer designer experience in creating illustrations for computer ccg book covers experience in character concept art understanding human anatomy color academic drawing strong problem solving and time management skills strong communication skills high attention to details challenging tasks ability to grow as a professional artist friendly team 2 0 years
DJINNI-cea657ec-964f-5e25-a798-936022f0d7f0,"• 2 years of experience;
• Experience with slots/gambling projects;
• Confident knowledge of the Adobe Photoshop;
• Knowledge of the basics of drawing (composition, perspective, anatomy, color);
• Аbility to work in a variety of graphic styles;
• Creativity and ability to use references wisely;
• Background design;
• Prop design;
• UI/GUI design;
• Ability and experience to work in a team",Artist,Not Available,Not Available,2.0 years,2D Artist,Djinni Recruitment Dataset (English Candidate Profiles),https://huggingface.co/datasets/lang-uk/recruitment-dataset-candidate-profiles-english,cea657ec-964f-5e25-a798-936022f0d7f0,anonymized,MIT License,2d artist 2 years of experience experience with slots gambling projects confident knowledge of the adobe photoshop knowledge of the basics of drawing composition perspective anatomy color bility to work in a variety of graphic styles creativity and ability to use references wisely background design prop design ui gui design ability and experience to work in a team 2 0 years
DJINNI-118201f9-255d-513a-aece-c87ba163c73b,"I participated in creating of several projects from the beginning to their releases.
5 years experience of creating all graphics for RPG games and casual mobile games from sketches to final version and promo materials.
2+ years experience of creating graphics for video slots (icons, backgrounds, etc.).
I am looking for new challenges and would like to join a team. 
I am a creative and energetic person. I like to learn new tools and techniques which can improve my skills and experience.",Other,Not Available,Not Available,7.0 years,2D Artist,Djinni Recruitment Dataset (English Candidate Profiles),https://huggingface.co/datasets/lang-uk/recruitment-dataset-candidate-profiles-english,118201f9-255d-513a-aece-c87ba163c73b,anonymized,MIT License,2d artist i participated in creating of several projects from the beginning to their releases 5 years experience of creating all graphics for rpg games and casual mobile games from sketches to final version and promo materials 2 years experience of creating graphics for video slots icons backgrounds etc i am looking for new challenges and would like to join a team i am a creative and energetic person i like to learn new tools and techniques which can improve my skills and experience 7 0 years
DJINNI-f923576c-e229-5d1d-a274-0362b047f622,"A dedicated 2D artist with almost 3 years of experience in drawing characters, emotions, and illustrations.
I can hear and listen, and easily adapt to new conditions. I am sociable, love to learn, always open to
feedback. Take inspiration from fantasy and casual style.",Artist,Not Available,Not Available,3.0 years,2D Artist,Djinni Recruitment Dataset (English Candidate Profiles),https://huggingface.co/datasets/lang-uk/recruitment-dataset-candidate-profiles-english,f923576c-e229-5d1d-a274-0362b047f622,anonymized,MIT License,2d artist a dedicated 2d artist with almost 3 years of experience in drawing characters emotions and illustrations i can hear and listen and easily adapt to new conditions i am sociable love to learn always open to feedback take inspiration from fantasy and casual style 3 0 years
DJINNI-b741e29a-c0e9-519d-8b00-a1480cc352c4,"Art team lead
Voki games, Kyiv
Performing complex art features tasks; quality control of creation and maintenance of the general
vision of project features, feedback
May 2022 - Sep 2022

2D artist (UI/UX)
VOKI Games, Kiyv
Creating a game interface (windows, icons, match‑3, concept) community art (illustrations for social
networks) cutting for animation, concept characters, illustrations in the windows of special events of
the game
Jan 2021 - May 2022
2D artist,

Freelance, Kiyv
Creating assets for Unity asset store Freelance collaboration with indie developers
Dec 2019 - Jan 2021",Artist,Not Available,Not Available,2.0 years,2D Artist,Djinni Recruitment Dataset (English Candidate Profiles),https://huggingface.co/datasets/lang-uk/recruitment-dataset-candidate-profiles-english,b741e29a-c0e9-519d-8b00-a1480cc352c4,anonymized,MIT License,2d artist art team lead voki games kyiv performing complex art features tasks quality control of creation and maintenance of the general vision of project features feedback may 2022 sep 2022 2d artist ui ux voki games kiyv creating a game interface windows icons match 3 concept community art illustrations for social networks cutting for animation concept characters illustrations in the windows of special events of the game jan 2021 may 2022 2d artist freelance kiyv creating assets for unity asset store freelance collaboration with indie developers dec 2019 jan 2021 2 0 years
DJINNI-93407f64-5831-5b10-8500-cf8568fb19b8,"As a 2D Artist I've had experience design game graphics in such areas like design environments, characters,
icons, sketching, creation of 2D
art for video clips and animations, marketing creatives, game UI, concept of games.",Artist,Not Available,Not Available,5.0 years,2D Artist,Djinni Recruitment Dataset (English Candidate Profiles),https://huggingface.co/datasets/lang-uk/recruitment-dataset-candidate-profiles-english,93407f64-5831-5b10-8500-cf8568fb19b8,anonymized,MIT License,2d artist as a 2d artist i ve had experience design game graphics in such areas like design environments characters icons sketching creation of 2d art for video clips and animations marketing creatives game ui concept of games 5 0 years
DJINNI-0dc17dca-6d33-59df-90a1-c2376b6e2a1e,"During my time at a Google vendor, I had the opportunity to work with major clients, successfully nurturing their growth and delivering outstanding results. Through my creative illustrations and effective communication, I played a key role in driving engagement and expanding the client base. I took great pride in helping clients achieve their objectives and witnessing their businesses thrive.

In addition to my illustration work, I also worked as a marketer at MOYO, where I had the privilege of developing the company's Instagram presence in 2017. In just six months, I was able to grow the account from 300 to 100,000 followers. Through strategic content creation, engaging storytelling, and community building, I was able to capture the attention of the target audience and create a strong online presence for the company.

While my accomplishments in illustration are still unfolding, I believe that my experience in marketing, client management, and strategic growth can be applied to the creative field. I am eager to apply my artistic skills, combined with my marketing insights.
As a junior specialist, I have gained experience as a freelance artist on various projects, including the development of my own book. I have a deep passion for concept art and illustration, and I am dedicated to continuously honing my craft.
As I am currently in a phase of creative exploration, I am open to diverse roles and projects that allow me to expand my skill set and broaden my horizons.",Artist,Not Available,Not Available,1.0 years,2D Artist,Djinni Recruitment Dataset (English Candidate Profiles),https://huggingface.co/datasets/lang-uk/recruitment-dataset-candidate-profiles-english,0dc17dca-6d33-59df-90a1-c2376b6e2a1e,anonymized,MIT License,2d artist during my time at a google vendor i had the opportunity to work with major clients successfully nurturing their growth and delivering outstanding results through my creative illustrations and effective communication i played a key role in driving engagement and expanding the client base i took great pride in helping clients achieve their objectives and witnessing their businesses thrive in addition to my illustration work i also worked as a marketer at moyo where i had the privilege of developing the company s instagram presence in 2017 in just six months i was able to grow the account from 300 to 100 000 followers through strategic content creation engaging storytelling and community building i was able to capture the attention of the target audience and create a strong online presence for the company while my accomplishments in illustration are still unfolding i believe that my experience in marketing client management and strategic growth can be applied to the creative field i am eager to apply my artistic skills combined with my marketing insights as a junior specialist i have gained experience as a freelance artist on various projects including the development of my own book i have a deep passion for concept art and illustration and i am dedicated to continuously honing my craft as i am currently in a phase of creative exploration i am open to diverse roles and projects that allow me to expand my skill set and broaden my horizons 1 0 years
DJINNI-432b55a9-64ea-5440-a8d5-6dceeaff4e04,"- Character Design
- Illustration
- UI
- Enviroment art
- Concept Art
- Creating props
I am fond of games and want to work in the gaming industry. I mostly work in Photoshop. I like to draw in a casual style and create graphics for mobile games (characters, illustrations, objects, icons, interface elements). I also like to draw environments. I can easily adapt to the desired style. I have a great desire to grow and develop. I have professional knowledge in academic painting, drawing, composition, anatomy, and color science. I want to be part of a creative team.",Artist,Not Available,Not Available,1.0 years,2D Artist,Djinni Recruitment Dataset (English Candidate Profiles),https://huggingface.co/datasets/lang-uk/recruitment-dataset-candidate-profiles-english,432b55a9-64ea-5440-a8d5-6dceeaff4e04,anonymized,MIT License,2d artist character design illustration ui enviroment art concept art creating props i am fond of games and want to work in the gaming industry i mostly work in photoshop i like to draw in a casual style and create graphics for mobile games characters illustrations objects icons interface elements i also like to draw environments i can easily adapt to the desired style i have a great desire to grow and develop i have professional knowledge in academic painting drawing composition anatomy and color science i want to be part of a creative team 1 0 years
DJINNI-58e6d85e-1400-5d97-953b-4676c5c7f1b4,"Company: Freelance
Duration: March 2023 - Present

Description:

During this period, I've been serving 2D graphics rendering services for various companies:

- rendering of complex objects and backgrounds
- creating 3D primitives
- match-3 icon creation
- concept creation
- recoloring 3D rendering of objects

Company: Game Station Academy
Duration: July 2022 - Present

Description:

While studying in this advanced 2D graphics course, I created numerous properties from scratch and was involved in a complete game graphics development cycle.
I've gained theoretical knowledge and hands-on experience with key concepts of 2D graphics:

- sketching and working with concepts
- working with colors, tones and illumination
- working with materials and tiles
- employing 3D components in the work

Aside from that, I've managed to improve my communication skills, permanently providing assistance to colleagues.

Company: Remote Helpers
Duration: February 2022 - July 2022

Description:

At Remote Helpers, I was serving art orders to customers with high quality and enviable constancy. To a greater extent, I was involved in designing 2D illustrations for posters and websites. Without exaggeration, I've established a plethora of illustrations for my customers of various types and managed to gain priceless experience in this sphere, which allowed me to significantly improve my competence as a 2D artist and streamline my professional career.

Company: Freelance
Duration: March 2021 - February 2022

Description:

While mastering my skills in the 2D graphics business, I was creating art to order. I've managed to create a myriad of raster/vector graphics works and build a solid portfolio describing my professional path. Even though I didn't work in a team and was technically an independent artisan, the experience I gained here paved the way for further development and growing myself as a great specialist.",Artist,Not Available,Not Available,3.0 years,2D Artist,Djinni Recruitment Dataset (English Candidate Profiles),https://huggingface.co/datasets/lang-uk/recruitment-dataset-candidate-profiles-english,58e6d85e-1400-5d97-953b-4676c5c7f1b4,anonymized,MIT License,2d artist company freelance duration march 2023 present description during this period i ve been serving 2d graphics rendering services for various companies rendering of complex objects and backgrounds creating 3d primitives match 3 icon creation concept creation recoloring 3d rendering of objects company game station academy duration july 2022 present description while studying in this advanced 2d graphics course i created numerous properties from scratch and was involved in a complete game graphics development cycle i ve gained theoretical knowledge and hands on experience with key concepts of 2d graphics sketching and working with concepts working with colors tones and illumination working with materials and tiles employing 3d components in the work aside from that i ve managed to improve my communication skills permanently providing assistance to colleagues company remote helpers duration february 2022 july 2022 description at remote helpers i was serving art orders to customers with high quality and enviable constancy to a greater extent i was involved in designing 2d illustrations for posters and websites without exaggeration i ve established a plethora of illustrations for my customers of various types and managed to gain priceless experience in this sphere which allowed me to significantly improve my competence as a 2d artist and streamline my professional career company freelance duration march 2021 february 2022 description while mastering my skills in the 2d graphics business i was creating art to order i ve managed to create a myriad of raster vector graphics works and build a solid portfolio describing my professional path even though i didn t work in a team and was technically an independent artisan the experience i gained here paved the way for further development and growing myself as a great specialist 3 0 years
DJINNI-28da684f-134c-5254-9378-60dbdb46ec6b,"Content Manager / Playson
1 year 9 months (MAY 2017 - JANUARY 2019), Ukraine
- Game art and animations implementation
- Localizations implementation
- Game text and rules design and implementation

 Game Designer / Indie Game Studio
7 months (AUGUST 2021 - FEBRUARY 2022), Ukraine
- Game design
- Level design
- Task management
- Team management
- Manual testing

 2D Artist (freelance)
7 months (MARCH 2022 - Present)",Artist,Not Available,Not Available,1.0 years,2D Artist,Djinni Recruitment Dataset (English Candidate Profiles),https://huggingface.co/datasets/lang-uk/recruitment-dataset-candidate-profiles-english,28da684f-134c-5254-9378-60dbdb46ec6b,anonymized,MIT License,2d artist content manager playson 1 year 9 months may 2017 january 2019 ukraine game art and animations implementation localizations implementation game text and rules design and implementation game designer indie game studio 7 months august 2021 february 2022 ukraine game design level design task management team management manual testing 2d artist freelance 7 months march 2022 present 1 0 years
DJINNI-0aaf1076-c86e-51f9-a41e-b5e2cecf87c2,"Ability to work with software such as Adobe Photoshop, Adobe Illustrator, SketchUp. Good proficiency in art fundamentals, design principles, anatomy, composition, perspective, and color theory. Skills to create character design, illustration, concept art, and backgrounds. Ability to draw in different styles (realism, stylized, cartoon, line art). Creative approach to implementing new ideas. Support of ready-made projects and stile. Ability to prepare art for animation and for print.
Created concept art, illustrations, character design, and locations for games in the genre of Action, RPG, Strategy, Shooter, Casual, Arcade, Platformer, and MMO.
Created a unique and consistent style for a complete games world.
Compliance with the formed graphic style of the project.
Interesting and diverse high-quality projects, organizational structure, friendly team, support in professional development, decent pay.",Artist,Not Available,Not Available,6.0 years,2D Artist,Djinni Recruitment Dataset (English Candidate Profiles),https://huggingface.co/datasets/lang-uk/recruitment-dataset-candidate-profiles-english,0aaf1076-c86e-51f9-a41e-b5e2cecf87c2,anonymized,MIT License,2d artist ability to work with software such as adobe photoshop adobe illustrator sketchup good proficiency in art fundamentals design principles anatomy composition perspective and color theory skills to create character design illustration concept art and backgrounds ability to draw in different styles realism stylized cartoon line art creative approach to implementing new ideas support of ready made projects and stile ability to prepare art for animation and for print created concept art illustrations character design and locations for games in the genre of action rpg strategy shooter casual arcade platformer and mmo created a unique and consistent style for a complete games world compliance with the formed graphic style of the project interesting and diverse high quality projects organizational structure friendly team support in professional development decent pay 6 0 years
DJINNI-763337f2-fa40-5c2f-8003-84e860a088a7,"Currently Artist at Fishing Clash: 

Art-direction: establishing art style for the team, and keeping it consistent throughout production. Writing tasks. Giving feedbacks and pipeline workshops. 

Characters: concepting, designing and full development of realistic 2D characters. 

Environment: concepting and matte painting environments, using photobash and Blender. 

Icons and UI: designing and developing UI icons, badges and stickers for the game. 

Animation design: designing animation for icons and elements of the game.
No rus companies",Artist,Not Available,Not Available,5.0 years,2D Artist,Djinni Recruitment Dataset (English Candidate Profiles),https://huggingface.co/datasets/lang-uk/recruitment-dataset-candidate-profiles-english,763337f2-fa40-5c2f-8003-84e860a088a7,anonymized,MIT License,2d artist currently artist at fishing clash art direction establishing art style for the team and keeping it consistent throughout production writing tasks giving feedbacks and pipeline workshops characters concepting designing and full development of realistic 2d characters environment concepting and matte painting environments using photobash and blender icons and ui designing and developing ui icons badges and stickers for the game animation design designing animation for icons and elements of the game no rus companies 5 0 years
DJINNI-0e8b154f-bac6-5b92-99d7-739f4810c327,"- Development of UX, create UI art elements ant UI decoration
- Concept art of lendmarks and environment elements
- Concept art and rendering inventory objects
- Work with promo art for stores
- Preparation of assets and transfer to developers",Artist,Not Available,Not Available,6.0 years,2D Artist,Djinni Recruitment Dataset (English Candidate Profiles),https://huggingface.co/datasets/lang-uk/recruitment-dataset-candidate-profiles-english,0e8b154f-bac6-5b92-99d7-739f4810c327,anonymized,MIT License,2d artist development of ux create ui art elements ant ui decoration concept art of lendmarks and environment elements concept art and rendering inventory objects work with promo art for stores preparation of assets and transfer to developers 6 0 years
DJINNI-d1b25263-c0ce-5bdd-8f6d-9a3ffea48485,"Digital Artist, with a basic knowledge of the art creation process, have completed several courses, and I'm currently actively working on improving my own artworks. I have some experience in book illustration. Can work in Procreate, Adobe illustrator, Adobe Photoshop.
Quality Assurance Engineer with 2+ years of experience in game-dev industry. Experienced in manual testing on different platforms (PS4, PC Streaming Platform), сreating bug reports, creating Test Cases, mentoring. Working with UE5.",Artist,Not Available,Not Available,1.0 years,2D Artist,Djinni Recruitment Dataset (English Candidate Profiles),https://huggingface.co/datasets/lang-uk/recruitment-dataset-candidate-profiles-english,d1b25263-c0ce-5bdd-8f6d-9a3ffea48485,anonymized,MIT License,2d artist digital artist with a basic knowledge of the art creation process have completed several courses and i m currently actively working on improving my own artworks i have some experience in book illustration can work in procreate adobe illustrator adobe photoshop quality assurance engineer with 2 years of experience in game dev industry experienced in manual testing on different platforms ps4 pc streaming platform reating bug reports creating test cases mentoring working with ue5 1 0 years
DJINNI-0ec42038-327e-5be3-95fc-d480ac0f79e3,"- In my work I use Adobe Photoshop as my main tool. 
- A high level of drawing on a graphics tablet.
- Average level of proficiency in Adobe Illustrator.
- Knowledge of anatomy. 
- Skills in drawing 2d illustrations.
- Concept art from idea to drawing. 
- Basic knowledge of Blender.
- Professional skills of academic drawing.
/ Drew a 2D illustration for a Swedish company.
/ Drew a background for an American company.
/ Drew a 2D character in a mobile game for a studio. 
/ Designed and implemented the cover concept for a book.
/ My main job was freelancing.
I want to work in a team, on a casual game, create concepts, characters, props and environments.
Ready for a test assignment.",Artist,Not Available,Not Available,2.0 years,2D Artist,Djinni Recruitment Dataset (English Candidate Profiles),https://huggingface.co/datasets/lang-uk/recruitment-dataset-candidate-profiles-english,0ec42038-327e-5be3-95fc-d480ac0f79e3,anonymized,MIT License,2d artist in my work i use adobe photoshop as my main tool a high level of drawing on a graphics tablet average level of proficiency in adobe illustrator knowledge of anatomy skills in drawing 2d illustrations concept art from idea to drawing basic knowledge of blender professional skills of academic drawing drew a 2d illustration for a swedish company drew a background for an american company drew a 2d character in a mobile game for a studio designed and implemented the cover concept for a book my main job was freelancing i want to work in a team on a casual game create concepts characters props and environments ready for a test assignment 2 0 years
DJINNI-0b4fffd1-d50b-5427-bbd7-cba3bc801d18,"During my studying I have done a big game project on the course. It was game project from scratch which included lots of elements. 
Also I have done one more task was to redid an old room into a new one and added some decorative elements on me choice.
There were also projects of various props. There were small elements of decor as well as big props for locations.

I use Photoshop to create all my projects.
Studied ''ZBrush'' and ''Blender'' on the courses.",Artist,Not Available,Not Available,0.0 years,2D Artist,Djinni Recruitment Dataset (English Candidate Profiles),https://huggingface.co/datasets/lang-uk/recruitment-dataset-candidate-profiles-english,0b4fffd1-d50b-5427-bbd7-cba3bc801d18,anonymized,MIT License,2d artist during my studying i have done a big game project on the course it was game project from scratch which included lots of elements also i have done one more task was to redid an old room into a new one and added some decorative elements on me choice there were also projects of various props there were small elements of decor as well as big props for locations i use photoshop to create all my projects studied zbrush and blender on the courses 0 0 years
DJINNI-f6c285f7-8aeb-5d79-9ba3-8fac73142133,"Education :
2D render, Game graphics by ArtCraft 
Created game objects in isometry (characters, houses, etc.), icons, ui

Work:
2D Artist in Gameflex
Create game icons and game ui

I used : Adobe Photoshop, Key Shot, 3d Coat.",Artist,Not Available,Not Available,1.0 years,2D Artist,Djinni Recruitment Dataset (English Candidate Profiles),https://huggingface.co/datasets/lang-uk/recruitment-dataset-candidate-profiles-english,f6c285f7-8aeb-5d79-9ba3-8fac73142133,anonymized,MIT License,2d artist education 2d render game graphics by artcraft created game objects in isometry characters houses etc icons ui work 2d artist in gameflex create game icons and game ui i used adobe photoshop key shot 3d coat 1 0 years
DJINNI-1c27ae89-7c60-5055-86e0-b000e94d0ea5,"Education:
2021 Basic UI Course in Casual Graphics
Game Station Academy

2004-2012 National academy of fine art and architecture
Department of Graphic Design (Master)
Department of book publishing (Bachelor)

2007 - student exchange program, trip to the USA

1996-2004 Tarasa Shevchenko State Art School
Painting department
Experienced artist who is looking for new career opportunities.

July 2022 - February 2023 · 8 months - 2D Artist at 4Enjoy 
• Conceptualize and create striking visual designs from ideas to final renders.
• Follow style and theme guidelines to align with project goals.
• Collaborate with team members to ensure seamless design integration.
• Worked on game projects such as ""Mergington Town"", ""Kingdom Merge"", ""Merge Spa"" and ""Kingdom Link"".


2021 - till present - ""Fiverr"" and other freelance platforms
2d artist, freelance.
• Create 2d game assets, icons, props, objects and other UI

2018-2021 ""Krome Photos""
Retoucher, photo processing, freelance.
Worked with photos. I did photo-correction, restoration, replacement of the background (and other elements), etc.

2016 - creation of a series of sculptures for the city of Irpin, Ukraine

2014 - 2022 ""KOLOROVA"" art studio of creative skills
Designer, teacher.
Development and printing of advertising product. I also worked as a teacher for beginners in classical art

2012 - 2022 Publishing house Kiev ""Slovo""
Graphic Designer
Development and creation of graphic design. In recent years, setting up work processes, checking the work done by other designers, communicating with new customers

2009 - 2012 I was engaged in orthodox icon painting

2004-2007 Ariadne exhibition center
Artist, designer assistant
The first full-time job.
Development and creation of graphic design for exhibitions

• 10+ years of experience as an artist. Design, book illustration, oil paintings, murals, iconography, sculpture and more.
• 15+ years of studying art. From oil painting to sculpture
• 10+ experience as a graphic designer (full time + freelance)
• 10+ years of practice in Photoshop
•  in 2020 began to study digital drawing",Artist,Not Available,Not Available,2.0 years,2D Artist,Djinni Recruitment Dataset (English Candidate Profiles),https://huggingface.co/datasets/lang-uk/recruitment-dataset-candidate-profiles-english,1c27ae89-7c60-5055-86e0-b000e94d0ea5,anonymized,MIT License,2d artist education 2021 basic ui course in casual graphics game station academy 2004 2012 national academy of fine art and architecture department of graphic design master department of book publishing bachelor 2007 student exchange program trip to the usa 1996 2004 tarasa shevchenko state art school painting department experienced artist who is looking for new career opportunities july 2022 february 2023 8 months 2d artist at 4enjoy conceptualize and create striking visual designs from ideas to final renders follow style and theme guidelines to align with project goals collaborate with team members to ensure seamless design integration worked on game projects such as mergington town kingdom merge merge spa and kingdom link 2021 till present fiverr and other freelance platforms 2d artist freelance create 2d game assets icons props objects and other ui 2018 2021 krome photos retoucher photo processing freelance worked with photos i did photo correction restoration replacement of the background and other elements etc 2016 creation of a series of sculptures for the city of irpin ukraine 2014 2022 kolorova art studio of creative skills designer teacher development and printing of advertising product i also worked as a teacher for beginners in classical art 2012 2022 publishing house kiev slovo graphic designer development and creation of graphic design in recent years setting up work processes checking the work done by other designers communicating with new customers 2009 2012 i was engaged in orthodox icon painting 2004 2007 ariadne exhibition center artist designer assistant the first full time job development and creation of graphic design for exhibitions 10 years of experience as an artist design book illustration oil paintings murals iconography sculpture and more 15 years of studying art from oil painting to sculpture 10 experience as a graphic designer full time freelance 10 years of practice in photoshop in 2020 began to study digital drawing 2 0 years
DJINNI-574ebbd6-93a2-5c20-9cf3-319f7bca5d6f,"Experience in development of character concepts and rendering of icons for visual novels. Now I work as a freelancer, I have experience in the casual style and I want to develop in this direction. There was experience in the creation of characters, game designs (namely, the development of a logo for the game, a splash screen, characters, objects for characters, backgrounds).",Artist,Not Available,Not Available,3.0 years,2D Artist,Djinni Recruitment Dataset (English Candidate Profiles),https://huggingface.co/datasets/lang-uk/recruitment-dataset-candidate-profiles-english,574ebbd6-93a2-5c20-9cf3-319f7bca5d6f,anonymized,MIT License,2d artist experience in development of character concepts and rendering of icons for visual novels now i work as a freelancer i have experience in the casual style and i want to develop in this direction there was experience in the creation of characters game designs namely the development of a logo for the game a splash screen characters objects for characters backgrounds 3 0 years
DJINNI-a20458df-7b3a-5286-b88d-7c845298da33,"Experience in mobile game development (match3 and slot games, 2D and animation):
Game elements and features concept.
Final render in different styles.
Creating of symbols, game logos, screen mockups.
UI elements and banners.
Characters, character's emotions, items of character's clothing.
Illustrations.
2D animation in Spine (using bones, meshes, paths etc.)
Creating effects in After Effects (Particular, Saber).
Optimizing of graphic files for better performance (reducing image size in different ways, spine clearing).
Interested in 2D casual and slot projects.",Design,Not Available,Not Available,3.0 years,2D Artist,Djinni Recruitment Dataset (English Candidate Profiles),https://huggingface.co/datasets/lang-uk/recruitment-dataset-candidate-profiles-english,a20458df-7b3a-5286-b88d-7c845298da33,anonymized,MIT License,2d artist experience in mobile game development match3 and slot games 2d and animation game elements and features concept final render in different styles creating of symbols game logos screen mockups ui elements and banners characters character s emotions items of character s clothing illustrations 2d animation in spine using bones meshes paths etc creating effects in after effects particular saber optimizing of graphic files for better performance reducing image size in different ways spine clearing interested in 2d casual and slot projects 3 0 years
DJINNI-ad348de5-8f19-5967-ad8d-087713646b69,"1st place at the district and 3rd place at the regional stage of the Competition - defense of scientific research works of students-members of the National Academy of Sciences, participation in scientific conferences (such as the XVII International Scientific Conference of Students, Postgraduate Students, Doctoral Students and Young Scientists ""Sociology in (Post) Modernity)
Experience in such programs as Krita, Paint Tool Sai, Canva, MediBang Paint Pro, and ibis Paint X. Creation of various presentations, including for student projects and presentations at conferences. My goal at the moment is to get a job as an illustrator or presentation designer, because I live in this occupation, I have a good imagination and a sense of humor.",Artist,Not Available,Not Available,0.0 years,2D Artist,Djinni Recruitment Dataset (English Candidate Profiles),https://huggingface.co/datasets/lang-uk/recruitment-dataset-candidate-profiles-english,ad348de5-8f19-5967-ad8d-087713646b69,anonymized,MIT License,2d artist 1st place at the district and 3rd place at the regional stage of the competition defense of scientific research works of students members of the national academy of sciences participation in scientific conferences such as the xvii international scientific conference of students postgraduate students doctoral students and young scientists sociology in post modernity experience in such programs as krita paint tool sai canva medibang paint pro and ibis paint x creation of various presentations including for student projects and presentations at conferences my goal at the moment is to get a job as an illustrator or presentation designer because i live in this occupation i have a good imagination and a sense of humor 0 0 years
DJINNI-95a17166-9f4f-54b3-8731-48b006278ee7,"Experience
____________________
Kevuru Games, Kyiv — Middle 2d Artist
2021-2022
Main tasks where creating realistic characters, with outfits and several emotions. On occasion banners, cutscenes and other assets.
____________________
Your Story Interactive, Chisinau — Junior 2D Artist
2019 - 2021
In YSI I worked for Romance Club, creating characters, outfits, backgrounds, items, cars, monsters etc.
Friendly team, leadership and interesting projects to work on.",Artist,Not Available,Not Available,6.0 years,2D Artist,Djinni Recruitment Dataset (English Candidate Profiles),https://huggingface.co/datasets/lang-uk/recruitment-dataset-candidate-profiles-english,95a17166-9f4f-54b3-8731-48b006278ee7,anonymized,MIT License,2d artist experience ____________________ kevuru games kyiv middle 2d artist 2021 2022 main tasks where creating realistic characters with outfits and several emotions on occasion banners cutscenes and other assets ____________________ your story interactive chisinau junior 2d artist 2019 2021 in ysi i worked for romance club creating characters outfits backgrounds items cars monsters etc friendly team leadership and interesting projects to work on 6 0 years
DJINNI-6df60a55-e739-5986-a870-e3ce64d17786,"-attention to details,
-purposefulness,
-resourcefulness,
-sociability,
-persistence,
-the ability to listen to
and accept criticism,
-teamwork,
-continuous
improvement of skills.
-1 am геаdу to work
remotely, created the
appropriate conditions
fог this: the presence of
а powerful laptop, an
additional monitor,
1 ООМЬ/рs lnternet and
а Wacom lntuos 5 L
graphic taЫet. 1 am also
considering the option
of moving to Kiev.
Fivesysdev.com
2d Artist (designer for mobile games)
Jun 2021- Jun 2022 Ukraine

Win-interactive.com
2d Artist (multimedia object designer)
November 2012 - September 2014 Ukraine 

2D Artist, Photographer
Freelance
ОсtоЬег 2014 - Until now Vinnytsia, Ukraine

-creation of final агt
and graphic design fог
casual games
rendered locations,
mini games,
puzzle frames,
interface
- completing гепdег
of 30 model,
-creating collages,
-took photos
of missing objects,
texture ог surface,
-U I fог slots,
-preparing work fог
integration Ьу
programmers and
animators

Projekts:
-Secrets of the Оагk: Temple of Night Walkthrough
-Secrets of the Оагk: Temple of Night
Collector's Edition
-Echoes of the Past: The Kingdom of Oespair
-Echoes of the Past: The Kingdom of Oespair
Collector's Edition
-Echoes of the Past 6 Wolf Неаlег
-Echoes of the Past 6 Wolf Неаlег
Collector's Edition
Knight Saga ( Mobile MMORPG)",Artist,Not Available,Not Available,3.0 years,2D Artist,Djinni Recruitment Dataset (English Candidate Profiles),https://huggingface.co/datasets/lang-uk/recruitment-dataset-candidate-profiles-english,6df60a55-e739-5986-a870-e3ce64d17786,anonymized,MIT License,2d artist attention to details purposefulness resourcefulness sociability persistence the ability to listen to and accept criticism teamwork continuous improvement of skills 1 am d to work remotely created the appropriate conditions f this the presence of powerful laptop an additional monitor 1 s lnternet and wacom lntuos 5 l graphic ta et 1 am also considering the option of moving to kiev fivesysdev com 2d artist designer for mobile games jun 2021 jun 2022 ukraine win interactive com 2d artist multimedia object designer november 2012 september 2014 ukraine 2d artist photographer freelance t 2014 until now vinnytsia ukraine creation of final t and graphic design f casual games rendered locations mini games puzzle frames interface completing d of 30 model creating collages took photos of missing objects texture surface u i f slots preparing work f integration programmers and animators projekts secrets of the k temple of night walkthrough secrets of the k temple of night collector s edition echoes of the past the kingdom of oespair echoes of the past the kingdom of oespair collector s edition echoes of the past 6 wolf l echoes of the past 6 wolf l collector s edition knight saga mobile mmorpg 3 0 years
DJINNI-dcf676ee-08e7-5fe4-a0a3-b8d82747eb8b,"Flash integrator with 8 years of experience.
My duties included.
Working in Adobe Animate - Creating a structure in the resource and transferring it to the development, optimizing the resource, creating 2D animations, working with text fields, preparing and implementing sounds in the structure, preparing scenes for different resolutions (4x3, 3x2, 16x9).
Working in Photoshop - elements preparation(Cut, optimize, combine objects with each other).
Working in After Effects - Convert video to frame-by-frame animation.
Working in Audition - sound optimization, splitting sound into two soundtracks and also combining sounds into a single soundtrack.Scrum and Kanban agile development models.",Artist,Not Available,Not Available,8.0 years,2D Artist,Djinni Recruitment Dataset (English Candidate Profiles),https://huggingface.co/datasets/lang-uk/recruitment-dataset-candidate-profiles-english,dcf676ee-08e7-5fe4-a0a3-b8d82747eb8b,anonymized,MIT License,2d artist flash integrator with 8 years of experience my duties included working in adobe animate creating a structure in the resource and transferring it to the development optimizing the resource creating 2d animations working with text fields preparing and implementing sounds in the structure preparing scenes for different resolutions 4x3 3x2 16x9 working in photoshop elements preparation cut optimize combine objects with each other working in after effects convert video to frame by frame animation working in audition sound optimization splitting sound into two soundtracks and also combining sounds into a single soundtrack scrum and kanban agile development models 8 0 years
DJINNI-3d4e84ad-7ae2-5382-a437-b4861b11a813,"I have experience working on artbook illustrations and drawing in various styles, including semi-realism.
I have extensive experience in working with 2D animation, creating storyboards, and writing scripts. Worked on advertising illustration and designed merch for the company.
I know how to distribute tasks in a team, manage projects, and delegate tasks.
For the last year, I have been working on creating illustrations in various styles, including semi-realism

Also I have 5-years of work experience as a Motion Designer and one year as an Art Director. 
My duties included creating illustrations
and 2D explainers: finding an idea, writing a script, storyboarding, creating illustrations, preparing for animation, animation, and sound effects.

There is an education in working with stylization and realism. I have the desire to develop as a 2D Artist.
I have desire to develop as a 2D Artist in the game industry. 
I am interested in working on character design, locations and icons.",Artist,Not Available,Not Available,5.0 years,2D Artist,Djinni Recruitment Dataset (English Candidate Profiles),https://huggingface.co/datasets/lang-uk/recruitment-dataset-candidate-profiles-english,3d4e84ad-7ae2-5382-a437-b4861b11a813,anonymized,MIT License,2d artist i have experience working on artbook illustrations and drawing in various styles including semi realism i have extensive experience in working with 2d animation creating storyboards and writing scripts worked on advertising illustration and designed merch for the company i know how to distribute tasks in a team manage projects and delegate tasks for the last year i have been working on creating illustrations in various styles including semi realism also i have 5 years of work experience as a motion designer and one year as an art director my duties included creating illustrations and 2d explainers finding an idea writing a script storyboarding creating illustrations preparing for animation animation and sound effects there is an education in working with stylization and realism i have the desire to develop as a 2d artist i have desire to develop as a 2d artist in the game industry i am interested in working on character design locations and icons 5 0 years
DJINNI-ff9681b3-671f-5d29-8238-68018ef2f98f,"For the past 2 years I worked as a 2D artist. Created Hidden Objects scene fills and game elements for mobile games. I have a higher art education.
SKILLS: 
-Photoshop, Lightroom, Illustrator (basic), Figma (basic);
-Task management - Asana;
-Confident skills of a graphic tablet;
-Draw by hand;
-Academic drawing;
-Basics of composition, color science;
-Creation of photorealistic and stylized 2D graphics.",Artist,Not Available,Not Available,2.5 years,2D Artist,Djinni Recruitment Dataset (English Candidate Profiles),https://huggingface.co/datasets/lang-uk/recruitment-dataset-candidate-profiles-english,ff9681b3-671f-5d29-8238-68018ef2f98f,anonymized,MIT License,2d artist for the past 2 years i worked as a 2d artist created hidden objects scene fills and game elements for mobile games i have a higher art education skills photoshop lightroom illustrator basic figma basic task management asana confident skills of a graphic tablet draw by hand academic drawing basics of composition color science creation of photorealistic and stylized 2d graphics 2 5 years
DJINNI-a3bead34-8889-5646-9f0c-3b176a8bb039,"My biggest accomplishment is that I've grown from artist amatour to professional 2D Artist Generalist in only 2.5 years. I also can objectivly judge my art wich helps me to constantly improve it.
Freelance 2D Artist (2018 - now):
Development of custom character/environment concepts
Illustration of characters for further animation
Development of NFT-arts to order
Creation of interface concepts
Execution of stylized portraits from photos
Creation of maps in isometry

2D artist at Absolutist ltd (2021-2022)
Full cycle of character design
Isometry buildings design
Environment concepts
Design of separate elements of ui
Color and render of ingame objects
Cut characters and illustrations for Spine
I'd be glad to have the oportunity to perfom concept art of characters and ingame objects. I'm good at working with cartoony style. Though I'm okay with any kind of task if it explained clearly and has good amount of references.",Artist,Not Available,Not Available,3.0 years,2D Artist,Djinni Recruitment Dataset (English Candidate Profiles),https://huggingface.co/datasets/lang-uk/recruitment-dataset-candidate-profiles-english,a3bead34-8889-5646-9f0c-3b176a8bb039,anonymized,MIT License,2d artist my biggest accomplishment is that i ve grown from artist amatour to professional 2d artist generalist in only 2 5 years i also can objectivly judge my art wich helps me to constantly improve it freelance 2d artist 2018 now development of custom character environment concepts illustration of characters for further animation development of nft arts to order creation of interface concepts execution of stylized portraits from photos creation of maps in isometry 2d artist at absolutist ltd 2021 2022 full cycle of character design isometry buildings design environment concepts design of separate elements of ui color and render of ingame objects cut characters and illustrations for spine i d be glad to have the oportunity to perfom concept art of characters and ingame objects i m good at working with cartoony style though i m okay with any kind of task if it explained clearly and has good amount of references 3 0 years
DJINNI-2a3efef2-a7a9-5689-8eba-63307e465f7a,"Freelance 2D Artist (self employed) - 6 years
Designed original characters for a game project and 
personal use;
Made use of graphic editors as well as traditional 
art materials (pencil, oil, watercolor) to complete 
unique pieces for customers;
Worked with clients from different countries;
Researched gaming and visual trends.",Artist,Not Available,Not Available,6.0 years,2D Artist,Djinni Recruitment Dataset (English Candidate Profiles),https://huggingface.co/datasets/lang-uk/recruitment-dataset-candidate-profiles-english,2a3efef2-a7a9-5689-8eba-63307e465f7a,anonymized,MIT License,2d artist freelance 2d artist self employed 6 years designed original characters for a game project and personal use made use of graphic editors as well as traditional art materials pencil oil watercolor to complete unique pieces for customers worked with clients from different countries researched gaming and visual trends 6 0 years
DJINNI-8a97fbf7-807a-5497-97b5-2dfd016250ac,"Freelance 2D Artist
• worked with line for pixel game concepts;
• created a character for a nft game with a given casual style from concept 
to final;
• created characters for a card game from concept to final;
• created prints (characters, inscriptions) for a clothing store;
• painted several portraits;
• designed logos.
I love creating characters the most, but also I like to make props and objects with different textures.",Artist,Not Available,Not Available,1.0 years,2D Artist,Djinni Recruitment Dataset (English Candidate Profiles),https://huggingface.co/datasets/lang-uk/recruitment-dataset-candidate-profiles-english,8a97fbf7-807a-5497-97b5-2dfd016250ac,anonymized,MIT License,2d artist freelance 2d artist worked with line for pixel game concepts created a character for a nft game with a given casual style from concept to final created characters for a card game from concept to final created prints characters inscriptions for a clothing store painted several portraits designed logos i love creating characters the most but also i like to make props and objects with different textures 1 0 years
DJINNI-47abe3af-e94e-5b5d-9513-48be949aa92a,"Freelance digital artist - from 2018 to now.
2 years photo retouching in Retouch me. 
High skils in Adobe Photoshop, also I work with Adobe InDesign, Adobe Illustrator, Corel Draw, SAI.
Basic skills in Blender.
Education - Master of Graphic Design.
Passed Mooncourses (comics course) by Julia Nikitina and Julia Tar (2018, 3 months).
In the future I want to develop as a 2D artist.",Other,Not Available,Not Available,3.0 years,2D Artist,Djinni Recruitment Dataset (English Candidate Profiles),https://huggingface.co/datasets/lang-uk/recruitment-dataset-candidate-profiles-english,47abe3af-e94e-5b5d-9513-48be949aa92a,anonymized,MIT License,2d artist freelance digital artist from 2018 to now 2 years photo retouching in retouch me high skils in adobe photoshop also i work with adobe indesign adobe illustrator corel draw sai basic skills in blender education master of graphic design passed mooncourses comics course by julia nikitina and julia tar 2018 3 months in the future i want to develop as a 2d artist 3 0 years
DJINNI-71178bed-1a5c-52a1-af93-c947897d1431,"Freelance, IT Outsourcing (Sept.2022 - Jan.2023)
2D Artist / 2D Game Artist / Concept Artist / Illustrator
- Character concept
- Environment concept
- Illustration

“Vireye Entertainment”, Gamedev (June2022 - Sept.2022)
Concept Artist
- Character concept
- Props concept

“ePatient”, Edutainment (Oct.2021 - Apr.2022)
2D Artist
- 3D models creating (Caracter Creator)
- Textursng 3D models
- UI: icons and background creating

“KidsDi”, Hypercasual/Casual Gamedev (Oct.2020 - Sept.2021)
2D Artist
- Character concept
- Environment concept
- UI: icons and background creating

Freelance, IT Outsourcing (Dec.2019 - Oct.2020)
2D Artist / 2D Game Artist / Concept Artist / Illustrator
- Character concept
- Environment concept
- Illustration",Artist,Not Available,Not Available,4.0 years,2D Artist,Djinni Recruitment Dataset (English Candidate Profiles),https://huggingface.co/datasets/lang-uk/recruitment-dataset-candidate-profiles-english,71178bed-1a5c-52a1-af93-c947897d1431,anonymized,MIT License,2d artist freelance it outsourcing sept 2022 jan 2023 2d artist 2d game artist concept artist illustrator character concept environment concept illustration vireye entertainment gamedev june2022 sept 2022 concept artist character concept props concept epatient edutainment oct 2021 apr 2022 2d artist 3d models creating caracter creator textursng 3d models ui icons and background creating kidsdi hypercasual casual gamedev oct 2020 sept 2021 2d artist character concept environment concept ui icons and background creating freelance it outsourcing dec 2019 oct 2020 2d artist 2d game artist concept artist illustrator character concept environment concept illustration 4 0 years
DJINNI-d8714b8e-0f47-59a9-965b-9325ace5d61c,"Freelancer, 2D Photoshop, game content development, heroes, locations. Illustrating books. Professional artist.Graduated from the Kiev Institute of Art and Industry, faculty of graphic design.Open to cooperation on an ongoing basis, with European companies.
I have experience with realistic projects,  interested in realistic style. If necessary, I can also develop stylized projects.",Artist,Not Available,Not Available,5.0 years,2D Artist,Djinni Recruitment Dataset (English Candidate Profiles),https://huggingface.co/datasets/lang-uk/recruitment-dataset-candidate-profiles-english,d8714b8e-0f47-59a9-965b-9325ace5d61c,anonymized,MIT License,2d artist freelancer 2d photoshop game content development heroes locations illustrating books professional artist graduated from the kiev institute of art and industry faculty of graphic design open to cooperation on an ongoing basis with european companies i have experience with realistic projects interested in realistic style if necessary i can also develop stylized projects 5 0 years
DJINNI-920461e1-982e-5d50-a7cb-0e6ed3e3c37f,"Professional experience:
• 2D Artist (March 2023-Present)
   ArtHouseLabs
• Freelance 2D Artist (May 2022-March 2023)
• UI/UX Designer (March 2021 - June 2022)
   bART Solutions 
• Freelance Visual Designer (2018-2021)

Tools:
• Adobe Photoshop
• Graphic tablet

Skills:
• Knowledge of composition
• Knowledge of colors, lightning, perspective
• Knowledge of plastic anatomy
• Hand drawing
• Forms stylization
• Ability to work in different art styles
• Creation and reproduction of game 
 graphics elements (from sketch to final)
• High interpersonal skills
• Desire to professional development in 
 Game Development
• Responsibility to all requirements
• Teamwork experience
General 2D Artist
• Creating concepts
• Creating game icons
• Creating Character design
• Work in different art styles
• Creation and reproduction of game 
 graphics elements (from sketch to final art)
I am into drawing in casual and cartoon game styles.
Not interested in sci-fi, photobash and UI.",Artist,Not Available,Not Available,1.0 years,2D Artist,Djinni Recruitment Dataset (English Candidate Profiles),https://huggingface.co/datasets/lang-uk/recruitment-dataset-candidate-profiles-english,920461e1-982e-5d50-a7cb-0e6ed3e3c37f,anonymized,MIT License,2d artist professional experience 2d artist march 2023 present arthouselabs freelance 2d artist may 2022 march 2023 ui ux designer march 2021 june 2022 bart solutions freelance visual designer 2018 2021 tools adobe photoshop graphic tablet skills knowledge of composition knowledge of colors lightning perspective knowledge of plastic anatomy hand drawing forms stylization ability to work in different art styles creation and reproduction of game graphics elements from sketch to final high interpersonal skills desire to professional development in game development responsibility to all requirements teamwork experience general 2d artist creating concepts creating game icons creating character design work in different art styles creation and reproduction of game graphics elements from sketch to final art i am into drawing in casual and cartoon game styles not interested in sci fi photobash and ui 1 0 years
DJINNI-1c85acf9-10be-56dd-bf3a-b97de16c7598,"In my free time I am working on my own comics.
Greetings! For as long as I can remember I spent all of my time to drawing. 
I think that I am pretty good in digital and traditional art. 

About my skills: for my artworks I am using Photoshop and have high skills in working with grafic tablets. I can call myself an expert in character design and some another fields of art.",Artist,Not Available,Not Available,0.5 years,2D Artist,Djinni Recruitment Dataset (English Candidate Profiles),https://huggingface.co/datasets/lang-uk/recruitment-dataset-candidate-profiles-english,1c85acf9-10be-56dd-bf3a-b97de16c7598,anonymized,MIT License,2d artist in my free time i am working on my own comics greetings for as long as i can remember i spent all of my time to drawing i think that i am pretty good in digital and traditional art about my skills for my artworks i am using photoshop and have high skills in working with grafic tablets i can call myself an expert in character design and some another fields of art 0 5 years
DJINNI-69f54d1a-5565-5dae-b906-7db03714d41c,"Second place on Global Game Jam Ukraine 2019 ()
Have 2.5 years experience working on different kinds of
projects with developement teams and with clients
directly (1.5 years comercial eperience in game developement studio + 1 year freelance). Experienced with creating illustrations, prop and concept art",Artist,Not Available,Not Available,1.5 years,2D Artist,Djinni Recruitment Dataset (English Candidate Profiles),https://huggingface.co/datasets/lang-uk/recruitment-dataset-candidate-profiles-english,69f54d1a-5565-5dae-b906-7db03714d41c,anonymized,MIT License,2d artist second place on global game jam ukraine 2019 have 2 5 years experience working on different kinds of projects with developement teams and with clients directly 1 5 years comercial eperience in game developement studio 1 year freelance experienced with creating illustrations prop and concept art 1 5 years
DJINNI-f5bd0270-5ff1-5f8e-93a7-8668659a414c,"Top rated on Upwork
Hello, I am an experienced 2D artist, illustrator with knowledge and skills gained as a result of working on many successfully completed, short-term, long-term projects (freelance). More than six years in total. These projects included work on logos, icons, vector and raster illustrations on various topics, as well as typographic designs. I have a creative, design education from an art university, and therefore I have solid knowledge in color science, composition, anatomy, academic drawing, working with fonts, etc. I am proficient in Adobe Photoshop and know Adobe Illustrator but prefer Corel Draw for vector graphics.
I am currently looking for a full time work as a illustrator or 2D artist, remotely.",Artist,Not Available,Not Available,6.0 years,2D Artist,Djinni Recruitment Dataset (English Candidate Profiles),https://huggingface.co/datasets/lang-uk/recruitment-dataset-candidate-profiles-english,f5bd0270-5ff1-5f8e-93a7-8668659a414c,anonymized,MIT License,2d artist top rated on upwork hello i am an experienced 2d artist illustrator with knowledge and skills gained as a result of working on many successfully completed short term long term projects freelance more than six years in total these projects included work on logos icons vector and raster illustrations on various topics as well as typographic designs i have a creative design education from an art university and therefore i have solid knowledge in color science composition anatomy academic drawing working with fonts etc i am proficient in adobe photoshop and know adobe illustrator but prefer corel draw for vector graphics i am currently looking for a full time work as a illustrator or 2d artist remotely 6 0 years
DJINNI-de6c32e1-2955-5875-bb5e-66e350c4fbe1,"Hello! I`m a 2D Game Artist, I`ve been working for 2 years as a freelancer artist. In addition, I have experience in Gamedev for more than 3 years as a game tester at Ubisoft. I`ve been drawing since 2017, it`s
concept art, illustration, icons and other content for
computer and mobile games, indie projects. I have
experience in a hackathon and a lot of Game Jams.
Also, I have a strong interest in, and genuine passion
for video games.
Gamgling, Slots, NSFW, NFT, UI\UX",Artist,Not Available,Not Available,2.0 years,2D Artist,Djinni Recruitment Dataset (English Candidate Profiles),https://huggingface.co/datasets/lang-uk/recruitment-dataset-candidate-profiles-english,de6c32e1-2955-5875-bb5e-66e350c4fbe1,anonymized,MIT License,2d artist hello i m a 2d game artist i ve been working for 2 years as a freelancer artist in addition i have experience in gamedev for more than 3 years as a game tester at ubisoft i ve been drawing since 2017 it s concept art illustration icons and other content for computer and mobile games indie projects i have experience in a hackathon and a lot of game jams also i have a strong interest in and genuine passion for video games gamgling slots nsfw nft ui ux 2 0 years
DJINNI-6d94c560-1ddf-5d63-a906-cbd3e6292080,"High-graduated fine artist skilled in Artistic composition, coloring, and stylization. Fluent in drawing by hand.

Experienced Graphic Artist and Designer bringing 10 years of experience applying technical and creative abilities to diverse customer projects. Art Director with proven 15 years of experience in video and cinema production.

Critical thinker offering exceptional skills in creating brand identity, strategies, and vital graphic productions. Expert user of Adobe Photoshop and Corel Draw.

Dedicated advertising and cinema production professional with a history of meeting project goals utilizing consistent and organized practices. Skilled in working under pressure and adapting to new situations and challenges to best enhance the project. Fluent in DaVinci and Adobe AfterEffects.

2D Artist highly passionate about stylized art, cinema technology, and creative processes and interested in game creation.
I have a relaxed attitude to routine, and I am diligent, but I am not intimidated by the fast pace of work either.

I can handle the task equally well in a team where there are clear instructions, as well as in projects where initiative is encouraged. 

In difficult situations, I can make a single decision, though I prefer teamwork, where there is cooperation and constructive discussion with my colleagues.",Artist,Not Available,Not Available,11.0 years,2D Artist,Djinni Recruitment Dataset (English Candidate Profiles),https://huggingface.co/datasets/lang-uk/recruitment-dataset-candidate-profiles-english,6d94c560-1ddf-5d63-a906-cbd3e6292080,anonymized,MIT License,2d artist high graduated fine artist skilled in artistic composition coloring and stylization fluent in drawing by hand experienced graphic artist and designer bringing 10 years of experience applying technical and creative abilities to diverse customer projects art director with proven 15 years of experience in video and cinema production critical thinker offering exceptional skills in creating brand identity strategies and vital graphic productions expert user of adobe photoshop and corel draw dedicated advertising and cinema production professional with a history of meeting project goals utilizing consistent and organized practices skilled in working under pressure and adapting to new situations and challenges to best enhance the project fluent in davinci and adobe aftereffects 2d artist highly passionate about stylized art cinema technology and creative processes and interested in game creation i have a relaxed attitude to routine and i am diligent but i am not intimidated by the fast pace of work either i can handle the task equally well in a team where there are clear instructions as well as in projects where initiative is encouraged in difficult situations i can make a single decision though i prefer teamwork where there is cooperation and constructive discussion with my colleagues 11 0 years
DJINNI-37cf2e1d-e47e-5d02-964d-fedc64e917e7,"Technical Skills:

Software Proficiency: Adobe Photoshop, ZBrush, Figma, Keyshot

Design Fundamentals: Mastery in color theory, composition, lighting, and anatomy

Artistic Versatility: Adaptability to various art styles to meet unique project demands
Highly motivated 2D Artist with solid experience in the game development sector. Specializing in character and illustration design, I am steadfastly committed to quality, continuous skill improvement, a strong sense of responsibility, and exceptional team collaboration skills.

Еxperience:

2D Artist
Gooligames | 2021 (Full-Time) - 2023 (Part-Time)

Responsible for complete artistic development, including environments, characters, objects, icons, and isometric designs design.

Partnered with 3D artists, providing conceptual visualizations for further 3D modeling.

Actively engaged in design reviews, offering insightful feedback and creative solutions.


Graphic Designer (Print Design 
Specialization)
Roksolana Bogutska | 2022 - Present

Conceptualize and create branded prints for designer collections, ensuring consistency with brand identity.

Managed end-to-end product development, from ideation to overseeing production workflows.

Streamlined team collaboration, optimizing efficiency and project delivery.


Artist
Kharkiv National Ballet & Opera Theater | 2016 - 2018, 2019 - 2021

Created production schematics to ensure precise translation from concept to execution.

Orchestrated costume and scenic designs, utilizing traditional painting techniques.

Created production schematics to provide accurate translation from idea to execution.


Teacher of Art
Hefei International Art School (Hefei, China) | 2018 - 2019

Nurtured creativity and self-expression in students through diverse artistic forms and media.

Designed custom drawings and paintings using oils, acrylics, and charcoal on high-quality canvas.

Developed engaging age-appropriate lesson plans and provided progress feedback.",Artist,Not Available,Not Available,1.5 years,2D Artist,Djinni Recruitment Dataset (English Candidate Profiles),https://huggingface.co/datasets/lang-uk/recruitment-dataset-candidate-profiles-english,37cf2e1d-e47e-5d02-964d-fedc64e917e7,anonymized,MIT License,2d artist technical skills software proficiency adobe photoshop zbrush figma keyshot design fundamentals mastery in color theory composition lighting and anatomy artistic versatility adaptability to various art styles to meet unique project demands highly motivated 2d artist with solid experience in the game development sector specializing in character and illustration design i am steadfastly committed to quality continuous skill improvement a strong sense of responsibility and exceptional team collaboration skills xperience 2d artist gooligames 2021 full time 2023 part time responsible for complete artistic development including environments characters objects icons and isometric designs design partnered with 3d artists providing conceptual visualizations for further 3d modeling actively engaged in design reviews offering insightful feedback and creative solutions graphic designer print design specialization roksolana bogutska 2022 present conceptualize and create branded prints for designer collections ensuring consistency with brand identity managed end to end product development from ideation to overseeing production workflows streamlined team collaboration optimizing efficiency and project delivery artist kharkiv national ballet opera theater 2016 2018 2019 2021 created production schematics to ensure precise translation from concept to execution orchestrated costume and scenic designs utilizing traditional painting techniques created production schematics to provide accurate translation from idea to execution teacher of art hefei international art school hefei china 2018 2019 nurtured creativity and self expression in students through diverse artistic forms and media designed custom drawings and paintings using oils acrylics and charcoal on high quality canvas developed engaging age appropriate lesson plans and provided progress feedback 1 5 years
DJINNI-59ec3164-c926-52b4-a02f-5030c9970316,"Highly skilled and creative 2D artist with a bachelor's degree and a master's degree in design.

Previous experience includes working on various mobile game projects such as slot games, match-three, card games, casino games, from concept sketch to final render.

Offering expertise in concept art, illustration, creating in-game assets, characters and objects. Advanced understanding of Art fundamentals such as composition, color theory, shape language, lights and shadows. Strong understanding of mobile game development processes, combined with a passion for creating visually stunning experiences.",Artist,Not Available,Not Available,3.0 years,2D Artist,Djinni Recruitment Dataset (English Candidate Profiles),https://huggingface.co/datasets/lang-uk/recruitment-dataset-candidate-profiles-english,59ec3164-c926-52b4-a02f-5030c9970316,anonymized,MIT License,2d artist highly skilled and creative 2d artist with a bachelor s degree and a master s degree in design previous experience includes working on various mobile game projects such as slot games match three card games casino games from concept sketch to final render offering expertise in concept art illustration creating in game assets characters and objects advanced understanding of art fundamentals such as composition color theory shape language lights and shadows strong understanding of mobile game development processes combined with a passion for creating visually stunning experiences 3 0 years
DJINNI-996e8172-6a2b-58fb-a33a-adaad3ecebbf,"Hi, I am Daria, a 2D artist from Ukraine now based in Portugal. I am passionate about creating art for games and movies. Art school and a Bachelor’s degree in Architecture equipped me with a strong foundation in core artistic principles. Over the years, I have honed my skills as a freelance artist, developing the ability to take direction, accept critical reviews, and a solid ability to interpret other people’s ideas.",Other,Not Available,Not Available,2.0 years,2D Artist,Djinni Recruitment Dataset (English Candidate Profiles),https://huggingface.co/datasets/lang-uk/recruitment-dataset-candidate-profiles-english,996e8172-6a2b-58fb-a33a-adaad3ecebbf,anonymized,MIT License,2d artist hi i am daria a 2d artist from ukraine now based in portugal i am passionate about creating art for games and movies art school and a bachelor s degree in architecture equipped me with a strong foundation in core artistic principles over the years i have honed my skills as a freelance artist developing the ability to take direction accept critical reviews and a solid ability to interpret other people s ideas 2 0 years
DJINNI-469cc8ca-35f4-543c-8766-5ed2daf97c7e,"Hi! I'm a digital artist, proactive, meticulous, creative person with a broad outlook and over 5 years of design experience. I work and develop in different styles of digital art such as character and environment concept, 2D assets for games, 3D illustration, NFT art, logo design, digital portrait (realism, minimalism, monochrome, cartoon, pixel art). I’ve completed more than 10 projects and cooperated with clients from the USA, Canada, Ukraine, Belarus. I will make your project stand out among competitors by creating dynamic and interesting animate illustrations with the help of 3D, 2D and line art.

I will be glad to provide the following services:
 Photography retouching
 Photography recoloring, general image cleanup
 Creating pet portraits (renaissance, realistic, abstract, monochrome, line art) and caricature
 Creating sketches or illustrations based on a picture
 Transforming portraits in minimalist sketches
 Digitally paint (oil paint technique, watercolor technique, charcoal, pastel, pen, line art)
 Sketching for comics
 Cartoon portraits based on a picture
 Creating a personal art style for printing
 Illustrated portraits 2D for business
 Digital illustration to print on fabrics, based on mood boards or paintings
 Conceptual package design
 Short animated 3D gifs
 3D Animation
 Infographic 2D,3D Design
 Kids book illustration
 3D Modeling
 Webtoon concept art illustration
 Cartoon design for playing cards
 NFT art in doodle style
 Logo Design
 NFT pixel art
 3D animation for UI/UX
 Creating 3D and 2D illustration for UI/UX
 Video animation of the 3D logo
 NFT 3D assets
 3D animation polygon characters
 Full body character sketches for 3D model
 Environment sketching for games
 Concept character for games
 2D Creating game assets and interface icon
 Rebranding company (logo, fonts, and coloring)
 Social Media Imagery
 Creating advertising design

My Software: Adobe Photoshop, Adobe Illustrator, Adobe After Effects, Blender, Substance Painter, Nicepage, Canva",Artist,Not Available,Not Available,4.0 years,2D Artist,Djinni Recruitment Dataset (English Candidate Profiles),https://huggingface.co/datasets/lang-uk/recruitment-dataset-candidate-profiles-english,469cc8ca-35f4-543c-8766-5ed2daf97c7e,anonymized,MIT License,2d artist hi i m a digital artist proactive meticulous creative person with a broad outlook and over 5 years of design experience i work and develop in different styles of digital art such as character and environment concept 2d assets for games 3d illustration nft art logo design digital portrait realism minimalism monochrome cartoon pixel art i ve completed more than 10 projects and cooperated with clients from the usa canada ukraine belarus i will make your project stand out among competitors by creating dynamic and interesting animate illustrations with the help of 3d 2d and line art i will be glad to provide the following services photography retouching photography recoloring general image cleanup creating pet portraits renaissance realistic abstract monochrome line art and caricature creating sketches or illustrations based on a picture transforming portraits in minimalist sketches digitally paint oil paint technique watercolor technique charcoal pastel pen line art sketching for comics cartoon portraits based on a picture creating a personal art style for printing illustrated portraits 2d for business digital illustration to print on fabrics based on mood boards or paintings conceptual package design short animated 3d gifs 3d animation infographic 2d 3d design kids book illustration 3d modeling webtoon concept art illustration cartoon design for playing cards nft art in doodle style logo design nft pixel art 3d animation for ui ux creating 3d and 2d illustration for ui ux video animation of the 3d logo nft 3d assets 3d animation polygon characters full body character sketches for 3d model environment sketching for games concept character for games 2d creating game assets and interface icon rebranding company logo fonts and coloring social media imagery creating advertising design my software adobe photoshop adobe illustrator adobe after effects blender substance painter nicepage canva 4 0 years
DJINNI-7e3d0095-687f-5277-9654-45776a67d0ae,"""Games Academy"" course ""Computer Graphic 2D"" (2015)
Anatomy challenge ""Be Human"" 2016, 2017, 2018
2nd place at Animated Stickers Telegram contest (2019)
Hi. I’m looking for a job where I can develop my skill and where I can be useful for a company. The main thing for me is to do my best. I have experience in drawing slot games, I draw characters, objects, backgrounds from sketch to final render. I can create high-poly 3D models and animations. I’m excited to learn new skills, drawing styles. In general, if you like my portfolio please contact)!
New challenges, a chance for self-development as an artist. The friendly team is always the pleasant bonus. :)",Design,Not Available,Not Available,3.0 years,2D Artist,Djinni Recruitment Dataset (English Candidate Profiles),https://huggingface.co/datasets/lang-uk/recruitment-dataset-candidate-profiles-english,7e3d0095-687f-5277-9654-45776a67d0ae,anonymized,MIT License,2d artist games academy course computer graphic 2d 2015 anatomy challenge be human 2016 2017 2018 2nd place at animated stickers telegram contest 2019 hi i m looking for a job where i can develop my skill and where i can be useful for a company the main thing for me is to do my best i have experience in drawing slot games i draw characters objects backgrounds from sketch to final render i can create high poly 3d models and animations i m excited to learn new skills drawing styles in general if you like my portfolio please contact new challenges a chance for self development as an artist the friendly team is always the pleasant bonus 3 0 years
DJINNI-da7c0f2e-cb5e-5c2e-ab30-f5ffcb73d15b,"Hi! My name is Karen Lazaryan, I'm a CG artist. 
I have a passion for video games and a strong background in art.
I have been working as a 2D artist for the past three years, and in that time I
have designed characters, backgrounds, objects all sorts of illustrations, and icons for video games.

Thank you !
and have a nice day !",Artist,Not Available,Not Available,3.0 years,2D Artist,Djinni Recruitment Dataset (English Candidate Profiles),https://huggingface.co/datasets/lang-uk/recruitment-dataset-candidate-profiles-english,da7c0f2e-cb5e-5c2e-ab30-f5ffcb73d15b,anonymized,MIT License,2d artist hi my name is karen lazaryan i m a cg artist i have a passion for video games and a strong background in art i have been working as a 2d artist for the past three years and in that time i have designed characters backgrounds objects all sorts of illustrations and icons for video games thank you and have a nice day 3 0 years
DJINNI-c536b3b6-5acb-5ea1-8055-97bbccd23dd3,"Hi! My name is Oksana, and I started my career as a 2D artist at Zagrava (Playrix). I performed the tasks of creating art in a casual style, from sketching to rendering. Later, I had experience working as a 2D artist and Lead Artist in the Marketing Department. Here we worked on marketing creative videos for the Fishdom game, reusing art from the game, and adapting it to videos. Also, I did a storyboards. As a Lead Artist, I supported the new artists on the team, gave feedback on their work, and controlled the processes of the pipeline. 
Later I worked as a Marketing Creatives Lead (or Director). My team knows me as a friendly, patient, and responsible co-worker. 
Also, I had a short experience working at ArtHouseLabs (as a full-time 2D artist for a month) and N-iX (as a contractor freelancer for two months).
Now I want to find a job as a 2D artist, but also I don't mind developing into a Lead or Art Manager in the future. 
Hope to find my comfort team to work with!",Artist,Not Available,Not Available,1.5 years,2D Artist,Djinni Recruitment Dataset (English Candidate Profiles),https://huggingface.co/datasets/lang-uk/recruitment-dataset-candidate-profiles-english,c536b3b6-5acb-5ea1-8055-97bbccd23dd3,anonymized,MIT License,2d artist hi my name is oksana and i started my career as a 2d artist at zagrava playrix i performed the tasks of creating art in a casual style from sketching to rendering later i had experience working as a 2d artist and lead artist in the marketing department here we worked on marketing creative videos for the fishdom game reusing art from the game and adapting it to videos also i did a storyboards as a lead artist i supported the new artists on the team gave feedback on their work and controlled the processes of the pipeline later i worked as a marketing creatives lead or director my team knows me as a friendly patient and responsible co worker also i had a short experience working at arthouselabs as a full time 2d artist for a month and n ix as a contractor freelancer for two months now i want to find a job as a 2d artist but also i don t mind developing into a lead or art manager in the future hope to find my comfort team to work with 1 5 years
DJINNI-eb521688-b7a9-5091-82ac-d4e2eb842a7b,"Hi, my name is Valeria. I have been painting since childhood, I graduated from art school and 2 years ago I changed my area of interest and focused on game development. I am very interested in learning new things and improving existing skills.
I can easily find a common language with people. I am responsible and dedicated.
I take initiative in hard tasks and always like to challenge myself. I'm all the time very motivated and always try to be creative when solving problems.
I have a lot of hobbies, I love to look for new branches of development. I do a lot to improve my skills in the areas that interest me at the moment.",Design,Not Available,Not Available,2.0 years,2D Artist,Djinni Recruitment Dataset (English Candidate Profiles),https://huggingface.co/datasets/lang-uk/recruitment-dataset-candidate-profiles-english,eb521688-b7a9-5091-82ac-d4e2eb842a7b,anonymized,MIT License,2d artist hi my name is valeria i have been painting since childhood i graduated from art school and 2 years ago i changed my area of interest and focused on game development i am very interested in learning new things and improving existing skills i can easily find a common language with people i am responsible and dedicated i take initiative in hard tasks and always like to challenge myself i m all the time very motivated and always try to be creative when solving problems i have a lot of hobbies i love to look for new branches of development i do a lot to improve my skills in the areas that interest me at the moment 2 0 years
DJINNI-817e6681-42bf-508b-a786-e28d61642e46,"I am a 2D artist from Armenia. I have been working in game industry for over 2 years.
I have experience in casual styles as I really like cartoony and juicy graphics (I have worked on other styles as well).
In my career I work on character art, objects, game icons and backgrounds.
I love self-development and am very motivated to reach new heights.",Artist,Not Available,Not Available,2.5 years,2D Artist,Djinni Recruitment Dataset (English Candidate Profiles),https://huggingface.co/datasets/lang-uk/recruitment-dataset-candidate-profiles-english,817e6681-42bf-508b-a786-e28d61642e46,anonymized,MIT License,2d artist i am a 2d artist from armenia i have been working in game industry for over 2 years i have experience in casual styles as i really like cartoony and juicy graphics i have worked on other styles as well in my career i work on character art objects game icons and backgrounds i love self development and am very motivated to reach new heights 2 5 years
DJINNI-ced885ee-5107-5ea0-addb-7f0c50fab295,"Сompleted a course on basic SG drawing
I am a 2d artist with many years of experience. I have a professional art education. I worked as a freelancer (created commercial illustrations). Now I develop as a GameDev artist. I work in such programs as: Procreate, Adobe Photoshop, Adobe Illustrator. I also have some experience in: Figma, Blender, Sai.
Looking forward to finding a friendly and inspiring team to work productively together.",Artist,Not Available,Not Available,1.0 years,2D Artist,Djinni Recruitment Dataset (English Candidate Profiles),https://huggingface.co/datasets/lang-uk/recruitment-dataset-candidate-profiles-english,ced885ee-5107-5ea0-addb-7f0c50fab295,anonymized,MIT License,2d artist ompleted a course on basic sg drawing i am a 2d artist with many years of experience i have a professional art education i worked as a freelancer created commercial illustrations now i develop as a gamedev artist i work in such programs as procreate adobe photoshop adobe illustrator i also have some experience in figma blender sai looking forward to finding a friendly and inspiring team to work productively together 1 0 years
DJINNI-62342972-c552-58e9-8f4d-4fa817bddd1b,"I consider my strengths to be the ability to build communication in a team, set up processes and bear
responsibility for decisions made.
I am a 2D artist with one year experience.  I will create items, props, cards, characters, and icons for games. I can draw in a realistic style and stylized. I always meet deadlines.

I know how to work in a team, and always pay attention to the customer's requirements. I quickly learn and make corrections. I use my abilities to translate clients' ideas into attractive graphic concepts that meet their specific requirements.

2D Artist [Fiverr]
February 2022 - August 2022
I draw characters and props for 2D games.

2D Artist [Preschool game]
June 2022 - July 2022
I draw characters, backgrounds, and props.

2D Artist [Net.Cat.World - gamedev studio]
July 2022 - January 2023
I draw characters, backgrounds and UI for mobile games.",Artist,Not Available,Not Available,1.0 years,2D Artist,Djinni Recruitment Dataset (English Candidate Profiles),https://huggingface.co/datasets/lang-uk/recruitment-dataset-candidate-profiles-english,62342972-c552-58e9-8f4d-4fa817bddd1b,anonymized,MIT License,2d artist i consider my strengths to be the ability to build communication in a team set up processes and bear responsibility for decisions made i am a 2d artist with one year experience i will create items props cards characters and icons for games i can draw in a realistic style and stylized i always meet deadlines i know how to work in a team and always pay attention to the customer s requirements i quickly learn and make corrections i use my abilities to translate clients ideas into attractive graphic concepts that meet their specific requirements 2d artist fiverr february 2022 august 2022 i draw characters and props for 2d games 2d artist preschool game june 2022 july 2022 i draw characters backgrounds and props 2d artist net cat world gamedev studio july 2022 january 2023 i draw characters backgrounds and ui for mobile games 1 0 years
DJINNI-a158d21f-ddac-5d6d-9011-355f1e4600e5,"I am a professional illustrator, character designer and concept artist working on games, books and many other projects. I have worked as a part of a small team creating independent games in Unity (experience in both 2D and 3D environment, animation, rendering, character design, level design, writing and UI design) as a lead 2D artist. Proficient in Adobe Creative Suite, easily adaptable to challenges and eager to learn.",Artist,Not Available,Not Available,5.0 years,2D Artist,Djinni Recruitment Dataset (English Candidate Profiles),https://huggingface.co/datasets/lang-uk/recruitment-dataset-candidate-profiles-english,a158d21f-ddac-5d6d-9011-355f1e4600e5,anonymized,MIT License,2d artist i am a professional illustrator character designer and concept artist working on games books and many other projects i have worked as a part of a small team creating independent games in unity experience in both 2d and 3d environment animation rendering character design level design writing and ui design as a lead 2d artist proficient in adobe creative suite easily adaptable to challenges and eager to learn 5 0 years
DJINNI-8dff7ce4-9bec-5903-914f-f10176474ed3,"I am attentive, hard-working, and a quick learner. I am able to recieve constructive feedback. 
 I work mostly in Adobe Photoshop and Unity 3D. I also have experience working with vector images in Adobe Illustrator, creating animations in Adobe After Effects. Also, I can quickly create 3D models in Blender for high quality 2D concepts.
I am not ready to control the work of other employees.",Artist,Not Available,Not Available,2.5 years,2D Artist,Djinni Recruitment Dataset (English Candidate Profiles),https://huggingface.co/datasets/lang-uk/recruitment-dataset-candidate-profiles-english,8dff7ce4-9bec-5903-914f-f10176474ed3,anonymized,MIT License,2d artist i am attentive hard working and a quick learner i am able to recieve constructive feedback i work mostly in adobe photoshop and unity 3d i also have experience working with vector images in adobe illustrator creating animations in adobe after effects also i can quickly create 3d models in blender for high quality 2d concepts i am not ready to control the work of other employees 2 5 years
DJINNI-c00b3143-c67d-58a8-a887-e6c5e5d51a73,"I am experienced 2D artist in mobile game development. I've worked with product and outsource companies on sheer amount of projects. My main drawing style is casual, but I also could in more realistic. I have high knowledge of proportion, composition, color theory, lighting, and environment design.
Strong knowledge of Photoshop
Portfolio.

I have work experience with:
- Creation isometric props and background from concepts and sketches to finalized artworks
- Creation casual character
- Creation collection cards
- Creation item collectable sets
- Designs for Slots, objects and maps
- 2D Rendering and polishing of 3D models",Artist,Not Available,Not Available,4.0 years,2D Artist,Djinni Recruitment Dataset (English Candidate Profiles),https://huggingface.co/datasets/lang-uk/recruitment-dataset-candidate-profiles-english,c00b3143-c67d-58a8-a887-e6c5e5d51a73,anonymized,MIT License,2d artist i am experienced 2d artist in mobile game development i ve worked with product and outsource companies on sheer amount of projects my main drawing style is casual but i also could in more realistic i have high knowledge of proportion composition color theory lighting and environment design strong knowledge of photoshop portfolio i have work experience with creation isometric props and background from concepts and sketches to finalized artworks creation casual character creation collection cards creation item collectable sets designs for slots objects and maps 2d rendering and polishing of 3d models 4 0 years
DJINNI-c539d47d-0007-50d1-9316-5a8a844f3c1e,"I secured my diploma with honors from the commission.
I aspire to develop in game industry. I want to use and improve my skills in work
and take part in interesting projects. I wish to work in a friendly team 
and grow professionally in a game company.

Work experience:
2D Artist at LLC GUAVA BRAVO TECHNOLOGY
April 2023 — Present time 
Remote work for a client. Germany
   - Working closely with UI designer and programmers.
   - Creating graphics for a game project ‘’Solitaire’’.

2D Artist at Knopa Studio
anuary 2023 — Present time 
Remote outsource work
   - Drawing game props, characters and locations.
   - Preparation and slicing of graphics for animation.
   - Suggesting ideas for improving game projects.
   - Working closely with the animators.

Graphic Designer at CraftSAD
March 2022 — June 2022
Remote work for a client
   - Creating a series of illustrative drink labels.
   - Developing the general idea of the project.

Graphic Designer at Ksenko
September 2021 — March 2022 
Remote work for a company
   - Designing infographics and illustrations.
   - Working with graphic content for social media.
   - Suggesting ideas for improving graphics.
I wish to work in a friendly team 
and grow professionally in a game company.",Artist,Not Available,Not Available,2.0 years,2D Artist,Djinni Recruitment Dataset (English Candidate Profiles),https://huggingface.co/datasets/lang-uk/recruitment-dataset-candidate-profiles-english,c539d47d-0007-50d1-9316-5a8a844f3c1e,anonymized,MIT License,2d artist i secured my diploma with honors from the commission i aspire to develop in game industry i want to use and improve my skills in work and take part in interesting projects i wish to work in a friendly team and grow professionally in a game company work experience 2d artist at llc guava bravo technology april 2023 present time remote work for a client germany working closely with ui designer and programmers creating graphics for a game project solitaire 2d artist at knopa studio anuary 2023 present time remote outsource work drawing game props characters and locations preparation and slicing of graphics for animation suggesting ideas for improving game projects working closely with the animators graphic designer at craftsad march 2022 june 2022 remote work for a client creating a series of illustrative drink labels developing the general idea of the project graphic designer at ksenko september 2021 march 2022 remote work for a company designing infographics and illustrations working with graphic content for social media suggesting ideas for improving graphics i wish to work in a friendly team and grow professionally in a game company 2 0 years
DJINNI-a8aa5457-08d9-59c9-9aef-a02617c4c039,"I collaborated with a gambling studio, developing game elements for them. But I want to cooperate with a studio that creates children's games, in a casual style.
_______________________________________________________________
NFT, anime/manga, violent scenes",Artist,Not Available,Not Available,3.0 years,2D Artist,Djinni Recruitment Dataset (English Candidate Profiles),https://huggingface.co/datasets/lang-uk/recruitment-dataset-candidate-profiles-english,a8aa5457-08d9-59c9-9aef-a02617c4c039,anonymized,MIT License,2d artist i collaborated with a gambling studio developing game elements for them but i want to cooperate with a studio that creates children s games in a casual style _______________________________________________________________ nft anime manga violent scenes 3 0 years
DJINNI-830a5ce9-b682-589c-9731-73f37f9c4f9e,"- I have been working as a freelancer for 4 years. 
- I will offer a cooperation option that will suit you. 
- I know more than 8 graphic editors, thanks to which I implement the project as clearly and quickly as possible.
- I take criticism well and am ready to work on my mistakes.
- I have teamwork experience and communication skills that will allow me to solve problems clearly and quickly.
I gained a significant part of my experience in remote projects while working as a freelancer. In particular, I participated in small projects to develop elements/characters/locations for mobile games.  I had the experience of cooperating and communicating with a wide variety of customers and projects, which helped me find the right approach and solutions to radically different tasks.
I am interested in working in a casual style. I am always open to different projects and tasks, I like to try myself in something new.",Artist,Not Available,Not Available,1.0 years,2D Artist,Djinni Recruitment Dataset (English Candidate Profiles),https://huggingface.co/datasets/lang-uk/recruitment-dataset-candidate-profiles-english,830a5ce9-b682-589c-9731-73f37f9c4f9e,anonymized,MIT License,2d artist i have been working as a freelancer for 4 years i will offer a cooperation option that will suit you i know more than 8 graphic editors thanks to which i implement the project as clearly and quickly as possible i take criticism well and am ready to work on my mistakes i have teamwork experience and communication skills that will allow me to solve problems clearly and quickly i gained a significant part of my experience in remote projects while working as a freelancer in particular i participated in small projects to develop elements characters locations for mobile games i had the experience of cooperating and communicating with a wide variety of customers and projects which helped me find the right approach and solutions to radically different tasks i am interested in working in a casual style i am always open to different projects and tasks i like to try myself in something new 1 0 years
DJINNI-d653a476-9156-5646-9c7a-ca4aee135d12,"I have 1 year of experience as 2D artist. My main tasks were: creation of isometric props/objects for a casual game from sketch to final, polished version.

Skills: 
- Confident knowledge and experience with Adobe Photoshop; 
- Knowledge of basic rules and principles of drawing (light, color, volume, perspective construction); 
- experience in creating 2D graphics in a casual style or commercial projects (props in isometry, tiles etc); 
- Photobashing (beginner level); 
- Ability to follow a given style; 
- Ability to draw on a graphics tablet and by hand 
- English (Upper intermediate).

Feel free to contact me with any questions or inquiries.",Other,Not Available,Not Available,1.0 years,2D Artist,Djinni Recruitment Dataset (English Candidate Profiles),https://huggingface.co/datasets/lang-uk/recruitment-dataset-candidate-profiles-english,d653a476-9156-5646-9c7a-ca4aee135d12,anonymized,MIT License,2d artist i have 1 year of experience as 2d artist my main tasks were creation of isometric props objects for a casual game from sketch to final polished version skills confident knowledge and experience with adobe photoshop knowledge of basic rules and principles of drawing light color volume perspective construction experience in creating 2d graphics in a casual style or commercial projects props in isometry tiles etc photobashing beginner level ability to follow a given style ability to draw on a graphics tablet and by hand english upper intermediate feel free to contact me with any questions or inquiries 1 0 years
DJINNI-b3ee4b72-0903-578a-9429-b34472359c17,"I have a profile on Behance. Please contact me, I'll share you a link to my portfolio.
I have strong knowledge of Adobe Photoshop, I learnt it with a tutor then I graduated Skill Up and got a certificate '2D Concept Artist'.
Most of the time I work on Wacom Mobile Studio Pro 13 but can use any other tablets.
I have 3+ years of non-commercial experience in games as 2D Artist. I've got my skills on my own projects. Now I have a desire to improve my skills being working on commercial projects with a team.
I'm experienced in GUI and Landscape. Also I can work with characters.
I'm not interested in UI/UX",Design,Not Available,Not Available,1.0 years,2D Artist,Djinni Recruitment Dataset (English Candidate Profiles),https://huggingface.co/datasets/lang-uk/recruitment-dataset-candidate-profiles-english,b3ee4b72-0903-578a-9429-b34472359c17,anonymized,MIT License,2d artist i have a profile on behance please contact me i ll share you a link to my portfolio i have strong knowledge of adobe photoshop i learnt it with a tutor then i graduated skill up and got a certificate 2d concept artist most of the time i work on wacom mobile studio pro 13 but can use any other tablets i have 3 years of non commercial experience in games as 2d artist i ve got my skills on my own projects now i have a desire to improve my skills being working on commercial projects with a team i m experienced in gui and landscape also i can work with characters i m not interested in ui ux 1 0 years
DJINNI-dfdc358f-9c51-5852-a3e3-bb6173306bf6,"I have about 5 years of experience as a 2D artist, in permanent employment, project work and freelance, during this time I managed to work on various projects and drew almost all types of tasks, such as: character and location concepts, illustrations, prop design and others.",Artist,Not Available,Not Available,5.0 years,2D Artist,Djinni Recruitment Dataset (English Candidate Profiles),https://huggingface.co/datasets/lang-uk/recruitment-dataset-candidate-profiles-english,dfdc358f-9c51-5852-a3e3-bb6173306bf6,anonymized,MIT License,2d artist i have about 5 years of experience as a 2d artist in permanent employment project work and freelance during this time i managed to work on various projects and drew almost all types of tasks such as character and location concepts illustrations prop design and others 5 0 years
DJINNI-0745bce6-406d-5fd2-97a1-13c6581048d0,"Academic art, anime arts. Create a self-branded illustration for printing.
I have a freelance commercial experience in 2D Art.
Create illustration for Genshin Impact local community telegram channel.
Create logo for online shop in Instagram.
Create portrait in realisms.
Create anime characters illustrations.",Artist,Not Available,Not Available,0.0 years,2D Artist,Djinni Recruitment Dataset (English Candidate Profiles),https://huggingface.co/datasets/lang-uk/recruitment-dataset-candidate-profiles-english,0745bce6-406d-5fd2-97a1-13c6581048d0,anonymized,MIT License,2d artist academic art anime arts create a self branded illustration for printing i have a freelance commercial experience in 2d art create illustration for genshin impact local community telegram channel create logo for online shop in instagram create portrait in realisms create anime characters illustrations 0 0 years
DJINNI-2d0c5477-d39f-55d2-8cf0-902b2b1f6312,"I have a various experience in Art field:

- Concept art for games industry
- 2D art for mobile games 
- Book and album cover illustrations
- Character and prop creation comissions
- NFT 

Also I have 5+ years of experience in team work and woring one on one with the client directly being a remote/freelance artist.",Other,Not Available,Not Available,5.0 years,2D Artist,Djinni Recruitment Dataset (English Candidate Profiles),https://huggingface.co/datasets/lang-uk/recruitment-dataset-candidate-profiles-english,2d0c5477-d39f-55d2-8cf0-902b2b1f6312,anonymized,MIT License,2d artist i have a various experience in art field concept art for games industry 2d art for mobile games book and album cover illustrations character and prop creation comissions nft also i have 5 years of experience in team work and woring one on one with the client directly being a remote freelance artist 5 0 years
DJINNI-d05125bf-0474-5100-9305-6fc69e1c5c9a,"I have been a freelance artist for 1 year.
At the moment, I am working on my own project, which may later turn into a full-fledged game. This is a story in the genre of fantasy. I fully develop this universe: I create concepts for the environment, characters, I build up the lore.
I participated in the development of an indie game. Several students of my university and I had been working on a game, which was then presented at an exhibition of student works. During development, I worked on character concepts and also created the UI for the game.
I would like to work on new, interesting projects and master as many useful skills as possible to deliver the high quality of content. I think creating props or characters would be great for me.",Artist,Not Available,Not Available,0.5 years,2D Artist,Djinni Recruitment Dataset (English Candidate Profiles),https://huggingface.co/datasets/lang-uk/recruitment-dataset-candidate-profiles-english,d05125bf-0474-5100-9305-6fc69e1c5c9a,anonymized,MIT License,2d artist i have been a freelance artist for 1 year at the moment i am working on my own project which may later turn into a full fledged game this is a story in the genre of fantasy i fully develop this universe i create concepts for the environment characters i build up the lore i participated in the development of an indie game several students of my university and i had been working on a game which was then presented at an exhibition of student works during development i worked on character concepts and also created the ui for the game i would like to work on new interesting projects and master as many useful skills as possible to deliver the high quality of content i think creating props or characters would be great for me 0 5 years
DJINNI-deaef244-9b50-56ff-b9ec-00f22c8fea46,"Self-taught for 2-3 years
Traditional art 2 years
Digital art 1 year
I have been practicing traditional art for about 2-3 years now, and I am a self-taught artist. I prefer to draw everything by hand, and I have a portfolio of my works. Besides traditional art, I also recently started creating digital art using graphic editors such as Krita.
I prefer traditional art more.
I don't like drawing people in realism",Artist,Not Available,Not Available,0.0 years,2D Artist,Djinni Recruitment Dataset (English Candidate Profiles),https://huggingface.co/datasets/lang-uk/recruitment-dataset-candidate-profiles-english,deaef244-9b50-56ff-b9ec-00f22c8fea46,anonymized,MIT License,2d artist self taught for 2 3 years traditional art 2 years digital art 1 year i have been practicing traditional art for about 2 3 years now and i am a self taught artist i prefer to draw everything by hand and i have a portfolio of my works besides traditional art i also recently started creating digital art using graphic editors such as krita i prefer traditional art more i don t like drawing people in realism 0 0 years
DJINNI-74fbaaf1-30dd-5c15-8fd4-a9f4b507ca5c,"I have been working as a freelance 2D artist for half a year. Worked on character creation and rendering of backgrounds.

I also worked on my graduation project - a visual novel. So I have experience of drawing several characters and backgrounds for a game on a PC in one setting.
I don't work in vector, just learning this skill.",Artist,Not Available,Not Available,0.5 years,2D Artist,Djinni Recruitment Dataset (English Candidate Profiles),https://huggingface.co/datasets/lang-uk/recruitment-dataset-candidate-profiles-english,74fbaaf1-30dd-5c15-8fd4-a9f4b507ca5c,anonymized,MIT License,2d artist i have been working as a freelance 2d artist for half a year worked on character creation and rendering of backgrounds i also worked on my graduation project a visual novel so i have experience of drawing several characters and backgrounds for a game on a pc in one setting i don t work in vector just learning this skill 0 5 years
DJINNI-6a207d03-8c30-564c-b3d7-7bb692951cf5,"Diploma Project for CG course - game match 3
NFT project ""Cybergenic wolves""
I have been working as a freelance artist for the past year, and in that time I have completed an Internship at Chikmania Entertainment (gamedev department), Jordan; passed professional CG courses such as ""Game Graphics"" and ""Digital Drawings"" at ArtCraft CG School, Ukraine; passed several courses in Digital Illustration in Procreate School and academic course of Anatomy drawings. 

During this time I have created my own Match 3 Mobile Game ""The Mushroom landia"", NFT project ""Cybergenic Wolves"", concept art, many props, and customized illustrations. 

I am proficient in a variety of software, including Photoshop, Procreate, and basic in Blender. I am also knowledgeable in game design principles and have a strong understanding of the art style that is appropriate for games in order to create. Have proven ability to shape understanding, sections of objects, and simple and complex forms. Strong point into a freehand drawing. Well-studied and performed colorization skills, composition understanding, and art concept creation.

According to my Higher Education - I have obtained a Master's Degree in Mechanical Engineering at National Technical University ""KhPI"", Ukraine. English language knowledge is Fluent/Professional.

Looking for a job in Gamedev company in order to grow, bring avail for the company and gain experience by working with the art team.
Interested in Casual Genre.",Artist,Not Available,Not Available,0.5 years,2D Artist,Djinni Recruitment Dataset (English Candidate Profiles),https://huggingface.co/datasets/lang-uk/recruitment-dataset-candidate-profiles-english,6a207d03-8c30-564c-b3d7-7bb692951cf5,anonymized,MIT License,2d artist diploma project for cg course game match 3 nft project cybergenic wolves i have been working as a freelance artist for the past year and in that time i have completed an internship at chikmania entertainment gamedev department jordan passed professional cg courses such as game graphics and digital drawings at artcraft cg school ukraine passed several courses in digital illustration in procreate school and academic course of anatomy drawings during this time i have created my own match 3 mobile game the mushroom landia nft project cybergenic wolves concept art many props and customized illustrations i am proficient in a variety of software including photoshop procreate and basic in blender i am also knowledgeable in game design principles and have a strong understanding of the art style that is appropriate for games in order to create have proven ability to shape understanding sections of objects and simple and complex forms strong point into a freehand drawing well studied and performed colorization skills composition understanding and art concept creation according to my higher education i have obtained a master s degree in mechanical engineering at national technical university khpi ukraine english language knowledge is fluent professional looking for a job in gamedev company in order to grow bring avail for the company and gain experience by working with the art team interested in casual genre 0 5 years
DJINNI-37228535-2745-5967-b975-62a384839bf6,"I am working on my own style of recognition
I have been working in the field of graphic illustration since 2017.
Since 2019,  have been working as an art director at the studio Kit8
 
 I worked on creating graphic illustrations, and icons for applications and websites. Work with photos and design thinking in terms of composition, color, and font combinations. This all included my work. But the most important thing is that I always strive to develop in these areas",Artist,Not Available,Not Available,6.0 years,2D Artist,Djinni Recruitment Dataset (English Candidate Profiles),https://huggingface.co/datasets/lang-uk/recruitment-dataset-candidate-profiles-english,37228535-2745-5967-b975-62a384839bf6,anonymized,MIT License,2d artist i am working on my own style of recognition i have been working in the field of graphic illustration since 2017 since 2019 have been working as an art director at the studio kit8 i worked on creating graphic illustrations and icons for applications and websites work with photos and design thinking in terms of composition color and font combinations this all included my work but the most important thing is that i always strive to develop in these areas 6 0 years
DJINNI-e0b1a7ca-833f-5666-8e67-1a9ef2950408,"I have experience creating digital illustrations for various purposes using Adobe Photoshop, Illustrator, and Clip Studeo Paint. I work closely with clients to develop concepts and create visually engaging illustrations that effectively communicate their message. I am reliable, detail-oriented, and have strong communication skills.",Artist,Not Available,Not Available,1.0 years,2D Artist,Djinni Recruitment Dataset (English Candidate Profiles),https://huggingface.co/datasets/lang-uk/recruitment-dataset-candidate-profiles-english,e0b1a7ca-833f-5666-8e67-1a9ef2950408,anonymized,MIT License,2d artist i have experience creating digital illustrations for various purposes using adobe photoshop illustrator and clip studeo paint i work closely with clients to develop concepts and create visually engaging illustrations that effectively communicate their message i am reliable detail oriented and have strong communication skills 1 0 years
DJINNI-dd0ef856-4d67-5ab9-b7ba-9f44852e2336,"I have experience in digital art (both vector & raster) and graphic design. In a studio, where I was working last 2 years, I was creating such graphics as icons, banners, presentations and even web elements, but mostly vector illustrations. As a hobby I've been drawing raster digital art for 5 years till now, mostly characters and their design.",Design,Not Available,Not Available,2.0 years,2D Artist,Djinni Recruitment Dataset (English Candidate Profiles),https://huggingface.co/datasets/lang-uk/recruitment-dataset-candidate-profiles-english,dd0ef856-4d67-5ab9-b7ba-9f44852e2336,anonymized,MIT License,2d artist i have experience in digital art both vector raster and graphic design in a studio where i was working last 2 years i was creating such graphics as icons banners presentations and even web elements but mostly vector illustrations as a hobby i ve been drawing raster digital art for 5 years till now mostly characters and their design 2 0 years
DJINNI-47561e79-a8a2-54f5-9c1f-fa6bbfd2750b,"Knowledge of English at the intermediate level.
Learned on my own  to draw with pencils, paints and in digital format.
I have experience in drawing custom portraits with colored pencils or acrylic paints. also redrew pictures with paints in A4 and A3 size. 
I do not have much work experience. I want to develop and improve my skills by fulfilling orders.
I would like to do one-off orders, but I am ready to work for a long time",Other,Not Available,Not Available,0.0 years,2D Artist,Djinni Recruitment Dataset (English Candidate Profiles),https://huggingface.co/datasets/lang-uk/recruitment-dataset-candidate-profiles-english,47561e79-a8a2-54f5-9c1f-fa6bbfd2750b,anonymized,MIT License,2d artist knowledge of english at the intermediate level learned on my own to draw with pencils paints and in digital format i have experience in drawing custom portraits with colored pencils or acrylic paints also redrew pictures with paints in a4 and a3 size i do not have much work experience i want to develop and improve my skills by fulfilling orders i would like to do one off orders but i am ready to work for a long time 0 0 years
DJINNI-5a6b0f29-7f8d-56eb-a59e-bca6d72987ed,"I'm proud of my work in creating a logo for handmade tinctures, which then went into print and became product stickers.
- I have knowledge of light and shade, composition and coloristics.

- I know Adobe Photoshop well and am familiar with Adobe Illustrator.

- I can draw well on a graphic tablet and by hand.

- I have experience with designing logos, illustrations for instagram and story covers. 

- drew one page of a freestyle comic book.

- Familiar with casual styling.
Interested in illustrating the characters, props, and environment.",Artist,Not Available,Not Available,2.0 years,2D Artist,Djinni Recruitment Dataset (English Candidate Profiles),https://huggingface.co/datasets/lang-uk/recruitment-dataset-candidate-profiles-english,5a6b0f29-7f8d-56eb-a59e-bca6d72987ed,anonymized,MIT License,2d artist i m proud of my work in creating a logo for handmade tinctures which then went into print and became product stickers i have knowledge of light and shade composition and coloristics i know adobe photoshop well and am familiar with adobe illustrator i can draw well on a graphic tablet and by hand i have experience with designing logos illustrations for instagram and story covers drew one page of a freestyle comic book familiar with casual styling interested in illustrating the characters props and environment 2 0 years
DJINNI-d4f41fd7-b917-548f-b0d5-34ddce3e2579,"I graduated from the art studio at the Palace of Children's and Youth Creativity ""Horytsvit"".
Passed the ADVANCED COURSE ""GAMING CASUAL GRAPHICS"" by GAMESTATION ACADEMY
I have no commercial experience, but I really want to develop and grow in the gamedev as a 2D artist.",Artist,Not Available,Not Available,0.0 years,2D Artist,Djinni Recruitment Dataset (English Candidate Profiles),https://huggingface.co/datasets/lang-uk/recruitment-dataset-candidate-profiles-english,d4f41fd7-b917-548f-b0d5-34ddce3e2579,anonymized,MIT License,2d artist i graduated from the art studio at the palace of children s and youth creativity horytsvit passed the advanced course gaming casual graphics by gamestation academy i have no commercial experience but i really want to develop and grow in the gamedev as a 2d artist 0 0 years
DJINNI-bb69e428-c78f-53f0-9afb-05e7efbf3f17,"I have three years of experience in the game industry, drawing slots and isometrics, backgrounds, characters, props, and icons. Before that, I worked as a freelance illustrator, drawing children's books, covers, and illustrations for brands.",Artist,Not Available,Not Available,3.0 years,2D Artist,Djinni Recruitment Dataset (English Candidate Profiles),https://huggingface.co/datasets/lang-uk/recruitment-dataset-candidate-profiles-english,bb69e428-c78f-53f0-9afb-05e7efbf3f17,anonymized,MIT License,2d artist i have three years of experience in the game industry drawing slots and isometrics backgrounds characters props and icons before that i worked as a freelance illustrator drawing children s books covers and illustrations for brands 3 0 years
DJINNI-3d8402d9-3abe-57fb-89d5-260ad8149757,"I'm a 2D artist and working in the industry for about 3 years. I focus on drawing props, characters, and objects in isometry.  I work in a casual style.
Hard skills
Experience in creating game art
Strong understanding of proportion, composition, color theory, lighting, and both character and environment design
Ability to draw by hand and expertise with a pen tablet
I have experience in using 3D objects and processing them
Preparation of 2D-artworks for animation
Soft skills
Teamwork experience
Ability to adapt, change, and re-envision work when requested
I am constantly learning and developing
Open to everything new
Good communication skills
Strong sense of responsibility
Art school background

My first job was as a freelance 2D Artist - Jun 2020 – now.
My second job was 2D Artist in VOLMI Games - Feb 2021 yr. – Aug 2021 yr.
My third job was 2D Artist in Playrix, Ukraine. - Aug 2021 yr. – May 2022 yr.",Artist,Not Available,Not Available,3.0 years,2D Artist,Djinni Recruitment Dataset (English Candidate Profiles),https://huggingface.co/datasets/lang-uk/recruitment-dataset-candidate-profiles-english,3d8402d9-3abe-57fb-89d5-260ad8149757,anonymized,MIT License,2d artist i m a 2d artist and working in the industry for about 3 years i focus on drawing props characters and objects in isometry i work in a casual style hard skills experience in creating game art strong understanding of proportion composition color theory lighting and both character and environment design ability to draw by hand and expertise with a pen tablet i have experience in using 3d objects and processing them preparation of 2d artworks for animation soft skills teamwork experience ability to adapt change and re envision work when requested i am constantly learning and developing open to everything new good communication skills strong sense of responsibility art school background my first job was as a freelance 2d artist jun 2020 now my second job was 2d artist in volmi games feb 2021 yr aug 2021 yr my third job was 2d artist in playrix ukraine aug 2021 yr may 2022 yr 3 0 years
DJINNI-9b3982a1-0b99-5038-b34f-ed7329985bc6,"I'm a 2D artist. I work in casual style. 
I have the same experience:
-How to get into casual style, what are the peculiarities of the style
-Sketching and working with concepts
-How to use 3D in work
-Basic principles of depicting the shape and topology of an object
-Principles of working with tiles
-Working with organic materials",Artist,Not Available,Not Available,1.0 years,2D Artist,Djinni Recruitment Dataset (English Candidate Profiles),https://huggingface.co/datasets/lang-uk/recruitment-dataset-candidate-profiles-english,9b3982a1-0b99-5038-b34f-ed7329985bc6,anonymized,MIT License,2d artist i m a 2d artist i work in casual style i have the same experience how to get into casual style what are the peculiarities of the style sketching and working with concepts how to use 3d in work basic principles of depicting the shape and topology of an object principles of working with tiles working with organic materials 1 0 years
DJINNI-9cf641ce-9da7-5820-a834-0ae288cc5519,"I’m a 2D artist specializing in stylized environment and props. I have experience with the full art creation pipelines and workflows on various projects. 
Worked with icons, props, backgrounds, ui and characters from sketch to polish; creating concepts; preparing art for animation.",Artist,Not Available,Not Available,2.5 years,2D Artist,Djinni Recruitment Dataset (English Candidate Profiles),https://huggingface.co/datasets/lang-uk/recruitment-dataset-candidate-profiles-english,9cf641ce-9da7-5820-a834-0ae288cc5519,anonymized,MIT License,2d artist i m a 2d artist specializing in stylized environment and props i have experience with the full art creation pipelines and workflows on various projects worked with icons props backgrounds ui and characters from sketch to polish creating concepts preparing art for animation 2 5 years
DJINNI-5aa56b6a-11e3-581c-9a6c-45ce8b0e7818,"Diploma of ""Game Station Academy"" - Casual graphics course
I'm a 2D artist with 1.5 year of experience in the game dev industry and an illustrator (digital/traditional) more than 15
 years. 

In my current position, I'm creating characters, props, environment, and UI elements from sketch to final 2D render for casual games,  preparing artwork files for animation purposes in hidden object games, 2D render based on 3D models.

Able to draw by hand (on paper and tablet).
I’d love to work in a friendly team and gain experience working on large projects. I am interested in the gaming industry, creating sketches, drawing locations, props, and characters.",Artist,Not Available,Not Available,1.5 years,2D Artist,Djinni Recruitment Dataset (English Candidate Profiles),https://huggingface.co/datasets/lang-uk/recruitment-dataset-candidate-profiles-english,5aa56b6a-11e3-581c-9a6c-45ce8b0e7818,anonymized,MIT License,2d artist diploma of game station academy casual graphics course i m a 2d artist with 1 5 year of experience in the game dev industry and an illustrator digital traditional more than 15 years in my current position i m creating characters props environment and ui elements from sketch to final 2d render for casual games preparing artwork files for animation purposes in hidden object games 2d render based on 3d models able to draw by hand on paper and tablet i d love to work in a friendly team and gain experience working on large projects i am interested in the gaming industry creating sketches drawing locations props and characters 1 5 years
DJINNI-941fdc2b-175e-592a-9644-bc1e04641f9d,"I'm a 2D Artist with over 5 years working in the field. I have formal art school education and a bachelor's degree in illustration.

Currently working for the cartoon animation studio as a 2D artist, most of my time I use vector graphics. My responsibilities are creating backgrounds, props, character poses, arts for merchandise, coloring books, stickers, cartoon promo posters etc.

Before working for a cartoon animation studio, I had 3 years of experience working as a graphic designer and illustrator. Even earlier I was working as a freelance artist doing fan-arts, postcards, portraits and traditional art, using different materials.",Artist,Not Available,Not Available,4.0 years,2D Artist,Djinni Recruitment Dataset (English Candidate Profiles),https://huggingface.co/datasets/lang-uk/recruitment-dataset-candidate-profiles-english,941fdc2b-175e-592a-9644-bc1e04641f9d,anonymized,MIT License,2d artist i m a 2d artist with over 5 years working in the field i have formal art school education and a bachelor s degree in illustration currently working for the cartoon animation studio as a 2d artist most of my time i use vector graphics my responsibilities are creating backgrounds props character poses arts for merchandise coloring books stickers cartoon promo posters etc before working for a cartoon animation studio i had 3 years of experience working as a graphic designer and illustrator even earlier i was working as a freelance artist doing fan arts postcards portraits and traditional art using different materials 4 0 years
DJINNI-042d068c-4465-5fc3-8c7d-b84a24b92dba,"I participated in developing characters, backgrounds, and other graphic components for mobile and computer games. My primary working platform involved raster graphics software, notably Adobe Photoshop. Additionally, I utilized photobashing and AI like Midjourney to expedite the development process efficiently. My responsibilities also encompassed preparing graphic elements for subsequent 2D animation.",Artist,Not Available,Not Available,7.0 years,2D Artist,Djinni Recruitment Dataset (English Candidate Profiles),https://huggingface.co/datasets/lang-uk/recruitment-dataset-candidate-profiles-english,042d068c-4465-5fc3-8c7d-b84a24b92dba,anonymized,MIT License,2d artist i participated in developing characters backgrounds and other graphic components for mobile and computer games my primary working platform involved raster graphics software notably adobe photoshop additionally i utilized photobashing and ai like midjourney to expedite the development process efficiently my responsibilities also encompassed preparing graphic elements for subsequent 2d animation 7 0 years
DJINNI-ac1378e6-4ba0-53d0-88fd-a1eeaea4e716,"Completed Digital Drawing courses at Artcraft.
Completed Adobe Illustrator. Basic Course by Design School Natalia Golneva.
I performed work of various degrees of difficulty, in general, I worked on concept art of characters and selections of art on a given topic for nft projects.
I also worked on a game project in isometrics. I had drawn some natural locations in a casual style, work out the details of the environment, materials, but at the same time make the graphics quite simple and attractive for the players.
I also drew characters in anime/cartoon style or in a more realistic style.",Artist,Not Available,Not Available,1.5 years,2D Artist,Djinni Recruitment Dataset (English Candidate Profiles),https://huggingface.co/datasets/lang-uk/recruitment-dataset-candidate-profiles-english,ac1378e6-4ba0-53d0-88fd-a1eeaea4e716,anonymized,MIT License,2d artist completed digital drawing courses at artcraft completed adobe illustrator basic course by design school natalia golneva i performed work of various degrees of difficulty in general i worked on concept art of characters and selections of art on a given topic for nft projects i also worked on a game project in isometrics i had drawn some natural locations in a casual style work out the details of the environment materials but at the same time make the graphics quite simple and attractive for the players i also drew characters in anime cartoon style or in a more realistic style 1 5 years
DJINNI-43050d9f-628c-5f39-8195-38c2a7c50e5f,"I started my career as an artist by drawing graphic portraits for gifts. Then I learned how to use paints and made my first acrylic and oil etudes. During the study as an graphic designer I discovered the digital painting and also did portraits, character concepts. Now I want to develop in the field of illustrations, icons, characters and their elements

Tools I work with:
Acrylic and oil paints
Illustrator - vector graphics, portraits 
Adobe Photoshop - digital painting, characters
Procreate - digital painting, portraits
I like to do interesting tasks that could be put in my portfolio. Also I would like to work with honest clients",Artist,Not Available,Not Available,2.0 years,2D Artist,Djinni Recruitment Dataset (English Candidate Profiles),https://huggingface.co/datasets/lang-uk/recruitment-dataset-candidate-profiles-english,43050d9f-628c-5f39-8195-38c2a7c50e5f,anonymized,MIT License,2d artist i started my career as an artist by drawing graphic portraits for gifts then i learned how to use paints and made my first acrylic and oil etudes during the study as an graphic designer i discovered the digital painting and also did portraits character concepts now i want to develop in the field of illustrations icons characters and their elements tools i work with acrylic and oil paints illustrator vector graphics portraits adobe photoshop digital painting characters procreate digital painting portraits i like to do interesting tasks that could be put in my portfolio also i would like to work with honest clients 2 0 years
DJINNI-180e61ec-eb1b-5353-b3ce-a173d903e3b7,"I’ve been working in the game industry for 5 years already, but I'm still glad to find 
out something new every time. I had some interesting experience as a UI artist, 
though it wasn’t long, still made me understand this field better. Most of my work 
time was dedicated to both concepts and arts in casual style, but I also worked on 
some HOPA games concepts and have made some final arts for them. I’m always 
willing to learn something new and I’m in love with the opportunities this industry 
gives",Artist,Not Available,Not Available,5.0 years,2D Artist,Djinni Recruitment Dataset (English Candidate Profiles),https://huggingface.co/datasets/lang-uk/recruitment-dataset-candidate-profiles-english,180e61ec-eb1b-5353-b3ce-a173d903e3b7,anonymized,MIT License,2d artist i ve been working in the game industry for 5 years already but i m still glad to find out something new every time i had some interesting experience as a ui artist though it wasn t long still made me understand this field better most of my work time was dedicated to both concepts and arts in casual style but i also worked on some hopa games concepts and have made some final arts for them i m always willing to learn something new and i m in love with the opportunities this industry gives 5 0 years
DJINNI-029ea1b8-4fc3-528f-b3c5-ce424d8a7095,"I worked as a graphic designer of promomaterials and polygraphy from 2014 up to 2016
In 2016 up to 2017 I worked as a designer of t-shirt prints
From 2017 up to 2019 I worked as manager with small team of artists on freelance platform
Since 2019 up to nowadays I am working as a freelance 2D Artist with different projects. I have high range of styles and techniques, which I am capable to implement into my working process.",Unity,Not Available,Not Available,3.0 years,2D Artist,Djinni Recruitment Dataset (English Candidate Profiles),https://huggingface.co/datasets/lang-uk/recruitment-dataset-candidate-profiles-english,029ea1b8-4fc3-528f-b3c5-ce424d8a7095,anonymized,MIT License,2d artist i worked as a graphic designer of promomaterials and polygraphy from 2014 up to 2016 in 2016 up to 2017 i worked as a designer of t shirt prints from 2017 up to 2019 i worked as manager with small team of artists on freelance platform since 2019 up to nowadays i am working as a freelance 2d artist with different projects i have high range of styles and techniques which i am capable to implement into my working process 3 0 years
DJINNI-598c4037-d108-5319-9b84-09ba3140f0fa,"I worked as a math tutor for a year. The main things it gave me were:
- the skill of clearly  presenting the material 
- understanding of time management and deadlines
- skill of working online
- communicative skills 

One year of work as an illustrator:
- Proficiency in Krita, Adobe Illustrator, Adobe Photoshop at a sufficiently high level. And           basic knowledge of After Effects.
- Proficiency in Blender 3D software for different tasks.
Main tools:
- Krita
- Blender 3D
- Photoshop and Illustrator",Artist,Not Available,Not Available,0.5 years,2D Artist,Djinni Recruitment Dataset (English Candidate Profiles),https://huggingface.co/datasets/lang-uk/recruitment-dataset-candidate-profiles-english,598c4037-d108-5319-9b84-09ba3140f0fa,anonymized,MIT License,2d artist i worked as a math tutor for a year the main things it gave me were the skill of clearly presenting the material understanding of time management and deadlines skill of working online communicative skills one year of work as an illustrator proficiency in krita adobe illustrator adobe photoshop at a sufficiently high level and basic knowledge of after effects proficiency in blender 3d software for different tasks main tools krita blender 3d photoshop and illustrator 0 5 years
DJINNI-f8ed3b71-dfe7-5d52-b9eb-5fa00b56dfb9,"I worked as a teacher at an IT school for children, teaching them website development and game development using Unity,С# ,C++, .NET,HTML, CSS,Java Script , and created projects in Adobe Illustrator with animations in Adobe After Effects",Artist,Not Available,Not Available,1.0 years,2D Artist,Djinni Recruitment Dataset (English Candidate Profiles),https://huggingface.co/datasets/lang-uk/recruitment-dataset-candidate-profiles-english,f8ed3b71-dfe7-5d52-b9eb-5fa00b56dfb9,anonymized,MIT License,2d artist i worked as a teacher at an it school for children teaching them website development and game development using unity cpp cplusplus dotnet html css java script and created projects in adobe illustrator with animations in adobe after effects 1 0 years
DJINNI-59768426-3004-58dc-8dac-524ea2ea39af,"Mobile game ""Ukranians Simulator"", a pack-man style game created to spread information about the war in Ukraine and ways to help.
I worked on a project at the mobile game development company Enixian, my tasks included creating icons, props, parallax, backgrounds.
Also I work as freelance artist with hyper casual game development studio.
I have master's degree in art, before cg I worked as artist in studio of interior design. This job allowed me to gain experience in teamwork to achieve the best result for the client. Now I am studying 3d programs and supplementing my portfolio with 2d works. My goal is to work in the game industry. I`ll be glad to complete test to show you my art skills.
Please, check my portfolio on artstation.
I want to gain experience of making amazing art for large audience.",Artist,Not Available,Not Available,0.5 years,2D Artist,Djinni Recruitment Dataset (English Candidate Profiles),https://huggingface.co/datasets/lang-uk/recruitment-dataset-candidate-profiles-english,59768426-3004-58dc-8dac-524ea2ea39af,anonymized,MIT License,2d artist mobile game ukranians simulator a pack man style game created to spread information about the war in ukraine and ways to help i worked on a project at the mobile game development company enixian my tasks included creating icons props parallax backgrounds also i work as freelance artist with hyper casual game development studio i have master s degree in art before cg i worked as artist in studio of interior design this job allowed me to gain experience in teamwork to achieve the best result for the client now i am studying 3d programs and supplementing my portfolio with 2d works my goal is to work in the game industry i ll be glad to complete test to show you my art skills please check my portfolio on artstation i want to gain experience of making amazing art for large audience 0 5 years
DJINNI-98dce3c0-330c-59eb-9bf7-75fedc65434c,"I worked with individual clients creating book covers and illustration for amateur novels, character designs for DnD campaigns and promotional materials for social and educational projects.

My tasks included but were not limited to:
- producing new visuals
- drawing characters from descriptions
- systematizing and improving preexisting concepts

I’m always motivated to ensure embodiment of author’s original vision. 

Have a look at some examples of my work here: lei_solar.artstation.com",Artist,Not Available,Not Available,0.0 years,2D Artist,Djinni Recruitment Dataset (English Candidate Profiles),https://huggingface.co/datasets/lang-uk/recruitment-dataset-candidate-profiles-english,98dce3c0-330c-59eb-9bf7-75fedc65434c,anonymized,MIT License,2d artist i worked with individual clients creating book covers and illustration for amateur novels character designs for dnd campaigns and promotional materials for social and educational projects my tasks included but were not limited to producing new visuals drawing characters from descriptions systematizing and improving preexisting concepts i m always motivated to ensure embodiment of author s original vision have a look at some examples of my work here lei_solar artstation com 0 0 years
DJINNI-ddf8fc27-2545-511f-a498-7021bcaedbfd,"There is little research, but there is a great desire to develop in this area. I can draw by hand, I have good skills with a graphic tablet, I understand the principles of light and color, I have knowledge of anatomy and proportions. In addition to photoshop, good skills in 3d programs such as Maya, Zbrush, Substance painter
I worked with small projects to order, remotely, both 2D and 3D, made props.",Artist,Not Available,Not Available,0.0 years,2D Artist,Djinni Recruitment Dataset (English Candidate Profiles),https://huggingface.co/datasets/lang-uk/recruitment-dataset-candidate-profiles-english,ddf8fc27-2545-511f-a498-7021bcaedbfd,anonymized,MIT License,2d artist there is little research but there is a great desire to develop in this area i can draw by hand i have good skills with a graphic tablet i understand the principles of light and color i have knowledge of anatomy and proportions in addition to photoshop good skills in 3d programs such as maya zbrush substance painter i worked with small projects to order remotely both 2d and 3d made props 0 0 years
DJINNI-8d62f90d-321d-51df-9cbc-3ef17f0dca05,"I am looking for a job in a company where I can realize my artistic potential. I am hardworking and highly motivated to develop and improve my skill level. I would like to work in the field of game development, 2D graphics (character development, concept art).
- Knowledge of graphics programs Adobe Photoshop, Adobe Illustrator, Corel Draw, Corel Painter
- I have basic knowledge of Adobe Animate, 3D Max, Cinema 4D
- Professional tablet proficiency
- Possession of the principles of composition, color, light, proportions, anatomy
- Proficiency in painting techniques, freehand drawing
- Development of web page layouts
- Development of design of printing products
- Design of advertising and printing products
- Development of corporate identity.",Artist,Not Available,Not Available,0.0 years,2D Artist,Djinni Recruitment Dataset (English Candidate Profiles),https://huggingface.co/datasets/lang-uk/recruitment-dataset-candidate-profiles-english,8d62f90d-321d-51df-9cbc-3ef17f0dca05,anonymized,MIT License,2d artist i am looking for a job in a company where i can realize my artistic potential i am hardworking and highly motivated to develop and improve my skill level i would like to work in the field of game development 2d graphics character development concept art knowledge of graphics programs adobe photoshop adobe illustrator corel draw corel painter i have basic knowledge of adobe animate 3d max cinema 4d professional tablet proficiency possession of the principles of composition color light proportions anatomy proficiency in painting techniques freehand drawing development of web page layouts development of design of printing products design of advertising and printing products development of corporate identity 0 0 years
DJINNI-93536156-910c-5b9d-82b4-b991765b7b8e,"Middle 2D Artist 
Kevuru Games [ 08/2022 – Current ] 

Creating props and environments for mobile games


2D Artist, Illustrator, Graphic Designer 
Freelance [ 05/2017 – Current ] 

Making custom illustration orders, character design, game assets, concept art, tattoo designs, logo, brending.
Have experience in creating isometric houses, objects, etc. 

Work involves direct communication with the client, setting tasks, working on a project, making changes, etc.


Graphics designer 
Kharkov Academic Russian Drama Theater is called A.S. Pushkin [ 02/2018 – 02/2021 ] 

Developed artwork and layout for print and digital signage, banners, posters, publications and lyers",Artist,Not Available,Not Available,3.0 years,2D Artist,Djinni Recruitment Dataset (English Candidate Profiles),https://huggingface.co/datasets/lang-uk/recruitment-dataset-candidate-profiles-english,93536156-910c-5b9d-82b4-b991765b7b8e,anonymized,MIT License,2d artist middle 2d artist kevuru games 08 2022 current creating props and environments for mobile games 2d artist illustrator graphic designer freelance 05 2017 current making custom illustration orders character design game assets concept art tattoo designs logo brending have experience in creating isometric houses objects etc work involves direct communication with the client setting tasks working on a project making changes etc graphics designer kharkov academic russian drama theater is called a s pushkin 02 2018 02 2021 developed artwork and layout for print and digital signage banners posters publications and lyers 3 0 years
DJINNI-ca7e73be-891d-5f3f-a64a-a472d0842c30,"I drew more than 400 individual stickers for the Telegram Messenger. I was designing each sticker in the way that depicted emotion and meme reference would resonate with the character.
More then five years I've worked on sticker packs for Telegram Messenger, including very first one, ""Great Minds"". My main focus in work is combining high quality visual style with meaning and context. For several years I am researching on the connection between culture, visual arts and psychology. My study lead me to different symbolic systems which are great tool for creating fictional characters, pantheons and worlds.
I want to take part in making remarkable things which will make a world a better place, because I believe art is one of most powerful tools that can influence this place that we inhabit. And with current wide spectrum of art forms there is infinite number of possible ways to make this. From comic book to AAA-video games and further. 
I am not interested in making one more ""three-in-a-row"" or slot machine game.",Unity,Not Available,Not Available,9.0 years,2D Artist,Djinni Recruitment Dataset (English Candidate Profiles),https://huggingface.co/datasets/lang-uk/recruitment-dataset-candidate-profiles-english,ca7e73be-891d-5f3f-a64a-a472d0842c30,anonymized,MIT License,2d artist i drew more than 400 individual stickers for the telegram messenger i was designing each sticker in the way that depicted emotion and meme reference would resonate with the character more then five years i ve worked on sticker packs for telegram messenger including very first one great minds my main focus in work is combining high quality visual style with meaning and context for several years i am researching on the connection between culture visual arts and psychology my study lead me to different symbolic systems which are great tool for creating fictional characters pantheons and worlds i want to take part in making remarkable things which will make a world a better place because i believe art is one of most powerful tools that can influence this place that we inhabit and with current wide spectrum of art forms there is infinite number of possible ways to make this from comic book to aaa video games and further i am not interested in making one more three in a row or slot machine game 9 0 years
DJINNI-788b5e9b-f0fe-5692-8ad5-b5304e171729,"My career as a 2D artist started at university, where I met a lot of people with the
same interests as mine. In my graduation time, I had the opportunity to work as a
concept artist in game projects, developing scenes, key arts and characters.
After graduation I still felt that I was not ready to apply to work for a game studio, so I
started to search for courses, workshops and events that could help me in that long
journey. In that period of my life I found Skilltree and their courses helped me a lot to
improve as an artist. I also went to Topia Art Experience, where I could talk and have
some portfolio reviews with Renowned artists from the Game Industry, like Ursula
Dorada from Blizzard. It was a great opportunity to exchange experiences and
knowledge with other artists, which made me sure that what I wanted was to really
be an artist in the game industry.
From August of 2018 to June 2021 I worked as an Illustrator at Gocase Brazil, where
I experienced a lot of different Art Styles to a huge list of products, a great number of
them became Best sellers illustrated products. I also learned a lot about team
management and art direction.
Currently, I'm working as Lead 2D Artist at Gameplan Studio, creating illustrations,
art guides, and concept arts for some IPs in production",Artist,Not Available,Not Available,6.0 years,2D Artist,Djinni Recruitment Dataset (English Candidate Profiles),https://huggingface.co/datasets/lang-uk/recruitment-dataset-candidate-profiles-english,788b5e9b-f0fe-5692-8ad5-b5304e171729,anonymized,MIT License,2d artist my career as a 2d artist started at university where i met a lot of people with the same interests as mine in my graduation time i had the opportunity to work as a concept artist in game projects developing scenes key arts and characters after graduation i still felt that i was not ready to apply to work for a game studio so i started to search for courses workshops and events that could help me in that long journey in that period of my life i found skilltree and their courses helped me a lot to improve as an artist i also went to topia art experience where i could talk and have some portfolio reviews with renowned artists from the game industry like ursula dorada from blizzard it was a great opportunity to exchange experiences and knowledge with other artists which made me sure that what i wanted was to really be an artist in the game industry from august of 2018 to june 2021 i worked as an illustrator at gocase brazil where i experienced a lot of different art styles to a huge list of products a great number of them became best sellers illustrated products i also learned a lot about team management and art direction currently i m working as lead 2d artist at gameplan studio creating illustrations art guides and concept arts for some ips in production 6 0 years
DJINNI-81d46874-ec2a-5b42-84e8-8569e45946ca,"On each project in which I worked, I quickly caught the general style and completed the tasks with high quality.
My name is Anna, I am a digital artist with a classical education and work experience. I have been working in the game industry for over five years. Mostly experience in casual or close to it style. At the moment, I have been working for the third year in a game studio in the middle position. In my work I use Adobe Photoshop, and Blender is also used at a basic level. I want to improve my level and experience and I am ready for new interesting projects.
I expect new interesting tasks that will allow me to improve my skills.",Artist,Not Available,Not Available,5.0 years,2D Artist,Djinni Recruitment Dataset (English Candidate Profiles),https://huggingface.co/datasets/lang-uk/recruitment-dataset-candidate-profiles-english,81d46874-ec2a-5b42-84e8-8569e45946ca,anonymized,MIT License,2d artist on each project in which i worked i quickly caught the general style and completed the tasks with high quality my name is anna i am a digital artist with a classical education and work experience i have been working in the game industry for over five years mostly experience in casual or close to it style at the moment i have been working for the third year in a game studio in the middle position in my work i use adobe photoshop and blender is also used at a basic level i want to improve my level and experience and i am ready for new interesting projects i expect new interesting tasks that will allow me to improve my skills 5 0 years
DJINNI-d6d94335-149b-5adc-9152-51e05345bde2,"My specialty 2D-Art, I work in game development field. I have a strong passion in creating games and other different illustrative materials as: characters, backgrounds, concepts, posters, covers, ui elements and prompts.

   Performed the following tasks:
-Create sketches, backgrounds, game items, characters, etc in different styles (vector, casual);
- Setup art delivery flow;
- Decomposition and estimation of product tasks; 
- Formation of feedback, effective distribution of tasks;
- Hosting art communication between departments: animators, technical designers, graphic designers, and developers;
- Onboarding of new artists to the team, sharing knowledge; of 2D rendering, color theory, perspective, and anatomy;
- Participation in the art department management process.

   Technical Skills: Adobe Photoshop, Adobe Illustrator, Stable Diffusion, Midjourney, Figma, Jira.",Artist,Not Available,Not Available,3.0 years,2D Artist,Djinni Recruitment Dataset (English Candidate Profiles),https://huggingface.co/datasets/lang-uk/recruitment-dataset-candidate-profiles-english,d6d94335-149b-5adc-9152-51e05345bde2,anonymized,MIT License,2d artist my specialty 2d art i work in game development field i have a strong passion in creating games and other different illustrative materials as characters backgrounds concepts posters covers ui elements and prompts performed the following tasks create sketches backgrounds game items characters etc in different styles vector casual setup art delivery flow decomposition and estimation of product tasks formation of feedback effective distribution of tasks hosting art communication between departments animators technical designers graphic designers and developers onboarding of new artists to the team sharing knowledge of 2d rendering color theory perspective and anatomy participation in the art department management process technical skills adobe photoshop adobe illustrator stable diffusion midjourney figma jira 3 0 years
DJINNI-76f371e3-c411-5047-8489-8a2f872d2c1b,"Graduate of the Art School. 
After switching from traditional art to digital, completed a course on digital drawing in ArtCraft. To achive expected quality of art i chose Adobe Photoshop using graphics tablet.
My work experience consists of variety of unique project. I have worked on illustrations for book, board game, made icons for twitch, created designs for merch. Among my freelance projects were also artworks for posters and images for personal use.
I would like to work on a variety of projects with a variety of teams in order to work in an atmosphere that encourages me to develop. I am looking for a position that will allow me to put my talents and expertise to good use while still allowing me to develop professionally and personally with the business.",Artist,Not Available,Not Available,1.0 years,2D Artist,Djinni Recruitment Dataset (English Candidate Profiles),https://huggingface.co/datasets/lang-uk/recruitment-dataset-candidate-profiles-english,76f371e3-c411-5047-8489-8a2f872d2c1b,anonymized,MIT License,2d artist graduate of the art school after switching from traditional art to digital completed a course on digital drawing in artcraft to achive expected quality of art i chose adobe photoshop using graphics tablet my work experience consists of variety of unique project i have worked on illustrations for book board game made icons for twitch created designs for merch among my freelance projects were also artworks for posters and images for personal use i would like to work on a variety of projects with a variety of teams in order to work in an atmosphere that encourages me to develop i am looking for a position that will allow me to put my talents and expertise to good use while still allowing me to develop professionally and personally with the business 1 0 years
DJINNI-546d2ab7-c905-5c0d-a709-209317f95d0d,"-Awarded a scholarship by the Department of the United States based on art, language and academic skills;
-Winning a 100,000$ sponsorship for the employer/company with outstanding concept art of character evolution, environment, props and assets.
-Over 4 years of experience in mobile/videogame dev as a 2D Artist.
-Over 8 years of freelancing as a 2D Artist.
-Bachelors degree in Fine Arts and  Graphic Design.

• Creating sketches and concepts of the future character's designs;
• Creating concepts of future game assets;
• Generating new, fresh ideas for the future concepts for the games;
• Delivering the final renders of the 2D characters;
• Rending of 3D models;
• Occasional texturing for low-poly 3D models;
• Rendering of backgrounds for the illustrations;
• Color correction;
• Creating concepts and rendering for hyper-casual and merge type of games;
• Creation of low-poly isometric concepts;
• Creating character concept art for pc games;
• Rendering of hyper-realistic/ semi-realistic/ cartoonish characters;
• Storyboard creation;
• Concept & rendering of ""Steam creative package"";
• Mobile/Video Game splash art;
• UI;
• AI art.",Artist,Not Available,Not Available,4.0 years,2D Artist,Djinni Recruitment Dataset (English Candidate Profiles),https://huggingface.co/datasets/lang-uk/recruitment-dataset-candidate-profiles-english,546d2ab7-c905-5c0d-a709-209317f95d0d,anonymized,MIT License,2d artist awarded a scholarship by the department of the united states based on art language and academic skills winning a 100 000 sponsorship for the employer company with outstanding concept art of character evolution environment props and assets over 4 years of experience in mobile videogame dev as a 2d artist over 8 years of freelancing as a 2d artist bachelors degree in fine arts and graphic design creating sketches and concepts of the future character s designs creating concepts of future game assets generating new fresh ideas for the future concepts for the games delivering the final renders of the 2d characters rending of 3d models occasional texturing for low poly 3d models rendering of backgrounds for the illustrations color correction creating concepts and rendering for hyper casual and merge type of games creation of low poly isometric concepts creating character concept art for pc games rendering of hyper realistic semi realistic cartoonish characters storyboard creation concept rendering of steam creative package mobile video game splash art ui ai art 4 0 years
DJINNI-47906199-e357-5141-b0ea-501f99abe5b6,"- Participated in the illustrations development for the mobile game and short cut scenes for it, 
- Work with references in a given style, working through both backgrounds, characters and props 
- Finalization and rendering of the provided sketches
- Work from the written terms of reference and general ideas to the final result 
- Design and composition development of the commission
- Сlose work with the customer
- Work on the full process of the project, from idea and sketch to the final rendering
- Portraits Illustrations for the novel",Artist,Not Available,Not Available,0.5 years,2D Artist,Djinni Recruitment Dataset (English Candidate Profiles),https://huggingface.co/datasets/lang-uk/recruitment-dataset-candidate-profiles-english,47906199-e357-5141-b0ea-501f99abe5b6,anonymized,MIT License,2d artist participated in the illustrations development for the mobile game and short cut scenes for it work with references in a given style working through both backgrounds characters and props finalization and rendering of the provided sketches work from the written terms of reference and general ideas to the final result design and composition development of the commission lose work with the customer work on the full process of the project from idea and sketch to the final rendering portraits illustrations for the novel 0 5 years
DJINNI-85181a5f-73c8-5e25-8640-ad699bf7db98,"Passionate 2D artist with a strong desire to create props and environmental art seeking a position of 2D Artist Generalist.

SKILLS
- Proficiency in Photoshop 
- Basic knowledge of 3D modeling:
   •  SketchUp
   •  Blender
   •  ZBrush
- Basic art knowledge 
- High attention to details and ability to adapt, change, and re-envision work when requested
- Work in a semi-realistic style but knowledge of 3D helps me work in casual or isometric style.

EXPERIENCE
• Created customized portraits
• Designed concepts and finalized props for the website combining 3D modeling and 2D hand-rendering
• Created low-poly 3D models in Blender, ZBrush and SketchUp + KeyShot
• Finished several Smirnov School's courses: CG Basics, Sketching and Form, Material rendering, 3D for 2D artists.

ADDITIONAL SKILLS
- Languages:
   •  Ukrainian, Russian – Native
   •  English – Upper-Intermediate
Seeking a position in a game dev company, however, I'm not interested in gambling. 
I really enjoy working in a small or medium cool and well-coordinated team. I believe that the success of a project depends on professionalism, good communication processes, and fast decision makings. A well-structured standardization of processes within the company is always a great advantage. Also, it's great to have the ability to study and learn from my teammates and leads. To hear and be heard.",Other,Not Available,Not Available,1.0 years,2D Artist,Djinni Recruitment Dataset (English Candidate Profiles),https://huggingface.co/datasets/lang-uk/recruitment-dataset-candidate-profiles-english,85181a5f-73c8-5e25-8640-ad699bf7db98,anonymized,MIT License,2d artist passionate 2d artist with a strong desire to create props and environmental art seeking a position of 2d artist generalist skills proficiency in photoshop basic knowledge of 3d modeling sketchup blender zbrush basic art knowledge high attention to details and ability to adapt change and re envision work when requested work in a semi realistic style but knowledge of 3d helps me work in casual or isometric style experience created customized portraits designed concepts and finalized props for the website combining 3d modeling and 2d hand rendering created low poly 3d models in blender zbrush and sketchup keyshot finished several smirnov school s courses cg basics sketching and form material rendering 3d for 2d artists additional skills languages ukrainian russian native english upper intermediate seeking a position in a game dev company however i m not interested in gambling i really enjoy working in a small or medium cool and well coordinated team i believe that the success of a project depends on professionalism good communication processes and fast decision makings a well structured standardization of processes within the company is always a great advantage also it s great to have the ability to study and learn from my teammates and leads to hear and be heard 1 0 years
DJINNI-c5050d52-8613-5262-9a3f-8566f836d451,"Playrix Zagrava
2D Artist
• creating graphics for marketing creatives (characters, locations, UI)
• preparing graphics for animation
• creating storyboards
• creating simple animation
July 2021 - July 2022 
Ukraine

Freelance
2D Artist
Fulfillment of different orders(character design, comics, locations, UI)
2019 - 
Ukraine

DVIZH Studio
Freelance 2D Artist
It's just a cooperation on some projects
• creating characters concepts for NFT
• making character sketches for 3D modeling
• creating NFT collection (character, his attributes, locations)
• creating storyboards for animation
2021 -

I am young, creative and open-minded person with 3 years of digital illustration background. I have a good experience of fast and high-quality implementation of various orders, game graphics development and creation of NFT projects. I am really interested in work in a team on cool projects. 
Art is my passion.",Artist,Not Available,Not Available,3.0 years,2D Artist,Djinni Recruitment Dataset (English Candidate Profiles),https://huggingface.co/datasets/lang-uk/recruitment-dataset-candidate-profiles-english,c5050d52-8613-5262-9a3f-8566f836d451,anonymized,MIT License,2d artist playrix zagrava 2d artist creating graphics for marketing creatives characters locations ui preparing graphics for animation creating storyboards creating simple animation july 2021 july 2022 ukraine freelance 2d artist fulfillment of different orders character design comics locations ui 2019 ukraine dvizh studio freelance 2d artist it s just a cooperation on some projects creating characters concepts for nft making character sketches for 3d modeling creating nft collection character his attributes locations creating storyboards for animation 2021 i am young creative and open minded person with 3 years of digital illustration background i have a good experience of fast and high quality implementation of various orders game graphics development and creation of nft projects i am really interested in work in a team on cool projects art is my passion 3 0 years
DJINNI-e9c5963b-032a-5719-940c-786568b9f798,"- Playson (game graphic designer). Logos, icons, game assets: jackpots, reels, buttons, pop-ups, feature preview/preloader, bitmaps. preparing art for animation. 
- Enixan company (2d game artist)
- Freelance, private customers (2d, web design)",Design,Not Available,Not Available,3.0 years,2D Artist,Djinni Recruitment Dataset (English Candidate Profiles),https://huggingface.co/datasets/lang-uk/recruitment-dataset-candidate-profiles-english,e9c5963b-032a-5719-940c-786568b9f798,anonymized,MIT License,2d artist playson game graphic designer logos icons game assets jackpots reels buttons pop ups feature preview preloader bitmaps preparing art for animation enixan company 2d game artist freelance private customers 2d web design 3 0 years
DJINNI-92670b1f-0aa4-571f-be30-580fdc626d66,Portfolio: behance -dot- net/midnightartime,Artist,Not Available,Not Available,1.0 years,2D Artist,Djinni Recruitment Dataset (English Candidate Profiles),https://huggingface.co/datasets/lang-uk/recruitment-dataset-candidate-profiles-english,92670b1f-0aa4-571f-be30-580fdc626d66,anonymized,MIT License,2d artist portfolio behance dot net midnightartime 1 0 years
DJINNI-ac3b7250-ffe1-5a6b-9693-6ed94a1e52f9,"Professional Experience:
2D Artist - Mibl art (5 years)
I was drowning book covers, mostly in fantasy genre 

Responsibilities:
Performed rough sketches
Created compelling artwork and illustrations
Searched for the best reference and imagery possible
Used 3D models from Daz Studio and Blender in my workflow
Drowning highly detailed and well rendered art.
Expert knowledge of Photoshop

My passion is drowning characters.
Interested in Character concept art and Illustration (realism/semi-realism).

Not a big fan of casual style",Artist,Not Available,Not Available,5.0 years,2D Artist,Djinni Recruitment Dataset (English Candidate Profiles),https://huggingface.co/datasets/lang-uk/recruitment-dataset-candidate-profiles-english,ac3b7250-ffe1-5a6b-9693-6ed94a1e52f9,anonymized,MIT License,2d artist professional experience 2d artist mibl art 5 years i was drowning book covers mostly in fantasy genre responsibilities performed rough sketches created compelling artwork and illustrations searched for the best reference and imagery possible used 3d models from daz studio and blender in my workflow drowning highly detailed and well rendered art expert knowledge of photoshop my passion is drowning characters interested in character concept art and illustration realism semi realism not a big fan of casual style 5 0 years
DJINNI-68039dad-7e38-5397-94f5-83fe7c7c0397,"She worked on game projects, created icons, game backgrounds, characters, logos. Also engaged in the creation of unique characters for projects. Created fabulous book covers in casual styles. I worked on advertising banners for games and everything in this regard.",Artist,Not Available,Not Available,2.0 years,2D Artist,Djinni Recruitment Dataset (English Candidate Profiles),https://huggingface.co/datasets/lang-uk/recruitment-dataset-candidate-profiles-english,68039dad-7e38-5397-94f5-83fe7c7c0397,anonymized,MIT License,2d artist she worked on game projects created icons game backgrounds characters logos also engaged in the creation of unique characters for projects created fabulous book covers in casual styles i worked on advertising banners for games and everything in this regard 2 0 years
DJINNI-469fe1c1-cc25-5b20-aefd-d91b6e49b769,"In April 2023, I took basic digital drawing courses at Artcraft CG School. I got good results in the courses, put together a portfolio and at the end of the course I made an excellent graduation project.
- sketching;
- knowledge of the basics of drawing (composition, color, perspective, anatomy);
- experience in creating 2D concepts;
- creating 2D art: from composite sketches to final rendering;
- good communication skills and strong attention to detail.
Work in a team with other artists and strong lead artist. Make concepts, sketches, props, icons and illustration for games.",Artist,Not Available,Not Available,0.5 years,2D Artist,Djinni Recruitment Dataset (English Candidate Profiles),https://huggingface.co/datasets/lang-uk/recruitment-dataset-candidate-profiles-english,469fe1c1-cc25-5b20-aefd-d91b6e49b769,anonymized,MIT License,2d artist in april 2023 i took basic digital drawing courses at artcraft cg school i got good results in the courses put together a portfolio and at the end of the course i made an excellent graduation project sketching knowledge of the basics of drawing composition color perspective anatomy experience in creating 2d concepts creating 2d art from composite sketches to final rendering good communication skills and strong attention to detail work in a team with other artists and strong lead artist make concepts sketches props icons and illustration for games 0 5 years
DJINNI-3d344241-1604-5200-b65c-d57cc418c55c,"Slime Evo. Indie game. 2d artist-animator
(May 2021 - current)
 “Slime Evo” - is a metroidvania indiegame that challenges players to face monstrous dungeons as an adorable, but morally ambiguous slime. Engine - gamemaker2. Style - pixel art. Team -  project lead+game designer, programmer, 2 artists.
My responsibilities were the creation of characters animations.

(September 2020 - current)
 “Rogue Tower” - a rogue-like game in hell setting. Engine - Unity. Style - pixel art. Team -  project lead, programmer, game designer, 2 artists.
My responsibilities were the creation of characters and animations, props, sketches for cut scenes, small tasks to set some animation in Unity.
""Glover"" - pixel art platformer. Engine - Unity. My responsibilities were animation of the main hero, creation of weapons, small elements of the interface.",Other,Not Available,Not Available,2.0 years,2D Artist,Djinni Recruitment Dataset (English Candidate Profiles),https://huggingface.co/datasets/lang-uk/recruitment-dataset-candidate-profiles-english,3d344241-1604-5200-b65c-d57cc418c55c,anonymized,MIT License,2d artist slime evo indie game 2d artist animator may 2021 current slime evo is a metroidvania indiegame that challenges players to face monstrous dungeons as an adorable but morally ambiguous slime engine gamemaker2 style pixel art team project lead game designer programmer 2 artists my responsibilities were the creation of characters animations september 2020 current rogue tower a rogue like game in hell setting engine unity style pixel art team project lead programmer game designer 2 artists my responsibilities were the creation of characters and animations props sketches for cut scenes small tasks to set some animation in unity glover pixel art platformer engine unity my responsibilities were animation of the main hero creation of weapons small elements of the interface 2 0 years
DJINNI-ce465f80-e2af-5207-8869-a4f00df3881e,"Some time before that, I painted portraits to order in a traditional style.
I am currently interested in working in the gaming industry. I took a
drawing course for casual games. I gained knowledge of the full cycle of
creating game art (sketch, 2D rendering, color selection, cutting for
animation, fitting the object into the location). I am currently a
freelancer, but I am looking for a permanent job in a game
development company.

EDUCATION
1. Lviv Polytechnic National University – Psychology (bachelor)
June 2019
2. GAMESTATION ACADEMY – Casual game art
December 2022

EXPERIENCE
Shop Seller, Board Game Store “Hobby Monster”
Feb 2020 – Sep 2021
• Consulting clients
• Online store service
• Work with the cash register
• Organizational activities in the board games club
Freelance 2d Artist, remote
Jun 2022 – Current
From time to time I paint to order. Now I am involved in the
development of design and illustrations for a board game.
I am not interested in slots and casino projects",Artist,Not Available,Not Available,1.0 years,2D Artist,Djinni Recruitment Dataset (English Candidate Profiles),https://huggingface.co/datasets/lang-uk/recruitment-dataset-candidate-profiles-english,ce465f80-e2af-5207-8869-a4f00df3881e,anonymized,MIT License,2d artist some time before that i painted portraits to order in a traditional style i am currently interested in working in the gaming industry i took a drawing course for casual games i gained knowledge of the full cycle of creating game art sketch 2d rendering color selection cutting for animation fitting the object into the location i am currently a freelancer but i am looking for a permanent job in a game development company education 1 lviv polytechnic national university psychology bachelor june 2019 2 gamestation academy casual game art december 2022 experience shop seller board game store hobby monster feb 2020 sep 2021 consulting clients online store service work with the cash register organizational activities in the board games club freelance 2d artist remote jun 2022 current from time to time i paint to order now i am involved in the development of design and illustrations for a board game i am not interested in slots and casino projects 1 0 years
DJINNI-3de95cc6-fecf-516e-9c71-a184ec7cde09,"I worked with the Playtika company on the development of cards for the SOLITAIRE GRAND HARVEST game
Created graphics for the ""Rot Stormo"" project for Tom Horn gaming
The main types of projects I worked on: casual mobile games, card games, as well as graphics development for slots.

Tasks performed on projects:
- GUI for mobile games and slots
- Isometric graphics
- Creation of icons and props
- Development of logos for games. from sketches to the finale
- Creation of mood boards at the beginning of the project for further transfer to the client
- Concept art of the characters
- Creation of promotional materials for advertising games on social networks
- Development of graphics for slots (symbols, reels, banners, wins).",Artist,Not Available,Not Available,2.0 years,2D Artist,Djinni Recruitment Dataset (English Candidate Profiles),https://huggingface.co/datasets/lang-uk/recruitment-dataset-candidate-profiles-english,3de95cc6-fecf-516e-9c71-a184ec7cde09,anonymized,MIT License,2d artist i worked with the playtika company on the development of cards for the solitaire grand harvest game created graphics for the rot stormo project for tom horn gaming the main types of projects i worked on casual mobile games card games as well as graphics development for slots tasks performed on projects gui for mobile games and slots isometric graphics creation of icons and props development of logos for games from sketches to the finale creation of mood boards at the beginning of the project for further transfer to the client concept art of the characters creation of promotional materials for advertising games on social networks development of graphics for slots symbols reels banners wins 2 0 years
DJINNI-295c6b33-667a-5584-9b5e-dba88267f981,"I am constantly improving my knowledge and skills and have finished several courses.
• Yappi Corporate English course Apr -October 2022 (Pre-advanced C1)
• Lviv Logos IT Academy • Aug - October 2021
UX/UI 
• Lviv Logos IT Academy • May-July 2021
English - Upper intermediate (B2)
• SMM course • May - June 2021
• Language courses ""Азбука світу"" • October 2020 - April 2021
English - Upper intermediate (B2).
Today I work as a 2D Artist in GameDev, where I've already had an opportunity to work in team of 
•NFT game projects, Slots and sport games for mobile applications.

This experience gave me an opportunity to perform the following tasks:
• Produce good quality 2D assets and textures from sketch to finished render.
• Design and create game elements such as user interface, buttons, objects, avatars, textures, icons, props design, game logos, backgrounds and more.
• Prepare the image for animation.
• Create 3D model blockouts in Blender.

Adobe Photoshop, Adobe Illustrator, Blender is widely used in my everyday tasks.

Figma and Corel Draw is less in demand in my projects now, but there is an experience of usage.

I use Jira to keep track of my task plan.

During my career as a  Graphic Designer, I performed such tasks as:
• Branding and development of corporate style according to client requirements.
• Designing presentations.
• Creation of brand books and corporate identity design for companies.
• Development of illustrations and graphic elements for websites and mobile applications
• SMM design (Creating social media graphics and updating content.)
• Editing and optimization of photographs for use in advertising materials.
• Creating effective printing layouts of visual advertising for posters, brochures, business cards, custom business stickers and other printed materials.
• Motion design / Picture animation.
• Communicating with customers with understanding of their needs.


In projects my goals are to create an idea according to clients references and to apply my skills and knowledge to complete it in printed or digital option depending on the task.

I've established as a graphic designer but I'm also interested in my development as 2D artist.  I am currently deepening my knowledge in these spheres.
I enjoy drawing in casual style, and I really don't want to draw some horrors.",Artist,Not Available,Not Available,2.0 years,2D Artist,Djinni Recruitment Dataset (English Candidate Profiles),https://huggingface.co/datasets/lang-uk/recruitment-dataset-candidate-profiles-english,295c6b33-667a-5584-9b5e-dba88267f981,anonymized,MIT License,2d artist i am constantly improving my knowledge and skills and have finished several courses yappi corporate english course apr october 2022 pre advanced c1 lviv logos it academy aug october 2021 ux ui lviv logos it academy may july 2021 english upper intermediate b2 smm course may june 2021 language courses october 2020 april 2021 english upper intermediate b2 today i work as a 2d artist in gamedev where i ve already had an opportunity to work in team of nft game projects slots and sport games for mobile applications this experience gave me an opportunity to perform the following tasks produce good quality 2d assets and textures from sketch to finished render design and create game elements such as user interface buttons objects avatars textures icons props design game logos backgrounds and more prepare the image for animation create 3d model blockouts in blender adobe photoshop adobe illustrator blender is widely used in my everyday tasks figma and corel draw is less in demand in my projects now but there is an experience of usage i use jira to keep track of my task plan during my career as a graphic designer i performed such tasks as branding and development of corporate style according to client requirements designing presentations creation of brand books and corporate identity design for companies development of illustrations and graphic elements for websites and mobile applications smm design creating social media graphics and updating content editing and optimization of photographs for use in advertising materials creating effective printing layouts of visual advertising for posters brochures business cards custom business stickers and other printed materials motion design picture animation communicating with customers with understanding of their needs in projects my goals are to create an idea according to clients references and to apply my skills and knowledge to complete it in printed or digital option depending on the task i ve established as a graphic designer but i m also interested in my development as 2d artist i am currently deepening my knowledge in these spheres i enjoy drawing in casual style and i really don t want to draw some horrors 2 0 years
DJINNI-f00ffcf2-4d35-544c-85db-293d5e251f96,"I consider myself disciplinary, with a grasp of how all visual pieces of a game become a cohesive whole. My background is in graphic and visual design, in which I have over a 15 years of experience. In gamedev since 2012. Able to prioritize, good communicator with a positive attitude. Excellent eye for detail
Tools: · Adobe (Photoshop, After Effects, Audition, Illustrator), Corel DRAW, АutoCAD, 3d Max, ArchiCAD, Artlantis, Woody, Bryce, Zbrush, Sparkol
Gamedev only",Other,Not Available,Not Available,9.0 years,2D Artist,Djinni Recruitment Dataset (English Candidate Profiles),https://huggingface.co/datasets/lang-uk/recruitment-dataset-candidate-profiles-english,f00ffcf2-4d35-544c-85db-293d5e251f96,anonymized,MIT License,2d artist i consider myself disciplinary with a grasp of how all visual pieces of a game become a cohesive whole my background is in graphic and visual design in which i have over a 15 years of experience in gamedev since 2012 able to prioritize good communicator with a positive attitude excellent eye for detail tools adobe photoshop after effects audition illustrator corel draw utocad 3d max archicad artlantis woody bryce zbrush sparkol gamedev only 9 0 years
DJINNI-de5924d8-bda3-5246-9b6a-cfb201ac9617,"Twitch channel design in Corgi style. A channel avatar, a banner, which is also used as a postcard, and 4 dice to indicate donation, devices, telegram and information about the author were made.

Creation of a sebek logo, where it was necessary to draw in a vector for the company.

Brochure design for the specialty Publishing and Printing, which will be distributed to applicants when choosing a specialty. The design of the brochure was done in Adobe Illustrator, a modern minimalist design was thought out, which provided the necessary information to the applicant.",Artist,Not Available,Not Available,0.0 years,2D Artist,Djinni Recruitment Dataset (English Candidate Profiles),https://huggingface.co/datasets/lang-uk/recruitment-dataset-candidate-profiles-english,de5924d8-bda3-5246-9b6a-cfb201ac9617,anonymized,MIT License,2d artist twitch channel design in corgi style a channel avatar a banner which is also used as a postcard and 4 dice to indicate donation devices telegram and information about the author were made creation of a sebek logo where it was necessary to draw in a vector for the company brochure design for the specialty publishing and printing which will be distributed to applicants when choosing a specialty the design of the brochure was done in adobe illustrator a modern minimalist design was thought out which provided the necessary information to the applicant 0 0 years
DJINNI-7ba62d0b-c948-526a-9151-8dfcdcf9d0a0,"Worked as architect assistant on private projects ( got letter of recommendation )
Got experience on freelance projects 

Tech stack: Adobe Photoshop, 3DMax, 3DMaya, Lumion, ArchiCad, AvtoCad, Jira, Confluence",Artist,Not Available,Not Available,1.0 years,2D Artist,Djinni Recruitment Dataset (English Candidate Profiles),https://huggingface.co/datasets/lang-uk/recruitment-dataset-candidate-profiles-english,7ba62d0b-c948-526a-9151-8dfcdcf9d0a0,anonymized,MIT License,2d artist worked as architect assistant on private projects got letter of recommendation got experience on freelance projects tech stack adobe photoshop 3dmax 3dmaya lumion archicad avtocad jira confluence 1 0 years
DJINNI-0cf9cf1a-4d3f-59e7-9d07-0c699ce809fb,"I relized a bronze statue of young Panteleimon Kulish in Ukrainian city called Voronizh (Sumy region) in 2019.
I was studying art for more then 12 years)) and now at times I am still looking for a job as a 2D Artist and with every single task and project I am studying and improving my art skills)

2014 – 2019 – National Academy of Fine Art and Architecture. Program Subject Area Fine Art, Decorative Art, 
Restoration. Educational program Easel and Monumental Sculpture. Professonal qualification Artist-sculptor, 
Researcher, Teacher (Master Degree).

2008 – 2013 – Shevchenko State Art School. Specialisation Artist-sculptor

I did also some interesting 2D freelance projects for American castumers.Which was very interestin experience for me. 
I was taking a part in some Ukrainian and Internationals art exhibitions.
Worked at Funzy Games Studio as a 2D Artist from 2021. 
Was rendering locations and different objects. Made concepts and sketches which later become a part of projects. Worked in art team and tried to hold a proper art style which is required for specific project requirements.

I use Photoshop as a main programm for creating 2D art. Also at times I use some 3D softwares for making my work faster (not something difficult but in general, to see some difficult perspective foreshortenings, textures or light bihavior.

 2020 – “Farvater Schastia Studio”. Art teacher.
- Organisation of the curriculum (collection and preparation of materials)
- - Helding of workshops of painting and drawing for adult and children
- Administrative tasks (attendance control and financial payments)
- Conducting individual painting and drawing classes 

Oct 2019 – May 2020 Dniprovskyi Children’s Art Center. Art history teacher.
- Carrying out of lessons of fine arts for children of younger age (5 - 7 grades)
- Conducting art history lessons for middle-aged children (grade 8)
- Submission of material according to the approved calendar plan
- Checking students' knowledge and giving feedback to each student (11 groups, 380 children)
- Keeping a journal of students’ success
- Carrying out of separate thematic and celebratory events
- Participation in conferences and professional development courses
I had a great experience to work in a very warm and professional company. So I hope to see comfortable and warm atmosphere in new team so that everybody can be relaxed and creative 100 %. And where I can hear feedbacks and be able to ask for adwice at anytime.

As a young and very motivated artist I do not only work but learn as well, with every single project. I dedicatively and seriously related to quality of my works.

I expect to meet a company which loves art and insparing games as I do. Who feel the sofistication in details but understanding importance of general forms and simplicity.

. I love to do any of my tasks like it is my own project (game, concept, illustration and so on) and I always very happy seeing it relized in some way. I would like to work in office and with team 5 days a week. And I know how it is to work hard and even more then it is should be if we have to finish it in specific time.

 I would do anything. But the main thing which might constantly exist in the project is an idea and clear explenation of what we need to achive now and in nearest future doing our job.

In nearest future I expect to learn 3D programms such as Blender (and Z-Brush) et cetera  for making more qualitative 3D Art for making more and more difficult scenes.And for making some characters. Because as a sculptor I like to paint and sculpt human body. So also in the future I whoud like to do some characters concepts.",Artist,Not Available,Not Available,2.0 years,2D Artist,Djinni Recruitment Dataset (English Candidate Profiles),https://huggingface.co/datasets/lang-uk/recruitment-dataset-candidate-profiles-english,0cf9cf1a-4d3f-59e7-9d07-0c699ce809fb,anonymized,MIT License,2d artist i relized a bronze statue of young panteleimon kulish in ukrainian city called voronizh sumy region in 2019 i was studying art for more then 12 years and now at times i am still looking for a job as a 2d artist and with every single task and project i am studying and improving my art skills 2014 2019 national academy of fine art and architecture program subject area fine art decorative art restoration educational program easel and monumental sculpture professonal qualification artist sculptor researcher teacher master degree 2008 2013 shevchenko state art school specialisation artist sculptor i did also some interesting 2d freelance projects for american castumers which was very interestin experience for me i was taking a part in some ukrainian and internationals art exhibitions worked at funzy games studio as a 2d artist from 2021 was rendering locations and different objects made concepts and sketches which later become a part of projects worked in art team and tried to hold a proper art style which is required for specific project requirements i use photoshop as a main programm for creating 2d art also at times i use some 3d softwares for making my work faster not something difficult but in general to see some difficult perspective foreshortenings textures or light bihavior 2020 farvater schastia studio art teacher organisation of the curriculum collection and preparation of materials helding of workshops of painting and drawing for adult and children administrative tasks attendance control and financial payments conducting individual painting and drawing classes oct 2019 may 2020 dniprovskyi children s art center art history teacher carrying out of lessons of fine arts for children of younger age 5 7 grades conducting art history lessons for middle aged children grade 8 submission of material according to the approved calendar plan checking students knowledge and giving feedback to each student 11 groups 380 children keeping a journal of students success carrying out of separate thematic and celebratory events participation in conferences and professional development courses i had a great experience to work in a very warm and professional company so i hope to see comfortable and warm atmosphere in new team so that everybody can be relaxed and creative 100 and where i can hear feedbacks and be able to ask for adwice at anytime as a young and very motivated artist i do not only work but learn as well with every single project i dedicatively and seriously related to quality of my works i expect to meet a company which loves art and insparing games as i do who feel the sofistication in details but understanding importance of general forms and simplicity i love to do any of my tasks like it is my own project game concept illustration and so on and i always very happy seeing it relized in some way i would like to work in office and with team 5 days a week and i know how it is to work hard and even more then it is should be if we have to finish it in specific time i would do anything but the main thing which might constantly exist in the project is an idea and clear explenation of what we need to achive now and in nearest future doing our job in nearest future i expect to learn 3d programms such as blender and z brush et cetera for making more qualitative 3d art for making more and more difficult scenes and for making some characters because as a sculptor i like to paint and sculpt human body so also in the future i whoud like to do some characters concepts 2 0 years
DJINNI-66505495-0339-57fb-9835-d01b0732aec1,"Created and designed the brand, starting from the logo to the menu and various yummy printed products. To this day, I draw illustrations on customer orders.
Worked only with freelance projects, no experience of working with a team. But I always dreamed of having a friendly group of interests and doing something incredible, I hope I will find my dream team here :)",Artist,Not Available,Not Available,1.0 years,2D Artist,Djinni Recruitment Dataset (English Candidate Profiles),https://huggingface.co/datasets/lang-uk/recruitment-dataset-candidate-profiles-english,66505495-0339-57fb-9835-d01b0732aec1,anonymized,MIT License,2d artist created and designed the brand starting from the logo to the menu and various yummy printed products to this day i draw illustrations on customer orders worked only with freelance projects no experience of working with a team but i always dreamed of having a friendly group of interests and doing something incredible i hope i will find my dream team here 1 0 years
DJINNI-fee05189-a3b8-522e-af8c-e10592dd9359,"Created the whole style of the game and more than 20 backgrounds and 10 characters that were used. Also created 2 commercials that attracted more than 1000+ players in the first week after the release.
Worked on the creation of mobile games (Visual novels, jigsaw puzzles, match3, Slots).Created characters, backgrounds, UI/UX elements. Also created commercials/creatives.
My skils:
-Character Design
-2D Animation in After Effects
-Fast Sketching
-Working with references
-Adapt to the style of the project
-Working with raster and vector illustrations and assets
-Creation of promotional videos and materials
I would like to work on projects in casual style. Also to share my positive and creative ideas!",Artist,Not Available,Not Available,1.5 years,2D Artist,Djinni Recruitment Dataset (English Candidate Profiles),https://huggingface.co/datasets/lang-uk/recruitment-dataset-candidate-profiles-english,fee05189-a3b8-522e-af8c-e10592dd9359,anonymized,MIT License,2d artist created the whole style of the game and more than 20 backgrounds and 10 characters that were used also created 2 commercials that attracted more than 1000 players in the first week after the release worked on the creation of mobile games visual novels jigsaw puzzles match3 slots created characters backgrounds ui ux elements also created commercials creatives my skils character design 2d animation in after effects fast sketching working with references adapt to the style of the project working with raster and vector illustrations and assets creation of promotional videos and materials i would like to work on projects in casual style also to share my positive and creative ideas 1 5 years
DJINNI-fab803a3-ea06-5a03-bfe6-caac040d0a98,"I drew loading-backgrounds for an online game. Not as many achievements as I would like, but I hope this list will be replenished by a few paragraphs soon.
I draw characters to order for 2 years, based on the wishes of the customer. Basically, original characters created for the customer, or their character in my semi-realistic style.
Some of my comissions are on my artstation page (nymphelle).
It would have been nice not to draw complicated detailed backgrounds and concentrate on the characters themselves.",Artist,Not Available,Not Available,0.0 years,2D-Artist,Djinni Recruitment Dataset (English Candidate Profiles),https://huggingface.co/datasets/lang-uk/recruitment-dataset-candidate-profiles-english,fab803a3-ea06-5a03-bfe6-caac040d0a98,anonymized,MIT License,2d artist i drew loading backgrounds for an online game not as many achievements as i would like but i hope this list will be replenished by a few paragraphs soon i draw characters to order for 2 years based on the wishes of the customer basically original characters created for the customer or their character in my semi realistic style some of my comissions are on my artstation page nymphelle it would have been nice not to draw complicated detailed backgrounds and concentrate on the characters themselves 0 0 years
DJINNI-d908d893-e9fe-5336-818d-d499cecdd093,"Hi! I'm a 2D artist. 
I have experience in casual games, match 3, slots game, crypto game.  Proficient in character and environment concept art, also have skills in, 2D Animation in Spine.

Adobe Illustrator, Adobe Photoshop, Blender 3D, Spine 2D, mobile games, Character Artist, Blender, 3D sculpting, Team Lead, Concept Artist

I live in Vinnytsia, but I can work remotely or, if necessary, am ready to move to another city. I have experience in creating illustrations, worked as a freelancer, drew both private orders and microstock.",Artist,Not Available,Not Available,5.0 years,2D Artist / 2D Animation in Spine,Djinni Recruitment Dataset (English Candidate Profiles),https://huggingface.co/datasets/lang-uk/recruitment-dataset-candidate-profiles-english,d908d893-e9fe-5336-818d-d499cecdd093,anonymized,MIT License,2d artist 2d animation in spine hi i m a 2d artist i have experience in casual games match 3 slots game crypto game proficient in character and environment concept art also have skills in 2d animation in spine adobe illustrator adobe photoshop blender 3d spine 2d mobile games character artist blender 3d sculpting team lead concept artist i live in vinnytsia but i can work remotely or if necessary am ready to move to another city i have experience in creating illustrations worked as a freelancer drew both private orders and microstock 5 0 years
DJINNI-c05c0da3-7e5d-5216-8468-c77b1e809c06,"Freelance
Illustrator, animator and graphic designer.       
September 2019 - until now

Appsulove       
August 2021 - April 2022
Graphic and motion designer - freelancer
Сreation of advertising content for applications

Glowberry 
January 2022 - until now
2D Artist
Сreation of illustrations for animation

I graduated WIZO Haifa Academy of Design with majoring in animation and illustration.(2016-2020)",Artist,Not Available,Not Available,3.0 years,2D artist/2D animator,Djinni Recruitment Dataset (English Candidate Profiles),https://huggingface.co/datasets/lang-uk/recruitment-dataset-candidate-profiles-english,c05c0da3-7e5d-5216-8468-c77b1e809c06,anonymized,MIT License,2d artist 2d animator freelance illustrator animator and graphic designer september 2019 until now appsulove august 2021 april 2022 graphic and motion designer freelancer reation of advertising content for applications glowberry january 2022 until now 2d artist reation of illustrations for animation i graduated wizo haifa academy of design with majoring in animation and illustration 2016 2020 3 0 years
DJINNI-014b6056-8f03-59fe-aad0-9679a8261fcb,"Computer and traditional graphics arts professional with 19 years of experience in mobile app
graphics, concept art, branding and web design.

Particularly skilled in creating and managing an art department. Concept specialist in the
creation and development of characters and environments in children's applications.
Control over the development of UI kit in applications. Development of a pipeline for creating
graphics for applications. Defining and creating typical and conceptual tasks for artists and
determining the timing of their implementation.

Exceptional interpersonal skills with team members and customers, as well as with remote
clients from Europe, USA, Canada. Successfully incorporating demands of a customer into a
superior art solution.

Construction and development of the art department at Bini Bambini
Realistic style and technical execution of a vector illustration for a project at Apps-O-Rama
Graphic symbols for ACDSee project Canvas – more than 3000 graphic symbols
GUI for ACDSee – graphic user interface for ACDSee2 for Mac
Android, IOs, Flash mobile games for Roocksoftware
Mobile games for Kynitex (Android, IOs)
Vector clipart for Corel – created more than 20 new clipart styles

Construction and development of the art department. Creation of a pipeline for the development of graphics and animation. Defining and creating typical and conceptual tasks for artists and determining the timing of their implementation. Concept artist, Vector illustrators, Mentor (department 20 artist). Corporate identity, development of ideas for advertising applications in conjunction with the marketing department.",Artist,Not Available,Not Available,11.0 years,"2D artist, 2D Animator",Djinni Recruitment Dataset (English Candidate Profiles),https://huggingface.co/datasets/lang-uk/recruitment-dataset-candidate-profiles-english,014b6056-8f03-59fe-aad0-9679a8261fcb,anonymized,MIT License,2d artist 2d animator computer and traditional graphics arts professional with 19 years of experience in mobile app graphics concept art branding and web design particularly skilled in creating and managing an art department concept specialist in the creation and development of characters and environments in children s applications control over the development of ui kit in applications development of a pipeline for creating graphics for applications defining and creating typical and conceptual tasks for artists and determining the timing of their implementation exceptional interpersonal skills with team members and customers as well as with remote clients from europe usa canada successfully incorporating demands of a customer into a superior art solution construction and development of the art department at bini bambini realistic style and technical execution of a vector illustration for a project at apps o rama graphic symbols for acdsee project canvas more than 3000 graphic symbols gui for acdsee graphic user interface for acdsee2 for mac android ios flash mobile games for roocksoftware mobile games for kynitex android ios vector clipart for corel created more than 20 new clipart styles construction and development of the art department creation of a pipeline for the development of graphics and animation defining and creating typical and conceptual tasks for artists and determining the timing of their implementation concept artist vector illustrators mentor department 20 artist corporate identity development of ideas for advertising applications in conjunction with the marketing department 11 0 years
DJINNI-24b4d606-dce1-5e0c-affb-96dbd5f218c2,"while working in the company, I often took on issues of organization and responsible tasks. It is very interesting and easy for me. I easily find compromises in any situation. I am good at optimizing work processes.
I worked for half a year at the Ejaw company as an AI Art Specialist, while at the same time doing freelance art and animation orders. I have been working as an illustrator at The Wilderforge company as a freelancer for a year and continue to work. Now open to new ideas and suggestions!
permanent work with the possibility of development",Artist,Not Available,Not Available,1.5 years,2D artist 2D animator AI Art Specialist,Djinni Recruitment Dataset (English Candidate Profiles),https://huggingface.co/datasets/lang-uk/recruitment-dataset-candidate-profiles-english,24b4d606-dce1-5e0c-affb-96dbd5f218c2,anonymized,MIT License,2d artist 2d animator ai art specialist while working in the company i often took on issues of organization and responsible tasks it is very interesting and easy for me i easily find compromises in any situation i am good at optimizing work processes i worked for half a year at the ejaw company as an ai art specialist while at the same time doing freelance art and animation orders i have been working as an illustrator at the wilderforge company as a freelancer for a year and continue to work now open to new ideas and suggestions permanent work with the possibility of development 1 5 years
DJINNI-5c17b02f-3c3a-5041-b4cc-7307dc92e027,"10 years experience in game development, on position: 2d artist, lead artist and technical artist. Strong knowledge in 2d and animation. Successfully released projects
2d graphic, promo, banners, icons, animation, UI elements, web, game dev, experienced in creating games from start to release, experienced in 3d
Open for new projects or part of project connected to game development. I am looking for remote work mostly, but may also consider other options",Other,Not Available,Not Available,11.0 years,"2d artist, 2d animator, technical artist",Djinni Recruitment Dataset (English Candidate Profiles),https://huggingface.co/datasets/lang-uk/recruitment-dataset-candidate-profiles-english,5c17b02f-3c3a-5041-b4cc-7307dc92e027,anonymized,MIT License,2d artist 2d animator technical artist 10 years experience in game development on position 2d artist lead artist and technical artist strong knowledge in 2d and animation successfully released projects 2d graphic promo banners icons animation ui elements web game dev experienced in creating games from start to release experienced in 3d open for new projects or part of project connected to game development i am looking for remote work mostly but may also consider other options 11 0 years
DJINNI-ecda274e-9599-5b2d-8bec-a588dddc8d7a,"I have 10 years of experience in game art creation. 
More than 6 years in a leadership position.
Concepts and polishing 2D characters, for over 90 projects in different style (realistic and casual style).
I drew about 200 storyboards for video scenes in games.
I have experience in creating art for slot games.  A full cycle of work, from a sketch to the final art (Background, symbols, characters).",Artist,Not Available,Not Available,10.0 years,2D Artist / 2D Character Artist / Concept Artist,Djinni Recruitment Dataset (English Candidate Profiles),https://huggingface.co/datasets/lang-uk/recruitment-dataset-candidate-profiles-english,ecda274e-9599-5b2d-8bec-a588dddc8d7a,anonymized,MIT License,2d artist 2d character artist concept artist i have 10 years of experience in game art creation more than 6 years in a leadership position concepts and polishing 2d characters for over 90 projects in different style realistic and casual style i drew about 200 storyboards for video scenes in games i have experience in creating art for slot games a full cycle of work from a sketch to the final art background symbols characters 10 0 years
DJINNI-ce5f034a-be4a-59e1-a95f-749e2b1bb601,"2D graphics for computer games. Concept of: characters, environment, industrial and technical objects
Accurate, responsible and hardworking employee, passionate for game art.
Adobe Photoshop
2D graphics for computer games. Concept of: characters, environment, industrial and technical objects.
Adobe Illustrator
Sketch
Creative atmosphere, team work, career and skills growth.",Design,Not Available,Not Available,1.0 years,"2d artist, 2d concept artist, illustrator",Djinni Recruitment Dataset (English Candidate Profiles),https://huggingface.co/datasets/lang-uk/recruitment-dataset-candidate-profiles-english,ce5f034a-be4a-59e1-a95f-749e2b1bb601,anonymized,MIT License,2d artist 2d concept artist illustrator 2d graphics for computer games concept of characters environment industrial and technical objects accurate responsible and hardworking employee passionate for game art adobe photoshop 2d graphics for computer games concept of characters environment industrial and technical objects adobe illustrator sketch creative atmosphere team work career and skills growth 1 0 years
DJINNI-5e112e28-9f33-57b1-9306-091804ba7c1a,"Development and creation of characters design for indie game projects.
Freelance experience for 4 years.
Creation of illustrations for game indie projects. Character and environment development.
You can see more my artwork on Artstation.
Getting a promising, creative job in the computer graphics industry, with the possibility of professional growth and competitive wages.",Artist,Not Available,Not Available,2.0 years,2D Artist/ 2D Designer,Djinni Recruitment Dataset (English Candidate Profiles),https://huggingface.co/datasets/lang-uk/recruitment-dataset-candidate-profiles-english,5e112e28-9f33-57b1-9306-091804ba7c1a,anonymized,MIT License,2d artist 2d designer development and creation of characters design for indie game projects freelance experience for 4 years creation of illustrations for game indie projects character and environment development you can see more my artwork on artstation getting a promising creative job in the computer graphics industry with the possibility of professional growth and competitive wages 2 0 years
DJINNI-497259fb-75bb-53fb-bc80-bfa110922fd8,"- Good knowledge of Photoshop and Illustrator
- Good composition and rendering skills
- Create character concepts, props, environments and backgrounds in collaboration with the game designer
- Talent for illustration and the use of colours, light, anatomy and perspective
- Good skills in illustration in different styles (cartoon, realistic, illustration, etc.)
- Knowledge of classical drawing and painting techniques
- Detail-oriented and able to finish projects quickly
- Able to follow, and adapt to, an established art direction
- Open-minded, curious and self-critical
- Organised, efficient and motivated
- Team spirit, sense of responsibility, deadline commitment, quick learner",Other,Not Available,Not Available,4.0 years,"2d artist, 2d художник, иллюстратор, concept artist",Djinni Recruitment Dataset (English Candidate Profiles),https://huggingface.co/datasets/lang-uk/recruitment-dataset-candidate-profiles-english,497259fb-75bb-53fb-bc80-bfa110922fd8,anonymized,MIT License,2d artist 2d concept artist good knowledge of photoshop and illustrator good composition and rendering skills create character concepts props environments and backgrounds in collaboration with the game designer talent for illustration and the use of colours light anatomy and perspective good skills in illustration in different styles cartoon realistic illustration etc knowledge of classical drawing and painting techniques detail oriented and able to finish projects quickly able to follow and adapt to an established art direction open minded curious and self critical organised efficient and motivated team spirit sense of responsibility deadline commitment quick learner 4 0 years
DJINNI-546b84bb-c4e5-534c-a5b8-0e8e5d7e831b,"- character design - 2d illustration - concept art - 3d modeling (lowpoly/highpoly) - sculpting - retopology - UV unwrapping - baking textures - texturing
I am passionate 2D and 3D artist interested in professional and career growth. I spent 2 year working as a freelancer. Have a confident modeling and texturing skills For 2D artworks I use Clip Studio Paint and Photoshop As a 3D artist I mostly use is Blender, ZBrush and Substance Painter. And also I worked in Maya a while back.",Artist,Not Available,Not Available,2.0 years,2d artist / 3d artist,Djinni Recruitment Dataset (English Candidate Profiles),https://huggingface.co/datasets/lang-uk/recruitment-dataset-candidate-profiles-english,546b84bb-c4e5-534c-a5b8-0e8e5d7e831b,anonymized,MIT License,2d artist 3d artist character design 2d illustration concept art 3d modeling lowpoly highpoly sculpting retopology uv unwrapping baking textures texturing i am passionate 2d and 3d artist interested in professional and career growth i spent 2 year working as a freelancer have a confident modeling and texturing skills for 2d artworks i use clip studio paint and photoshop as a 3d artist i mostly use is blender zbrush and substance painter and also i worked in maya a while back 2 0 years
DJINNI-f92c2fd7-0fc4-507d-b192-d9fbe045ef75,"I created modification for a game in steam to add a mask. I modelled and textured a mask, added it into the game and changed in-game effects to fit eye-sockets of the mask.
I used blender, photoshop, clip studio paint, unity and UE4 redactors to create illustrations, models, textures and effects for amateur projects to learn this programs.",Artist,Not Available,Not Available,0.0 years,"2D artist, 3D artist, Game designer",Djinni Recruitment Dataset (English Candidate Profiles),https://huggingface.co/datasets/lang-uk/recruitment-dataset-candidate-profiles-english,f92c2fd7-0fc4-507d-b192-d9fbe045ef75,anonymized,MIT License,2d artist 3d artist game designer i created modification for a game in steam to add a mask i modelled and textured a mask added it into the game and changed in game effects to fit eye sockets of the mask i used blender photoshop clip studio paint unity and ue4 redactors to create illustrations models textures and effects for amateur projects to learn this programs 0 0 years
DJINNI-1d83832c-82f8-5d95-9a87-a9b54c1abc0c,"Have experience in leading art team on game project
Have experience in creating graphic for games (casino, hidden objects, farm-simulators, strategies, etc.), advertisement (banners, promo), some UI;
Have experience with time-lapse animation
Finished spine animation course",Artist,Not Available,Not Available,3.0 years,2d artist animator,Djinni Recruitment Dataset (English Candidate Profiles),https://huggingface.co/datasets/lang-uk/recruitment-dataset-candidate-profiles-english,1d83832c-82f8-5d95-9a87-a9b54c1abc0c,anonymized,MIT License,2d artist animator have experience in leading art team on game project have experience in creating graphic for games casino hidden objects farm simulators strategies etc advertisement banners promo some ui have experience with time lapse animation finished spine animation course 3 0 years
DJINNI-029f4164-40d9-576e-af5b-e315cb511ccd,"worked on four projects ""Piggy Riches"" and ""Tens or Betters"", ""China Roll"" and ""Carnival of Venice"". Two of them were released.
• development of the concept of a slot game according to a given task
• sketching and searching for an idea
• 2D visualization of symbols, background, UI/UX and other objects
• preparation of arts for animation
• animation of game objects in the Spine program
• Proficient in Photoshop Adobe, Spine, Adobe Animate, AdobeI llustrator
• Basic skills in 3D
• Animation of vector and raster graphics (characters, props, backgrounds...)
• Integration of developed effects into the game.
• Good sense of dynamics, form, composition, movement along the path, arcs, deceleration, acceleration, etc.
• High-quality handling before animation.
• Software knowledge.
• Able to carry out project scheduling.
• Detail oriented.",Artist,Not Available,Not Available,1.5 years,2d artist/animator,Djinni Recruitment Dataset (English Candidate Profiles),https://huggingface.co/datasets/lang-uk/recruitment-dataset-candidate-profiles-english,029f4164-40d9-576e-af5b-e315cb511ccd,anonymized,MIT License,2d artist animator worked on four projects piggy riches and tens or betters china roll and carnival of venice two of them were released development of the concept of a slot game according to a given task sketching and searching for an idea 2d visualization of symbols background ui ux and other objects preparation of arts for animation animation of game objects in the spine program proficient in photoshop adobe spine adobe animate adobei llustrator basic skills in 3d animation of vector and raster graphics characters props backgrounds integration of developed effects into the game good sense of dynamics form composition movement along the path arcs deceleration acceleration etc high quality handling before animation software knowledge able to carry out project scheduling detail oriented 1 5 years
DJINNI-8acbb152-e059-5a1d-993a-11e715402cd4,"Mariya Devyakovich: Books - Amazon.com

DeviantART Daily Deviationx2
Vector & raster graphics. Sketching, lineart, rendering. Characters, locations. 2d art. Isometric - possible.  

1. Children's books (Disney-like style) / NY, USA, Caribbean islands, Slovakia. Remote/full-time
- creating the concept arts of the character and locations
- drawing the storyboards
- work with client's text & publishing
Work with NDA,  partly Amazon publishing lf by my name

2. Remote/full-time, USA. Creating the images for kid's games (casual flat style, work with Adobe Illustrator, draw characters and locations)

3. Remote/full-time, China. Illustrations for gardening mobile apps. Drawing plants & locations, raster realistic ""wikihow"" style.

4. Short cartoon animations, loop animation in Spine. Work with own illustrations.  

5. Freelance
- illustrations for a fashion magazine (Liverpool, UK), vector graphic
- flyers and banners for nightclubs (Chicago, USA)
- props for a mobile game (Canada), NDA-project;
- illustrations for fitness mobile app (Ukraine), NDA-project;
- illustrations for fitness 100k+ blogger, UK
- 3D models in Voxel3D for color-book app, 3Dpixel-art (Ukraine), NDA-project;
- realistic art about the life of African peoples (Jamaica) NDA-project;
- illustrations for corporative websites. Vector graphics, NDA-projects.",Artist,Not Available,Not Available,5.0 years,"2d artist , Animator",Djinni Recruitment Dataset (English Candidate Profiles),https://huggingface.co/datasets/lang-uk/recruitment-dataset-candidate-profiles-english,8acbb152-e059-5a1d-993a-11e715402cd4,anonymized,MIT License,2d artist animator mariya devyakovich books amazon com deviantart daily deviationx2 vector raster graphics sketching lineart rendering characters locations 2d art isometric possible 1 children s books disney like style ny usa caribbean islands slovakia remote full time creating the concept arts of the character and locations drawing the storyboards work with client s text publishing work with nda partly amazon publishing lf by my name 2 remote full time usa creating the images for kid s games casual flat style work with adobe illustrator draw characters and locations 3 remote full time china illustrations for gardening mobile apps drawing plants locations raster realistic wikihow style 4 short cartoon animations loop animation in spine work with own illustrations 5 freelance illustrations for a fashion magazine liverpool uk vector graphic flyers and banners for nightclubs chicago usa props for a mobile game canada nda project illustrations for fitness mobile app ukraine nda project illustrations for fitness 100k blogger uk 3d models in voxel3d for color book app 3dpixel art ukraine nda project realistic art about the life of african peoples jamaica nda project illustrations for corporative websites vector graphics nda projects 5 0 years
DJINNI-4f2ff55f-87d2-54cc-a63c-11319a4f184e,"The time I created 4 representative mandalas for a design and research community within a week. Each mandala was to represent each of their 4 sub communities; their values, philosophy and mission. It was both fulfilling to translate those ideas into visuals as well as to get all the positive feedback directly from the community members.
As a freelance illustrator, I have worked with a number of initiatives, clients and companies on projects ranging from album covers to visually developing fictional worlds. Although my work tends towards futurism and scifi, I have also delivered on more traditional and historically leaning projects. 

I created several illustrations for Helicarrier's websites, apps, email campaigns and blog posts. These were around the concept of the future of finance and instant cross border financial transactions

I use Adobe's Creative Suite for my work, sometimes incorporating 3d elements using sketchup and Zbrush
I expect a job that is dynamic, in which projects vary in scope and theme such that it stays fresh and challenging. I'd prefer a part time role with about 20 hours/week requirement.",Artist,Not Available,Not Available,4.0 years,"2d Artist, animator",Djinni Recruitment Dataset (English Candidate Profiles),https://huggingface.co/datasets/lang-uk/recruitment-dataset-candidate-profiles-english,4f2ff55f-87d2-54cc-a63c-11319a4f184e,anonymized,MIT License,2d artist animator the time i created 4 representative mandalas for a design and research community within a week each mandala was to represent each of their 4 sub communities their values philosophy and mission it was both fulfilling to translate those ideas into visuals as well as to get all the positive feedback directly from the community members as a freelance illustrator i have worked with a number of initiatives clients and companies on projects ranging from album covers to visually developing fictional worlds although my work tends towards futurism and scifi i have also delivered on more traditional and historically leaning projects i created several illustrations for helicarrier s websites apps email campaigns and blog posts these were around the concept of the future of finance and instant cross border financial transactions i use adobe s creative suite for my work sometimes incorporating 3d elements using sketchup and zbrush i expect a job that is dynamic in which projects vary in scope and theme such that it stays fresh and challenging i d prefer a part time role with about 20 hours week requirement 4 0 years
DJINNI-5a448e72-07b5-5abe-a427-0d794d70025d,"Creating all graphics and animations for a mobile game solo. Successfully managing two beginner illustrators on my team.
Freelance illustration, brand logo and merch projects;
Photo editing for photostocks and advertising;
Creating characters, backgrounds, objects, character animations and UI for mobile games;
I work in Photoshop, Illustrator, After Effects creating graphics in various styles. Can make stop-motion animation, frame-by-frame sprite animation, 2D character animation in After Effects and Unity.
I speak English and Polish.",Artist,Not Available,Not Available,3.0 years,2D artist / animator,Djinni Recruitment Dataset (English Candidate Profiles),https://huggingface.co/datasets/lang-uk/recruitment-dataset-candidate-profiles-english,5a448e72-07b5-5abe-a427-0d794d70025d,anonymized,MIT License,2d artist animator creating all graphics and animations for a mobile game solo successfully managing two beginner illustrators on my team freelance illustration brand logo and merch projects photo editing for photostocks and advertising creating characters backgrounds objects character animations and ui for mobile games i work in photoshop illustrator after effects creating graphics in various styles can make stop motion animation frame by frame sprite animation 2d character animation in after effects and unity i speak english and polish 3 0 years
DJINNI-4174c236-1888-57d4-a920-06dd92031a12,"Diplomas in digital drawing and Spine animation from ArtCraft CG SchoCertificateoma of The Ultimate Drawing Course - Beginner to Advanced - Jaysen Batchelor 
Certificate of The Adobe Illustrator Mega Course - From Beginner to Advanced - Alan Ayoubi
Diploma ""Spine PRO: A complete 2D Caracter Animation Guid. Certification of The After Effects Motion Graphics Beast Course - Alan Ayoubi

I drew several sketches for a volunteering project that helps homeless animals in Odesa, Ukraine. These pics were printed on merchandise (cups, bags, notebooks) of ""HomeMe Fest"" – the fest for shelter animals.
 
I have created a cozy character project – from the first sketches to the final render and animated them. I drew it as a casual character for a mobile game.
Digital artist and Spine animator with
1.5 years of experience in 2D drawing, illustration and animation. 

Worked as a freelancer creating various digital illustrations & animations.

I`ll be happy to share the link to my portfolio in the chat
I hope to find a company with an excellent corporate culture looking to work with a talented 2D animator, which will help me grow and believe in my skills and quick learning.",Unity,Not Available,Not Available,1.5 years,2D Artist| Animator,Djinni Recruitment Dataset (English Candidate Profiles),https://huggingface.co/datasets/lang-uk/recruitment-dataset-candidate-profiles-english,4174c236-1888-57d4-a920-06dd92031a12,anonymized,MIT License,2d artist animator diplomas in digital drawing and spine animation from artcraft cg schocertificateoma of the ultimate drawing course beginner to advanced jaysen batchelor certificate of the adobe illustrator mega course from beginner to advanced alan ayoubi diploma spine pro a complete 2d caracter animation guid certification of the after effects motion graphics beast course alan ayoubi i drew several sketches for a volunteering project that helps homeless animals in odesa ukraine these pics were printed on merchandise cups bags notebooks of homeme fest the fest for shelter animals i have created a cozy character project from the first sketches to the final render and animated them i drew it as a casual character for a mobile game digital artist and spine animator with 1 5 years of experience in 2d drawing illustration and animation worked as a freelancer creating various digital illustrations animations i ll be happy to share the link to my portfolio in the chat i hope to find a company with an excellent corporate culture looking to work with a talented 2d animator which will help me grow and believe in my skills and quick learning 1 5 years
DJINNI-382f29e7-b851-58e2-a8b2-83fc95f8e6f2,"Illustrator  and  character  designer  with  10  years  of  experience  in  designing  complex  solutions.  I draw  by  hand  and  digital.  I  work  in  Photoshop, illustrator, Lightroom I  know  InDesign.",Design,Not Available,Not Available,11.0 years,"2d artist, Art lead",Djinni Recruitment Dataset (English Candidate Profiles),https://huggingface.co/datasets/lang-uk/recruitment-dataset-candidate-profiles-english,382f29e7-b851-58e2-a8b2-83fc95f8e6f2,anonymized,MIT License,2d artist art lead illustrator and character designer with 10 years of experience in designing complex solutions i draw by hand and digital i work in photoshop illustrator lightroom i know indesign 11 0 years
DJINNI-d88b5d48-fdc0-5eb1-9ca3-0ef6428f8827,"I've been working as a 2D Marketing Artist for 4+ years. I've worked as a graphic designer for 7 years before. I've been performing as an art lead for the past 2+ years. I produce the art, as well as handle the technical aspects of the art team, such as art processes, tools, task definitions and scheduling of tasks. I also communicate with monetisation and live ops managers to take into account their vision and product pipelines.",Artist,Not Available,Not Available,4.0 years,"2D Artist, Art Lead, Marketing Artist",Djinni Recruitment Dataset (English Candidate Profiles),https://huggingface.co/datasets/lang-uk/recruitment-dataset-candidate-profiles-english,d88b5d48-fdc0-5eb1-9ca3-0ef6428f8827,anonymized,MIT License,2d artist art lead marketing artist i ve been working as a 2d marketing artist for 4 years i ve worked as a graphic designer for 7 years before i ve been performing as an art lead for the past 2 years i produce the art as well as handle the technical aspects of the art team such as art processes tools task definitions and scheduling of tasks i also communicate with monetisation and live ops managers to take into account their vision and product pipelines 4 0 years
DJINNI-7f6ecdd5-1416-5147-a2c6-f69647a8e89b,"I have created a few projects by myself from start to finish and it was a cool experience! I'm`very proud that people gave me such opportunities. It was an important step for me as an artist.
Hi, my name is Alexandra and I'm a 2D artist\ Art Manager. I have started my journey in the industry by drawing storyboards for 2d videos, cartoons, and clips. Also, I had engaged in games of the Hidden Object genre, city builder, match3 Currently working in the field of slots games.
During my work in the industry, my responsibilities included: character development and design, UI design, drawing and rendering of characters, symbols and backgrounds, game elements in isometry, art preparation for animation. I also have been studied 3D sculpting and animation in the after-effect a bit. at my previous job, I grew into an art manager. my duties included the development and preparation of documentation, onboarding, feedback, development of art briefs for artists, etc.

I would like to find a place where I could improve my knowledge and skills. It is very important for me if my new team will encourage and welcome creativity and career growth.
I would like to find a place where I could improve my knowledge and skills. It is very important to me if my new team will encourage and welcome creativity and career growth.",Artist,Not Available,Not Available,7.0 years,2d artist / Art manager / Lead artist,Djinni Recruitment Dataset (English Candidate Profiles),https://huggingface.co/datasets/lang-uk/recruitment-dataset-candidate-profiles-english,7f6ecdd5-1416-5147-a2c6-f69647a8e89b,anonymized,MIT License,2d artist art manager lead artist i have created a few projects by myself from start to finish and it was a cool experience i m very proud that people gave me such opportunities it was an important step for me as an artist hi my name is alexandra and i m a 2d artist art manager i have started my journey in the industry by drawing storyboards for 2d videos cartoons and clips also i had engaged in games of the hidden object genre city builder match3 currently working in the field of slots games during my work in the industry my responsibilities included character development and design ui design drawing and rendering of characters symbols and backgrounds game elements in isometry art preparation for animation i also have been studied 3d sculpting and animation in the after effect a bit at my previous job i grew into an art manager my duties included the development and preparation of documentation onboarding feedback development of art briefs for artists etc i would like to find a place where i could improve my knowledge and skills it is very important for me if my new team will encourage and welcome creativity and career growth i would like to find a place where i could improve my knowledge and skills it is very important to me if my new team will encourage and welcome creativity and career growth 7 0 years
DJINNI-cf3c78d5-b9a0-51ba-ab4e-c10d66875f5d,"I have been studying to be a Game Artist in Advanced courses from Game Station Academy and during that time I have developed understanding of the art and design process. I am skilled in 2D art, working with layers to prepare them for further animation, making tiling and I experience with a variety of software and tools.
I am writing to apply for the open Casual Game Artist position that I saw on your website. I am confident that I have the skills that you are looking for, and I believe that I would be a valuable asset to your team.

I have been studying to be a Game Artist in courses Game Station Academy and during that time I have developed understanding of the art and design process. I am skilled in 2D art, working with layers, tiling and I experience with a variety of software and tools.

I am a highly motivated and hard-working individual, and I am always looking for new challenges and opportunities to learn. I am confident that I have the skills and experience to excel in this role, and I am eager to put my skills to work for your company.



If you would like to discuss this position further, or if you have any questions, please do not hesitate to contact me. I look forward to hearing from you.

Sincerely,

Yuliia Bilash",Artist,Not Available,Not Available,1.0 years,2D Artist Casual Isometric Concept Props,Djinni Recruitment Dataset (English Candidate Profiles),https://huggingface.co/datasets/lang-uk/recruitment-dataset-candidate-profiles-english,cf3c78d5-b9a0-51ba-ab4e-c10d66875f5d,anonymized,MIT License,2d artist casual isometric concept props i have been studying to be a game artist in advanced courses from game station academy and during that time i have developed understanding of the art and design process i am skilled in 2d art working with layers to prepare them for further animation making tiling and i experience with a variety of software and tools i am writing to apply for the open casual game artist position that i saw on your website i am confident that i have the skills that you are looking for and i believe that i would be a valuable asset to your team i have been studying to be a game artist in courses game station academy and during that time i have developed understanding of the art and design process i am skilled in 2d art working with layers tiling and i experience with a variety of software and tools i am a highly motivated and hard working individual and i am always looking for new challenges and opportunities to learn i am confident that i have the skills and experience to excel in this role and i am eager to put my skills to work for your company if you would like to discuss this position further or if you have any questions please do not hesitate to contact me i look forward to hearing from you sincerely yuliia bilash 1 0 years
DJINNI-97f263dd-d7a8-5688-af29-4a2e8a111398,"I am a 2D artist working in casual style. I prefer to create assets
 for  mobile games  and applications. I also do UI/UX design. 
My main responsibilities in these positions are:

Creation of prototypes and rendering of interface elements;
Creation of 2D graphics for casual mobile games;
Formation of a unified style of play;
Drawing casual backgrounds, characters, objects, environments,
interface elements;
Creation of advertising creativs;
Integrating interface solutions into product;
Work with libraries, components, guidelines, ui kit.
Animation, 3d",Artist,Not Available,Not Available,3.0 years,2d artist (casual) / UI,Djinni Recruitment Dataset (English Candidate Profiles),https://huggingface.co/datasets/lang-uk/recruitment-dataset-candidate-profiles-english,97f263dd-d7a8-5688-af29-4a2e8a111398,anonymized,MIT License,2d artist casual ui i am a 2d artist working in casual style i prefer to create assets for mobile games and applications i also do ui ux design my main responsibilities in these positions are creation of prototypes and rendering of interface elements creation of 2d graphics for casual mobile games formation of a unified style of play drawing casual backgrounds characters objects environments interface elements creation of advertising creativs integrating interface solutions into product work with libraries components guidelines ui kit animation 3d 3 0 years
DJINNI-24360bdb-1db0-5657-955d-4255a43dc1ee,"I have extensive experience in digital painting and have an academic background. 2 years of commercial work gave me the ability to work with deadlines. I can adapt well to a given style, deliver results quickly and efficiently.
I graduated from an art school and have a higher education in the field of design.
Fulfillment of private orders for the creation of illustrations, character concepts for printing, the creation of a mascot, the creation of illustrations for casual games
I want to gain experience in game development and develop in this field",Other,Not Available,Not Available,0.0 years,2D Artist/Character Artist,Djinni Recruitment Dataset (English Candidate Profiles),https://huggingface.co/datasets/lang-uk/recruitment-dataset-candidate-profiles-english,24360bdb-1db0-5657-955d-4255a43dc1ee,anonymized,MIT License,2d artist character artist i have extensive experience in digital painting and have an academic background 2 years of commercial work gave me the ability to work with deadlines i can adapt well to a given style deliver results quickly and efficiently i graduated from an art school and have a higher education in the field of design fulfillment of private orders for the creation of illustrations character concepts for printing the creation of a mascot the creation of illustrations for casual games i want to gain experience in game development and develop in this field 0 0 years
DJINNI-9a809d90-5db8-5ea1-969a-9574da9ead54,"I expect to work as 2D Character Artist,
I am burned out from working on casual art with extensive stylization (games for kids / hidden objects / farming games).
Have experience working as the only 2D artist on a long-term project.
Expanded my professional skills in each company.
Kept my passion for art despite working on projects I'm not excited to work on.",Artist,Not Available,Not Available,6.0 years,2D Artist\Character Artist,Djinni Recruitment Dataset (English Candidate Profiles),https://huggingface.co/datasets/lang-uk/recruitment-dataset-candidate-profiles-english,9a809d90-5db8-5ea1-969a-9574da9ead54,anonymized,MIT License,2d artist character artist i expect to work as 2d character artist i am burned out from working on casual art with extensive stylization games for kids hidden objects farming games have experience working as the only 2d artist on a long term project expanded my professional skills in each company kept my passion for art despite working on projects i m not excited to work on 6 0 years
DJINNI-dad6acef-19a5-5420-afd0-06891cf8e22e,"Creating art since I was 12. Mostly character design, but I have no problem with drawing diffirent props, icons and etc. I've created a lot of personal projects and animations. for the most part it was 2D Animation using Photoshop and After Effects, but also i've tried myself in traditional pen-and-paper and 3D animation using SFM and Garry's Mod.
I'm not really that good with the landscapes yet.",Artist,Not Available,Not Available,0.0 years,"2D artist,  character designer",Djinni Recruitment Dataset (English Candidate Profiles),https://huggingface.co/datasets/lang-uk/recruitment-dataset-candidate-profiles-english,dad6acef-19a5-5420-afd0-06891cf8e22e,anonymized,MIT License,2d artist character designer creating art since i was 12 mostly character design but i have no problem with drawing diffirent props icons and etc i ve created a lot of personal projects and animations for the most part it was 2d animation using photoshop and after effects but also i ve tried myself in traditional pen and paper and 3d animation using sfm and garry s mod i m not really that good with the landscapes yet 0 0 years
DJINNI-83f8b310-3d43-53df-8b66-6e1c573f4b93,"I specialize in creating art for slot games. I deeply understand the visual requirements for this type of game and am experienced in creating symbols, backgrounds, and UI elements that enhance the player experience. Additionally, I am able to adapt my style to work in different visual styles as needed, ensuring that my art meets the specific needs of each project.
I am a 2D artist looking for new challenges and experiences in the game development industry. I am passionate about creating concept art and illustrations that bring game worlds to life and am eager to work with new teams on exciting new projects. I am currently seeking a position with a game company where I can contribute my skills and creativity to help bring innovative games
As a 2D artist with 3 years of experience, I am eager to continue developing my skills in the game development industry. I am passionate about creating visually stunning game assets and am constantly seeking new challenges to expand my knowledge and abilities. I am currently seeking a new position where I can contribute my expertise to exciting game projects and grow as a professional artist.",Artist,Not Available,Not Available,3.0 years,2d artist / concept artist,Djinni Recruitment Dataset (English Candidate Profiles),https://huggingface.co/datasets/lang-uk/recruitment-dataset-candidate-profiles-english,83f8b310-3d43-53df-8b66-6e1c573f4b93,anonymized,MIT License,2d artist concept artist i specialize in creating art for slot games i deeply understand the visual requirements for this type of game and am experienced in creating symbols backgrounds and ui elements that enhance the player experience additionally i am able to adapt my style to work in different visual styles as needed ensuring that my art meets the specific needs of each project i am a 2d artist looking for new challenges and experiences in the game development industry i am passionate about creating concept art and illustrations that bring game worlds to life and am eager to work with new teams on exciting new projects i am currently seeking a position with a game company where i can contribute my skills and creativity to help bring innovative games as a 2d artist with 3 years of experience i am eager to continue developing my skills in the game development industry i am passionate about creating visually stunning game assets and am constantly seeking new challenges to expand my knowledge and abilities i am currently seeking a new position where i can contribute my expertise to exciting game projects and grow as a professional artist 3 0 years
DJINNI-52d1e3c4-0600-57b9-9d27-741de6a65cb6,"Art education and digital painting courses
Freelance for 3 months
I am looking for a company that loves own work. A company that is directed to the development of colleagues and supports them. A company for which the quality of artwork is important.
I will be grateful for your feedback.
Discussed in conversation",Artist,Not Available,Not Available,0.0 years,"2d artist, concept artist",Djinni Recruitment Dataset (English Candidate Profiles),https://huggingface.co/datasets/lang-uk/recruitment-dataset-candidate-profiles-english,52d1e3c4-0600-57b9-9d27-741de6a65cb6,anonymized,MIT License,2d artist concept artist art education and digital painting courses freelance for 3 months i am looking for a company that loves own work a company that is directed to the development of colleagues and supports them a company for which the quality of artwork is important i will be grateful for your feedback discussed in conversation 0 0 years
DJINNI-ae03e100-f76b-52f1-80ad-14e429a2181d,"I graduated architecture. I am working in GameDev as 2d artist. I am interested in concepting of objects, characters and environment. And I always open for studying something new for me.",Artist,Not Available,Not Available,4.0 years,"2d artist, concept artist",Djinni Recruitment Dataset (English Candidate Profiles),https://huggingface.co/datasets/lang-uk/recruitment-dataset-candidate-profiles-english,ae03e100-f76b-52f1-80ad-14e429a2181d,anonymized,MIT License,2d artist concept artist i graduated architecture i am working in gamedev as 2d artist i am interested in concepting of objects characters and environment and i always open for studying something new for me 4 0 years
DJINNI-3e245128-742f-5a0a-b32e-a4c5bcd03331,"I have experience with part-time freelance projects , drawing characters and items , fulfilment of individual orders 
Also I worked as 2d artist and concept artist in private company A-ravlik studio 

Creation of game icons, items and character concepts for sale on stock platforms",Artist,Not Available,Not Available,2.0 years,"2d artist, concept artist",Djinni Recruitment Dataset (English Candidate Profiles),https://huggingface.co/datasets/lang-uk/recruitment-dataset-candidate-profiles-english,3e245128-742f-5a0a-b32e-a4c5bcd03331,anonymized,MIT License,2d artist concept artist i have experience with part time freelance projects drawing characters and items fulfilment of individual orders also i worked as 2d artist and concept artist in private company a ravlik studio creation of game icons items and character concepts for sale on stock platforms 2 0 years
DJINNI-6f0ea150-1b90-57ba-b526-5fb1264d59a3,"I have been working in the company for 8
months, I have been doing all the duties of a 2D
artist, cutting and preparing art for animation in
spine, as well as preparing art for engines in
Unity, I have led several projects on my own
without top management

My portfolio https://polly_mini.artstation.com",Artist,Not Available,Not Available,1.0 years,2d artist/ concept artist,Djinni Recruitment Dataset (English Candidate Profiles),https://huggingface.co/datasets/lang-uk/recruitment-dataset-candidate-profiles-english,6f0ea150-1b90-57ba-b526-5fb1264d59a3,anonymized,MIT License,2d artist concept artist i have been working in the company for 8 months i have been doing all the duties of a 2d artist cutting and preparing art for animation in spine as well as preparing art for engines in unity i have led several projects on my own without top management my portfolio 1 0 years
DJINNI-98e87ea4-1ba2-5f3a-aa57-830272255f89,"2d artist/narrative designer/game designer, MHG LLC · Contract
Mar 2020 — Aug 2020, Tbilisi/remote
Creation of 2D assets, thinking through narrative and game design.
2d artist, N-iX · Freelance
May 2020 — Feb 2022, Lviv
Project work for various mobile games
2d artist, Inkration Studio · Full-time
Jan 2021 — Oct 2021, Lviv
Gambling/illustrations/mobile games
2d artist, Stepico · Full-time
Oct 2021 — May 2023, Lviv
Gambling/concept art/mobile game",Artist,Not Available,Not Available,4.0 years,2d artist/concept artist,Djinni Recruitment Dataset (English Candidate Profiles),https://huggingface.co/datasets/lang-uk/recruitment-dataset-candidate-profiles-english,98e87ea4-1ba2-5f3a-aa57-830272255f89,anonymized,MIT License,2d artist concept artist 2d artist narrative designer game designer mhg llc contract mar 2020 aug 2020 tbilisi remote creation of 2d assets thinking through narrative and game design 2d artist n ix freelance may 2020 feb 2022 lviv project work for various mobile games 2d artist inkration studio full time jan 2021 oct 2021 lviv gambling illustrations mobile games 2d artist stepico full time oct 2021 may 2023 lviv gambling concept art mobile game 4 0 years
DJINNI-d4837c4c-77b9-57a5-ab25-c4d0a83e62a1,"I have over 3 years of experience in game development.  
I create graphics for games (from concept to final). 
Work experience: 
- experience in creating a game from scratch. 
- skills in creating concepts: props, locations, characters. 
- speedpaint basic ideas
- knowledge of coloristics, composition, basics of perspective. The ability to use them correctly
- work with 3D packages (Blender, Zbrush).",Artist,Not Available,Not Available,3.0 years,2d artist/concept artist,Djinni Recruitment Dataset (English Candidate Profiles),https://huggingface.co/datasets/lang-uk/recruitment-dataset-candidate-profiles-english,d4837c4c-77b9-57a5-ab25-c4d0a83e62a1,anonymized,MIT License,2d artist concept artist i have over 3 years of experience in game development i create graphics for games from concept to final work experience experience in creating a game from scratch skills in creating concepts props locations characters speedpaint basic ideas knowledge of coloristics composition basics of perspective the ability to use them correctly work with 3d packages blender zbrush 3 0 years
DJINNI-ed656f9b-65cf-523b-9a4e-6c4966c88397,"• Illustrator and Game Artist - Marble Heroes (1 year). Participated in the development and creation of UI design for the game. Developed characters, environment concepts, as well as auxiliary elements (cards, icons, etc.). Created illustrations for advertising banners and posters.
• Illustrator and Game Artist – Farmer and Thief. Developed characters design, environment concepts.
• Three years of experience in working with foreign customers in the development, creation and maintenance of artworks, in the mode of free employment.
• Development and implementation of concepts, design of the Cup-Cup and Сoffeopia coffee shops (signboard, lightbox, interior painting, logo), I carried out their implementation independently. Selection and preparation of materials for work.
Advanced training, development of professional skills, implementation of non-trivial projects, achievement of high results in the artistic field, participation in interesting and creative tasks, work with a team of professionals.",Artist,Not Available,Not Available,3.0 years,"2d Artist, Concept artist",Djinni Recruitment Dataset (English Candidate Profiles),https://huggingface.co/datasets/lang-uk/recruitment-dataset-candidate-profiles-english,ed656f9b-65cf-523b-9a4e-6c4966c88397,anonymized,MIT License,2d artist concept artist illustrator and game artist marble heroes 1 year participated in the development and creation of ui design for the game developed characters environment concepts as well as auxiliary elements cards icons etc created illustrations for advertising banners and posters illustrator and game artist farmer and thief developed characters design environment concepts three years of experience in working with foreign customers in the development creation and maintenance of artworks in the mode of free employment development and implementation of concepts design of the cup cup and offeopia coffee shops signboard lightbox interior painting logo i carried out their implementation independently selection and preparation of materials for work advanced training development of professional skills implementation of non trivial projects achievement of high results in the artistic field participation in interesting and creative tasks work with a team of professionals 3 0 years
DJINNI-a8c9f8bd-0f9d-5d65-b0df-9c96b821e814,"I want to work in a team for a long time.I would really like to work on interesting projects with diverse tasks.

WORK EXPERIENCE 
2020 - 2021
FREELANCE COMISSIONS: Concept art; Character design; Illustration;

2020 - 2022
FREELANCE GAME ART: 4 different projects
1) concept of characters for tabletop RPG
2) concept of characters for MMOrpg + prepared characters for animation 
3) concept art of characters (for 3D models) for strategy game
4) environment concept photobushing

I’ve completed XYZ course “Concept Art”
Not a fun of creating icons, printing, advertising design.",Artist,Not Available,Not Available,1.5 years,2d Artist / Concept Artist,Djinni Recruitment Dataset (English Candidate Profiles),https://huggingface.co/datasets/lang-uk/recruitment-dataset-candidate-profiles-english,a8c9f8bd-0f9d-5d65-b0df-9c96b821e814,anonymized,MIT License,2d artist concept artist i want to work in a team for a long time i would really like to work on interesting projects with diverse tasks work experience 2020 2021 freelance comissions concept art character design illustration 2020 2022 freelance game art 4 different projects 1 concept of characters for tabletop rpg 2 concept of characters for mmorpg prepared characters for animation 3 concept art of characters for 3d models for strategy game 4 environment concept photobushing i ve completed xyz course concept art not a fun of creating icons printing advertising design 1 5 years
DJINNI-25a3e1f2-c9be-56b7-bcfb-7a9c254db4a1,"Hello everyone! I am an I'm professional 2D Artist and an Illustrator. I have 3 years of experience as a 2d artist in game dev. I have created concepts and drew final illustrations in different styles for mobile casual and PC games.

SUMMARY:
Creating realistiс and cartoon-style backgrounds (environment) from sketch to the final result
Matte painting
Drawing of all kinds of landscapes and interiors
Huge interest in animation and film production
Good organizational skills
Good written and verbal communication skills (English - Upper-Intermediate, Russian and Ukrainian - native)

TECHNICAL SKILLS:
Expert knowledge of Photoshop, Illustrator
Proficient in Figma
Familiar with Corel Draw, AfterEffect
Hand drawing skills.

WORK EXPERIENCE:

Whimsy Games - CG artist (Apr 2021 – Oct 2021)
work closely with Lead Art in order to get the best possible solutions in improving artistic aspects of companies projects
work on backgrounds/environment, concepts, marketing screens

Whaleapp LTD - 2d artist (Feb 2019 – Jan 2021)
titles worked on: Hidden Hotel, Hotel Blast, Resort Hotel, Rancho Blast, Hollywood Legends
final drawing of game elements (backgrounds, characters, props, collections, etc.).
concept of game elements (environment and items).
drawing in a casual style, in the style of cartoon and hyper-casual.

Ers Game Studios Llp - 2d artist (Mar 2018 – Feb 2019)
drawing final illustrations for games (locations, zooms, props)
concepting game elements
I'm looking for a job where I can be creative, passionate, and useful. I love studying and I hope to bring something new to future projects.",Design,Not Available,Not Available,3.0 years,2d Artist/ Concept Artist,Djinni Recruitment Dataset (English Candidate Profiles),https://huggingface.co/datasets/lang-uk/recruitment-dataset-candidate-profiles-english,25a3e1f2-c9be-56b7-bcfb-7a9c254db4a1,anonymized,MIT License,2d artist concept artist hello everyone i am an i m professional 2d artist and an illustrator i have 3 years of experience as a 2d artist in game dev i have created concepts and drew final illustrations in different styles for mobile casual and pc games summary creating realisti and cartoon style backgrounds environment from sketch to the final result matte painting drawing of all kinds of landscapes and interiors huge interest in animation and film production good organizational skills good written and verbal communication skills english upper intermediate russian and ukrainian native technical skills expert knowledge of photoshop illustrator proficient in figma familiar with corel draw aftereffect hand drawing skills work experience whimsy games cg artist apr 2021 oct 2021 work closely with lead art in order to get the best possible solutions in improving artistic aspects of companies projects work on backgrounds environment concepts marketing screens whaleapp ltd 2d artist feb 2019 jan 2021 titles worked on hidden hotel hotel blast resort hotel rancho blast hollywood legends final drawing of game elements backgrounds characters props collections etc concept of game elements environment and items drawing in a casual style in the style of cartoon and hyper casual ers game studios llp 2d artist mar 2018 feb 2019 drawing final illustrations for games locations zooms props concepting game elements i m looking for a job where i can be creative passionate and useful i love studying and i hope to bring something new to future projects 3 0 years
DJINNI-576bd039-3cc8-5da0-b2fa-b8e43d9d90fe,"KEY SKILLS AND COMPETENCIES
• traditional 2D design and drafting skills
• able to work on a multitude of different subjects to various levels of completion
• strong knowledge of art theory (composition, color, anatomy, art history, etc.)
• high freehand drawing and sketching skill
• experienced in all levels of a concept art pipeline from high concept paintings to individual breakout sheets and turnarounds
• expert level in required software (Photoshop, Illustrator)
• interested in videogames

PERSONAL SKILLS
•	Academic-based
•	Thinking creatively
•	Perfectionist
•	Communication skills
•	English speaker
I hope to find a work which will give me opportunity to improve my skills. And it will be nice to work with a team of good lads.",Design,Not Available,Not Available,4.0 years,2D artist / concept artist,Djinni Recruitment Dataset (English Candidate Profiles),https://huggingface.co/datasets/lang-uk/recruitment-dataset-candidate-profiles-english,576bd039-3cc8-5da0-b2fa-b8e43d9d90fe,anonymized,MIT License,2d artist concept artist key skills and competencies traditional 2d design and drafting skills able to work on a multitude of different subjects to various levels of completion strong knowledge of art theory composition color anatomy art history etc high freehand drawing and sketching skill experienced in all levels of a concept art pipeline from high concept paintings to individual breakout sheets and turnarounds expert level in required software photoshop illustrator interested in videogames personal skills academic based thinking creatively perfectionist communication skills english speaker i hope to find a work which will give me opportunity to improve my skills and it will be nice to work with a team of good lads 4 0 years
DJINNI-78a465eb-4ef6-52c4-ab44-177a5b0cdf0b,"I have been studying the basics of drawing for 10 years now. At first it was only traditional drawing, but 5 years ago I have started to learn CG art. I also have a Bachelor at the Polytechnic University of Valencia, majoring in illustration and animation. I have completed my studies at the XYZ school in the specialty ""Concept art"" and ""3D art for games"".
I am an artist from Ukraine. I have been studying drawing throughout my life, graduated with a bachelor's degree in art as well as a large number of master classes and courses. I have a vast understanding of a human anatomy, color theory and entire classical drawing theory.

- I have an experience in creating characters and environments.
- One of my favorite things to do is to come up with ideas and bring them to life, so I would like to work on your project!
I look forward to participate in interesting and developing projects, as well as working with people from all over the world.",Artist,Not Available,Not Available,2.5 years,"2D artist, concept artist",Djinni Recruitment Dataset (English Candidate Profiles),https://huggingface.co/datasets/lang-uk/recruitment-dataset-candidate-profiles-english,78a465eb-4ef6-52c4-ab44-177a5b0cdf0b,anonymized,MIT License,2d artist concept artist i have been studying the basics of drawing for 10 years now at first it was only traditional drawing but 5 years ago i have started to learn cg art i also have a bachelor at the polytechnic university of valencia majoring in illustration and animation i have completed my studies at the xyz school in the specialty concept art and 3d art for games i am an artist from ukraine i have been studying drawing throughout my life graduated with a bachelor s degree in art as well as a large number of master classes and courses i have a vast understanding of a human anatomy color theory and entire classical drawing theory i have an experience in creating characters and environments one of my favorite things to do is to come up with ideas and bring them to life so i would like to work on your project i look forward to participate in interesting and developing projects as well as working with people from all over the world 2 5 years
DJINNI-c04e6b7b-715d-5c55-993a-4119ba839072,"Excellent work in different art departments in different styles. Not a single one from a burning deadline, respected by colleagues for responsibility, discipline, accuracy and creativity. Excellent communication within the team, as well as with game designers, animators and art director. Soft and effective supervision of interns. 100% involvement in the development of the project.
One published game and another one on the way
Highly qualified CG artist (2D, 3D, concept art) with 5 years of gamedev experience. I had worked on such top projects as “Manor Matters” and other. Huge experience in the creation of high-quality environ andments, characters, objects, storyboards and UI. Full cycle of isometric graphics development for top-level mobile games. Creation of realistic game-ready PBR-textured low-poly objects.
Strong knowledge of colour theory, composition, light and anatomy. Work in different art styles. Huge experience in cartoon style art.
I would like to have a full-time remote permanent job",Artist,Not Available,Not Available,5.0 years,2D artist / Concept artist,Djinni Recruitment Dataset (English Candidate Profiles),https://huggingface.co/datasets/lang-uk/recruitment-dataset-candidate-profiles-english,c04e6b7b-715d-5c55-993a-4119ba839072,anonymized,MIT License,2d artist concept artist excellent work in different art departments in different styles not a single one from a burning deadline respected by colleagues for responsibility discipline accuracy and creativity excellent communication within the team as well as with game designers animators and art director soft and effective supervision of interns 100 involvement in the development of the project one published game and another one on the way highly qualified cg artist 2d 3d concept art with 5 years of gamedev experience i had worked on such top projects as manor matters and other huge experience in the creation of high quality environ andments characters objects storyboards and ui full cycle of isometric graphics development for top level mobile games creation of realistic game ready pbr textured low poly objects strong knowledge of colour theory composition light and anatomy work in different art styles huge experience in cartoon style art i would like to have a full time remote permanent job 5 0 years
DJINNI-c9f22d4e-12f4-5617-8ea0-e4ab7a50fd46,"05/2022-present I worked in GrandMAStudios as a 2DArtist. Creating zoom zones using Adobe Photoshop (photobash) (Games - Reflections of Life, Mystery Case Files, Whispered Secrets)

3 years i worked in the Foxminded company as a freelance graphic designer.",Artist,Not Available,Not Available,1.5 years,"2D artist, Concept artist",Djinni Recruitment Dataset (English Candidate Profiles),https://huggingface.co/datasets/lang-uk/recruitment-dataset-candidate-profiles-english,c9f22d4e-12f4-5617-8ea0-e4ab7a50fd46,anonymized,MIT License,2d artist concept artist 05 2022 present i worked in grandmastudios as a 2dartist creating zoom zones using adobe photoshop photobash games reflections of life mystery case files whispered secrets 3 years i worked in the foxminded company as a freelance graphic designer 1 5 years
DJINNI-f1aab530-1f7e-5add-b4ad-cdf468bdc10a,"I am a self-taught artist and drawing has been my biggest passion since 2015.
In 2018 I had a chance to work on a character concept for the Revolution Fist Studio. It was a collaborative process during which we together with the Art Director iterated on the character development according to customer's requirements and feedback. This resulted in a character concept for a mobile quest game. In 2019 I completed a CG Spectrum course in concept art where I worked on a character concept for an RPG fantasy game. 
In addition to my passion for digital and traditional art, I hold a Ph.D. degree in civil engineering. For the past six years, I have been working at the State Road Construction Agency of Ukraine where I most recently was leading a digital transformation project focused on the support of the paperless workflow.",Artist,Not Available,Not Available,2.0 years,2D artist/Concept artist,Djinni Recruitment Dataset (English Candidate Profiles),https://huggingface.co/datasets/lang-uk/recruitment-dataset-candidate-profiles-english,f1aab530-1f7e-5add-b4ad-cdf468bdc10a,anonymized,MIT License,2d artist concept artist i am a self taught artist and drawing has been my biggest passion since 2015 in 2018 i had a chance to work on a character concept for the revolution fist studio it was a collaborative process during which we together with the art director iterated on the character development according to customer s requirements and feedback this resulted in a character concept for a mobile quest game in 2019 i completed a cg spectrum course in concept art where i worked on a character concept for an rpg fantasy game in addition to my passion for digital and traditional art i hold a ph d degree in civil engineering for the past six years i have been working at the state road construction agency of ukraine where i most recently was leading a digital transformation project focused on the support of the paperless workflow 2 0 years
DJINNI-c196c544-446b-538f-8c70-eefd3471350f,"I have a huge passion for art.
So I swiched my career path from IT Recruiter/HR activity (4+ years) to 2D concept artist in April 2019.
I work with Wacom graphic tablet, able to do hand drawings and develop art from sketch to final artwork.
I was working on mobile games as 2D concept artist and using 3D modeling in Blender as well for blockout/overpaint.

- Experienced in Photoshop, Adobe Illustrator, Procreate
- Creating concept art, 3D blockout, icons, etc.
- Knowledge of Blender, Affinity Designer
- Freehand drawing and sketching skill
- Zbrush/Cinema 4D/After Effects - basic level
artstation.com /makarovart
Concept art (designing characters, objects, backgrounds etc.).
3D concepting (objects, buildings, etc.).
Creating UI-elements and icons, preparing moodboards and references for my team.
Developing art from sketch to final state.",Artist,Not Available,Not Available,2.5 years,2D artist/ Concept Artist,Djinni Recruitment Dataset (English Candidate Profiles),https://huggingface.co/datasets/lang-uk/recruitment-dataset-candidate-profiles-english,c196c544-446b-538f-8c70-eefd3471350f,anonymized,MIT License,2d artist concept artist i have a huge passion for art so i swiched my career path from it recruiter hr activity 4 years to 2d concept artist in april 2019 i work with wacom graphic tablet able to do hand drawings and develop art from sketch to final artwork i was working on mobile games as 2d concept artist and using 3d modeling in blender as well for blockout overpaint experienced in photoshop adobe illustrator procreate creating concept art 3d blockout icons etc knowledge of blender affinity designer freehand drawing and sketching skill zbrush cinema 4d after effects basic level artstation com makarovart concept art designing characters objects backgrounds etc 3d concepting objects buildings etc creating ui elements and icons preparing moodboards and references for my team developing art from sketch to final state 2 5 years
DJINNI-81867463-363c-5ebe-8716-4c1d25d243a8,"M:Dusa CG concept art winner
Creating different types of 2D game graphics and concepts, from scratch to finish - characters, locations, isometric buildings, props, maps, backgrounds, and icons (symbols) for slots games. Have basic knowledge of 3D software Blender. Conversational level of English grammar is Okay as well ;) 
I prefer to work in a product company remotely. To create concepts, sketches, and final 2D game art, tight to the industry pipeline, to the clear and well-organized description.
Also experienced in the NFT industry have NFT creating, and selling experience. Familiar with AI Midjorney generative art creation.
I don`t want to work on 2D platformer-type game art or pixel art and suffer from micro-management.",Other,Not Available,Not Available,4.0 years,2D Artist / Concept  Artist,Djinni Recruitment Dataset (English Candidate Profiles),https://huggingface.co/datasets/lang-uk/recruitment-dataset-candidate-profiles-english,81867463-363c-5ebe-8716-4c1d25d243a8,anonymized,MIT License,2d artist concept artist m dusa cg concept art winner creating different types of 2d game graphics and concepts from scratch to finish characters locations isometric buildings props maps backgrounds and icons symbols for slots games have basic knowledge of 3d software blender conversational level of english grammar is okay as well i prefer to work in a product company remotely to create concepts sketches and final 2d game art tight to the industry pipeline to the clear and well organized description also experienced in the nft industry have nft creating and selling experience familiar with ai midjorney generative art creation i don t want to work on 2d platformer type game art or pixel art and suffer from micro management 4 0 years
DJINNI-ed163cc7-df89-55c3-9999-20a27a8c3fcd,"I have released projects in games, the development was from idea to final concept
My experience as a 2D artist is 3 years,
In the first company, I developed illustrations for subsequent printing.
Now I'm working as a Lead 2D artist for a year,
my work includes
- concepts in different styles (hypercasual, realism, casual)
-UI
- drawing icons and loading screens
Also, my work includes teaching other artists.
I work mainly in Procreate, I know Adobe Photoshop, Figma, Blender
I constantly improve my skills by taking courses
I’m sure I don’t want to do UI, because I don’t enjoy it, I know it at basic level, I can make layout.",Artist,Not Available,Not Available,3.0 years,2D Artist / Concept Artist,Djinni Recruitment Dataset (English Candidate Profiles),https://huggingface.co/datasets/lang-uk/recruitment-dataset-candidate-profiles-english,ed163cc7-df89-55c3-9999-20a27a8c3fcd,anonymized,MIT License,2d artist concept artist i have released projects in games the development was from idea to final concept my experience as a 2d artist is 3 years in the first company i developed illustrations for subsequent printing now i m working as a lead 2d artist for a year my work includes concepts in different styles hypercasual realism casual ui drawing icons and loading screens also my work includes teaching other artists i work mainly in procreate i know adobe photoshop figma blender i constantly improve my skills by taking courses i m sure i don t want to do ui because i don t enjoy it i know it at basic level i can make layout 3 0 years
DJINNI-6fb38b79-fd2c-592c-921e-0eb5d9e249e6,"I worked on game industry's projects which entered the market. 100% Job Success and Top Rated on Upwork
2 years of work experience (freelance). i worked on vector illustrations for animation, concept art, character design, props and game assets for video games, NFT projects, game art and more. I can work in 3D too. I know 3D Max and Blender (base skills).
Also, I continue to studying more and create my personal projects.
I'll be glad to work on video-game projects.
I don't create UI/UX design, logo, fonts, animation and other design skills",Artist,Not Available,Not Available,2.0 years,"2D Artist, Concept Artist",Djinni Recruitment Dataset (English Candidate Profiles),https://huggingface.co/datasets/lang-uk/recruitment-dataset-candidate-profiles-english,6fb38b79-fd2c-592c-921e-0eb5d9e249e6,anonymized,MIT License,2d artist concept artist i worked on game industry s projects which entered the market 100 job success and top rated on upwork 2 years of work experience freelance i worked on vector illustrations for animation concept art character design props and game assets for video games nft projects game art and more i can work in 3d too i know 3d max and blender base skills also i continue to studying more and create my personal projects i ll be glad to work on video game projects i don t create ui ux design logo fonts animation and other design skills 2 0 years
DJINNI-e03fc6ad-0ba6-5842-8e63-d3a25dad27fc,"Concept art, sketching for environment, indoor and outdoor scenes and locations (casual games, video slot games, card games, illustrations);
Props and icons design and final art;
UI elements design (menus, buttons, frames);
Creating 3D blockouts for artists to overpaint;
Final 2D render for icons, backgrounds, props, illustrations.

Job Experience

2016 - 2017 - Freelance:
 Absolutist (Ukraine) - HOG.
 Upwork (Freelance service) - icons.

2017 - 2020 - Volmi Games:
 HOPA, HOG: background sketching, items lists, items placement, backgrounds and
items overpaint, source file preparation.
 Casino Slot games: background sketching and rendering, creating ui elements (reels,
buttons, logos, pop-up menus).
 Illustrations sketches, final render from scratch and with 3D models overpaint.
 Environment concepts and sketches.

2020 - present - Stakelogic
 Video Slots: backgrounds, icon, ui elements sketching; final art of icons, ui elements;
source files and assets delivery",Design,Not Available,Not Available,5.0 years,"2D Artist, Concept Artist",Djinni Recruitment Dataset (English Candidate Profiles),https://huggingface.co/datasets/lang-uk/recruitment-dataset-candidate-profiles-english,e03fc6ad-0ba6-5842-8e63-d3a25dad27fc,anonymized,MIT License,2d artist concept artist concept art sketching for environment indoor and outdoor scenes and locations casual games video slot games card games illustrations props and icons design and final art ui elements design menus buttons frames creating 3d blockouts for artists to overpaint final 2d render for icons backgrounds props illustrations job experience 2016 2017 freelance absolutist ukraine hog upwork freelance service icons 2017 2020 volmi games hopa hog background sketching items lists items placement backgrounds and items overpaint source file preparation casino slot games background sketching and rendering creating ui elements reels buttons logos pop up menus illustrations sketches final render from scratch and with 3d models overpaint environment concepts and sketches 2020 present stakelogic video slots backgrounds icon ui elements sketching final art of icons ui elements source files and assets delivery 5 0 years
DJINNI-e3f2d810-8525-5d2b-b263-2dc6dfcd3ff2,"I'm an amateur freelance 2d artist working for game development. Passionate for this job, self-critical and dedicated.
I would really like to join a creative product team of any size, learning new techniques and be able to grow professionally.",Other,Not Available,Not Available,1.5 years,"2D Artist, Concept Artist",Djinni Recruitment Dataset (English Candidate Profiles),https://huggingface.co/datasets/lang-uk/recruitment-dataset-candidate-profiles-english,e3f2d810-8525-5d2b-b263-2dc6dfcd3ff2,anonymized,MIT License,2d artist concept artist i m an amateur freelance 2d artist working for game development passionate for this job self critical and dedicated i would really like to join a creative product team of any size learning new techniques and be able to grow professionally 1 5 years
DJINNI-00fec187-2c40-5b76-8770-73462e3bde2d,"I have sucsessfull cooperative project - webcomics in manga style that is completely illustrated by me.
I've 3 years experience with different freelance projects on Upwork website, where I currently working. I prefer to work with a characters design in anime and but I also familiar with realistic style. I have a good command of Adobe Photoshop, Procreate and a graphics tablet.
I just want to have experience with team working and learn more from professionals.",Other,Not Available,Not Available,3.0 years,"2D Artist, Concept Artist",Djinni Recruitment Dataset (English Candidate Profiles),https://huggingface.co/datasets/lang-uk/recruitment-dataset-candidate-profiles-english,00fec187-2c40-5b76-8770-73462e3bde2d,anonymized,MIT License,2d artist concept artist i have sucsessfull cooperative project webcomics in manga style that is completely illustrated by me i ve 3 years experience with different freelance projects on upwork website where i currently working i prefer to work with a characters design in anime and but i also familiar with realistic style i have a good command of adobe photoshop procreate and a graphics tablet i just want to have experience with team working and learn more from professionals 3 0 years
DJINNI-dd3d5f15-c12a-5aff-a5e8-f5125597bc01,"My name is Anton. I have been working as 2D artist . My main drawing style is casual. I like to create something new.

My basic skills:

-   Concept Art
-   Illustrations
-   Rendering
-   Characters creation
-   Concept Art of game area
-   Casual graphics for games
-   Classic animation creation
-   Caricatures in Simpsons and Disney styles
-   Other art projects (fantasy maps, playing cards, logos, etc.)
 
I use the following software in my work:

-   Adobe Photoshop (high level)
-   Adobe Illustrator (high level)
-   Stable Diffusion (intermediate level)
-   Procreate (high level)
 
In addition to work, I am also developing and improving my skills in Concept Art.

I am planning to study and develop constantly, because with new skills I can create bigger and more interesting worlds and characters.",Other,Not Available,Not Available,4.0 years,"2D Artist, Concept Artist",Djinni Recruitment Dataset (English Candidate Profiles),https://huggingface.co/datasets/lang-uk/recruitment-dataset-candidate-profiles-english,dd3d5f15-c12a-5aff-a5e8-f5125597bc01,anonymized,MIT License,2d artist concept artist my name is anton i have been working as 2d artist my main drawing style is casual i like to create something new my basic skills concept art illustrations rendering characters creation concept art of game area casual graphics for games classic animation creation caricatures in simpsons and disney styles other art projects fantasy maps playing cards logos etc i use the following software in my work adobe photoshop high level adobe illustrator high level stable diffusion intermediate level procreate high level in addition to work i am also developing and improving my skills in concept art i am planning to study and develop constantly because with new skills i can create bigger and more interesting worlds and characters 4 0 years
DJINNI-41be8c0d-b3d9-5d4c-8808-a3b26f221ddf,"Hello! My name is Olga, I'm an artist in the entertainment industry looking for a new adventure in work! 

I do environments/backgrounds both design and painting/prop design, game elements and illustrations. 

I have several years of experience in game dev - in outsource companies, and product, as an artist and as a lead artist/art director too.

I was: 
-doing props, backgrounds and environments from scratch to final, icons, illustrations, rough UI design
- making moodboards for the projects to find the right mood and style 
- doing rough UI design to find the right direction for further development 
-supporting  artists, providing feedbacks, organizing work in general
- cooperating closely with the developers, game designers, and animators

Also, I have an experience in the animation industry as an artist and supervisor. 

I have basic knowledge of Blender and Gravity Sketch, I'm using them actively to speed the process and for some level up of projects. 

Hope to find new exciting projects and teams, where I can suit well with my skills, realize myself as an artist and/or art lead and learn something new.",Artist,Not Available,Not Available,5.0 years,"2D artist, concept artist, art lead, art director",Djinni Recruitment Dataset (English Candidate Profiles),https://huggingface.co/datasets/lang-uk/recruitment-dataset-candidate-profiles-english,41be8c0d-b3d9-5d4c-8808-a3b26f221ddf,anonymized,MIT License,2d artist concept artist art lead art director hello my name is olga i m an artist in the entertainment industry looking for a new adventure in work i do environments backgrounds both design and painting prop design game elements and illustrations i have several years of experience in game dev in outsource companies and product as an artist and as a lead artist art director too i was doing props backgrounds and environments from scratch to final icons illustrations rough ui design making moodboards for the projects to find the right mood and style doing rough ui design to find the right direction for further development supporting artists providing feedbacks organizing work in general cooperating closely with the developers game designers and animators also i have an experience in the animation industry as an artist and supervisor i have basic knowledge of blender and gravity sketch i m using them actively to speed the process and for some level up of projects hope to find new exciting projects and teams where i can suit well with my skills realize myself as an artist and or art lead and learn something new 5 0 years
DJINNI-0b51917b-c14d-54d5-9f2b-ab92b18f47c1,"2D Artist at Yarki Studio
September 2017 - October 2019
Various projects
∙ Working with different styles
∙ Creating overall game aesthetic
∙ Characters and props concept and finalization
∙ Icons concept and finalization
Technologies/Tools: Photoshop, Illustrator

***

Freelance Artist
November 2019 - November 2020
Various projects
∙ Creating custom illustrations
∙ Creating character concepts in my personal style
∙ Recreating already established characters design in my personal style
Technologies/Tools: Photoshop, Procreate

***

2D Artist at Playrix 
December 2020 - March 2021
Fishdom project
∙ Developing concepts and ideas
∙ Creating sketches for characters and decorations in assigned style
∙ Rendering and finalization
Technologies/Tools: Photoshop

***

2D Artist at YozmaTech
June 2022 - February 2023
Bingo Drive project
∙ Character design for illustrations and animation
∙ Creating illustrations from scratch
∙ Working with different expressions and angles of a character
Technologies/Tools: Photoshop, Procreate

***

Education
National Technical University of Ukraine Kyiv Polytechnic Institute: Graphic Art and Design
2014-2018",Artist,Not Available,Not Available,4.0 years,"2D Artist, Concept Artist, Character Artist",Djinni Recruitment Dataset (English Candidate Profiles),https://huggingface.co/datasets/lang-uk/recruitment-dataset-candidate-profiles-english,0b51917b-c14d-54d5-9f2b-ab92b18f47c1,anonymized,MIT License,2d artist concept artist character artist 2d artist at yarki studio september 2017 october 2019 various projects working with different styles creating overall game aesthetic characters and props concept and finalization icons concept and finalization technologies tools photoshop illustrator freelance artist november 2019 november 2020 various projects creating custom illustrations creating character concepts in my personal style recreating already established characters design in my personal style technologies tools photoshop procreate 2d artist at playrix december 2020 march 2021 fishdom project developing concepts and ideas creating sketches for characters and decorations in assigned style rendering and finalization technologies tools photoshop 2d artist at yozmatech june 2022 february 2023 bingo drive project character design for illustrations and animation creating illustrations from scratch working with different expressions and angles of a character technologies tools photoshop procreate education national technical university of ukraine kyiv polytechnic institute graphic art and design 2014 2018 4 0 years
DJINNI-f4ffcea5-d8ed-5408-aa32-23afbc36876d,"I have had an experience in working on various mobile games. 
My responsibilities were:
- developing concepts of characters, creatures, and props;
- finalizing the concepts, creating clean illustrations;
- sketching;
- rendering;
- making game UI, assets, textures; 
- creating simple character animations.",Artist,Not Available,Not Available,2.0 years,"2D Artist, Concept Artist, Character Artist",Djinni Recruitment Dataset (English Candidate Profiles),https://huggingface.co/datasets/lang-uk/recruitment-dataset-candidate-profiles-english,f4ffcea5-d8ed-5408-aa32-23afbc36876d,anonymized,MIT License,2d artist concept artist character artist i have had an experience in working on various mobile games my responsibilities were developing concepts of characters creatures and props finalizing the concepts creating clean illustrations sketching rendering making game ui assets textures creating simple character animations 2 0 years
DJINNI-370b5a8e-1f71-5dbc-8189-bb4c8872f3be,"A 2D Artist who have been drawing for more than 15 years. I've graduated from Avni Akyol Fine Arts Highschool and Radio, Television  and Cinema department in Istanbul University. I've always dreamed of studying animation. In order to realize my dreams i worked hard and got accepted to Cartoon and Animation department of Eskişehir Anadolu University. Currently, i am working as a freelancer for 5 years in gaming industry and doing my best to graduate from my second, current university. My first and foremost goals are both improving my art and myself. At the moment i am interested in learning 3D modeling, sculpting animation.",Artist,Not Available,Not Available,5.0 years,"2d artist, concept artist, character designer",Djinni Recruitment Dataset (English Candidate Profiles),https://huggingface.co/datasets/lang-uk/recruitment-dataset-candidate-profiles-english,370b5a8e-1f71-5dbc-8189-bb4c8872f3be,anonymized,MIT License,2d artist concept artist character designer a 2d artist who have been drawing for more than 15 years i ve graduated from avni akyol fine arts highschool and radio television and cinema department in istanbul university i ve always dreamed of studying animation in order to realize my dreams i worked hard and got accepted to cartoon and animation department of eski ehir anadolu university currently i am working as a freelancer for 5 years in gaming industry and doing my best to graduate from my second current university my first and foremost goals are both improving my art and myself at the moment i am interested in learning 3d modeling sculpting animation 5 0 years
DJINNI-c11428d0-120a-516f-ba6b-a15a50fa91fa,"Extensive experience in Illustrator and Photoshop, also love to do quick jobs in procreate. Preferably work as a character designer and concept art storyteller .
Ready to learn new things as well as share experience, I love the cartoon style similar to pixar graphics",Artist,Not Available,Not Available,2.0 years,"2D Artist , Concept Artist , character designer",Djinni Recruitment Dataset (English Candidate Profiles),https://huggingface.co/datasets/lang-uk/recruitment-dataset-candidate-profiles-english,c11428d0-120a-516f-ba6b-a15a50fa91fa,anonymized,MIT License,2d artist concept artist character designer extensive experience in illustrator and photoshop also love to do quick jobs in procreate preferably work as a character designer and concept art storyteller ready to learn new things as well as share experience i love the cartoon style similar to pixar graphics 2 0 years
DJINNI-fda56a1b-8b54-574f-b147-587f227a3772,"Last year I launched the Patreon for my own project “The Holy City” and I’m continuing to support it. This is a fantasy comic-ongoing.
Hi! My name is Lena.

Currently I work in two main directions - the developing and content maintaining for mobile games, and creating comics.
I have been working in gamedev for 8 years. During this time, I’ve worked on games of different genres: Match-3, Digger, Beat-Em-Up. I’ve engaged in development new projects (sketches, concepts, prototyping) and creation of content to support games (drawing characters, mechanics, locations). I especially love in drawing the concepts of characters and monsters.

Also I develop game user interfaces (UI), its structure and design. My tasks were to develop a clear interface and create a compact constructor for it.

Besides doing hand-ons work on the project, some part of my daily activities include reviewing art and effects, compliance with the given style and development of color schemes. As well as coordination with animation and techart teams.

Additionally, I’m developing my own project. I create the comic and make all the stages of development in it - from idea and storyboards to design of text bubbles. I adore to make highly detailed illustrations with complex compositional solutions. I would be interested in doing storytelling and graphic novels on a commercial basis.

At a basic level, I work in 3D editor and practice creating photorealistic concepts for games and movies.
I'm looking for interesting projects with high graphics requirements to improve my level. I really want to try something new. Therefore, I DO NOT consider proposals for match-3 and casino projects.",Artist,Not Available,Not Available,8.0 years,2D Artist/Concept Artist/Comic Artist,Djinni Recruitment Dataset (English Candidate Profiles),https://huggingface.co/datasets/lang-uk/recruitment-dataset-candidate-profiles-english,fda56a1b-8b54-574f-b147-587f227a3772,anonymized,MIT License,2d artist concept artist comic artist last year i launched the patreon for my own project the holy city and i m continuing to support it this is a fantasy comic ongoing hi my name is lena currently i work in two main directions the developing and content maintaining for mobile games and creating comics i have been working in gamedev for 8 years during this time i ve worked on games of different genres match 3 digger beat em up i ve engaged in development new projects sketches concepts prototyping and creation of content to support games drawing characters mechanics locations i especially love in drawing the concepts of characters and monsters also i develop game user interfaces ui its structure and design my tasks were to develop a clear interface and create a compact constructor for it besides doing hand ons work on the project some part of my daily activities include reviewing art and effects compliance with the given style and development of color schemes as well as coordination with animation and techart teams additionally i m developing my own project i create the comic and make all the stages of development in it from idea and storyboards to design of text bubbles i adore to make highly detailed illustrations with complex compositional solutions i would be interested in doing storytelling and graphic novels on a commercial basis at a basic level i work in 3d editor and practice creating photorealistic concepts for games and movies i m looking for interesting projects with high graphics requirements to improve my level i really want to try something new therefore i do not consider proposals for match 3 and casino projects 8 0 years
DJINNI-8d24788c-4545-5f0e-8ef9-2f92a958a8ac,"Hi! I'm Concept Artist & 2D Designer in Photoshop. Like work in cartoon 2D Graphic & any photo-manipulation kinda :) I studied design and concept art at digital academy “Art Club” CG Academy graphic. After that in 2012 i worked on several projects associated with the school and after school i worked in digital company ""Cheesebanana"" for a 5 years. And now I work in a young team in ChickenFish Games.
I work in digital and cartoon style, my tools - Photoshop, stylus and imagination. Doing a lot of concepts and design is my specialty. In the past few years I have been involved in more games by game design, level creation, level balance, logic, monetization etc. 

Over the past two years has gained a lot of experience in hyper casual games as an artist and game designer
Сool people and a good team with an interesting project.",Design,Not Available,Not Available,7.0 years,"2D Artist, Concept Artist, Design Mobile Developer, Game Designer.",Djinni Recruitment Dataset (English Candidate Profiles),https://huggingface.co/datasets/lang-uk/recruitment-dataset-candidate-profiles-english,8d24788c-4545-5f0e-8ef9-2f92a958a8ac,anonymized,MIT License,2d artist concept artist design mobile developer game designer hi i m concept artist 2d designer in photoshop like work in cartoon 2d graphic any photo manipulation kinda i studied design and concept art at digital academy art club cg academy graphic after that in 2012 i worked on several projects associated with the school and after school i worked in digital company cheesebanana for a 5 years and now i work in a young team in chickenfish games i work in digital and cartoon style my tools photoshop stylus and imagination doing a lot of concepts and design is my specialty in the past few years i have been involved in more games by game design level creation level balance logic monetization etc over the past two years has gained a lot of experience in hyper casual games as an artist and game designer ool people and a good team with an interesting project 7 0 years
DJINNI-0d507e2a-ab5b-51db-995b-674daa8a71df,"I have 6 years of experience in game design.
For one and a half years, I developed the design of icons, backgrounds, and characters for bubble shooters.
Also, for two and a half years, I developed art for Match3 in one of the Playrix studios as a senior (mentoring, giving feedback, project quality control).
Later, I was the character lead on one of the Playrix projects.

I am interested in illustration, characters as an artist with partial mentorship.",Artist,Not Available,Not Available,7.0 years,2d artist\Concept artist\Game artist\Illustrator,Djinni Recruitment Dataset (English Candidate Profiles),https://huggingface.co/datasets/lang-uk/recruitment-dataset-candidate-profiles-english,0d507e2a-ab5b-51db-995b-674daa8a71df,anonymized,MIT License,2d artist concept artist game artist illustrator i have 6 years of experience in game design for one and a half years i developed the design of icons backgrounds and characters for bubble shooters also for two and a half years i developed art for match3 in one of the playrix studios as a senior mentoring giving feedback project quality control later i was the character lead on one of the playrix projects i am interested in illustration characters as an artist with partial mentorship 7 0 years
DJINNI-8140cb1f-279f-58ee-a6f7-e91982014460,"I own various techniques of academic painting, academic drawing and composition, anatomy
2022-2023: Lead artist in Hyper Factory.2020-2022: 2D artist in WhalleApp Ltd. 2019– 2020: 2D artist Illustrator in Enixan Entertainment in the development department. 2014-2017: freelance, performing various artworks, illustrator.
A clear task, adequate deadlines and Enjoy your favorite and well-done work",Artist,Not Available,Not Available,4.0 years,"2d artist, concept artist, illustrator",Djinni Recruitment Dataset (English Candidate Profiles),https://huggingface.co/datasets/lang-uk/recruitment-dataset-candidate-profiles-english,8140cb1f-279f-58ee-a6f7-e91982014460,anonymized,MIT License,2d artist concept artist illustrator i own various techniques of academic painting academic drawing and composition anatomy 2022 2023 lead artist in hyper factory 2020 2022 2d artist in whalleapp ltd 2019 2020 2d artist illustrator in enixan entertainment in the development department 2014 2017 freelance performing various artworks illustrator a clear task adequate deadlines and enjoy your favorite and well done work 4 0 years
DJINNI-82b35e9e-ef43-5bdd-9e29-045be4c1eaa9,"Development art in casual style from scratch . Characters, backgrounds, ui windows, promotional art for gaming communities, etc... Duties: searching for a concept, full and detailed rendering in a given style, preparing assets for animations.",Artist,Not Available,Not Available,8.0 years,"2D artist, concept artist, illustrator",Djinni Recruitment Dataset (English Candidate Profiles),https://huggingface.co/datasets/lang-uk/recruitment-dataset-candidate-profiles-english,82b35e9e-ef43-5bdd-9e29-045be4c1eaa9,anonymized,MIT License,2d artist concept artist illustrator development art in casual style from scratch characters backgrounds ui windows promotional art for gaming communities etc duties searching for a concept full and detailed rendering in a given style preparing assets for animations 8 0 years
DJINNI-485ff72c-bcbb-5cf8-9d48-362453e6c674,"I'm an 2D artist with a true passion for illustration and concept art. I have a foundation in traditional art techniques and digital tools, as well as an understanding of composition, color theory, perspective, and visual aesthetics. I really enjoy learning and evolving in the field of digital art. Currently, I work at a mobile game development company where I have the opportunity to work on concepts, UI elements and illustrations. I'm open to diverse projects and ready to experiment with fresh styles and techniques. Thank you!",Artist,Not Available,Not Available,2.5 years,2D Artist/ Concept artist/ Illustrator,Djinni Recruitment Dataset (English Candidate Profiles),https://huggingface.co/datasets/lang-uk/recruitment-dataset-candidate-profiles-english,485ff72c-bcbb-5cf8-9d48-362453e6c674,anonymized,MIT License,2d artist concept artist illustrator i m an 2d artist with a true passion for illustration and concept art i have a foundation in traditional art techniques and digital tools as well as an understanding of composition color theory perspective and visual aesthetics i really enjoy learning and evolving in the field of digital art currently i work at a mobile game development company where i have the opportunity to work on concepts ui elements and illustrations i m open to diverse projects and ready to experiment with fresh styles and techniques thank you 2 5 years
DJINNI-02891095-aff6-58ea-a7cf-4fb957943d40,"Marketing Creatives Artist, Home Games, Kyiv, Ukraine - August 2021 - September 2022
Creating storyboards. Making illustrations for video and static ad campaigns, character and environment designs, concepts for 3d artists.  

2d artist, Grandma studious, Kyiv, Ukraine - February 2019 -  August 2021
Digital photorealistic art for hidden objects puzzle games. Environment: zooms, HO scenes, locations, mini games.

Scientific illustrator, Nova Knyha Publishing House, Vinnytsia, Ukraine - February 2016 - February 2019
Communication with authors. Creating original concepts for illustrations, colorising, editing.",Artist,Not Available,Not Available,3.0 years,"2d artist, concept artist, storyboard artist, illustrator",Djinni Recruitment Dataset (English Candidate Profiles),https://huggingface.co/datasets/lang-uk/recruitment-dataset-candidate-profiles-english,02891095-aff6-58ea-a7cf-4fb957943d40,anonymized,MIT License,2d artist concept artist storyboard artist illustrator marketing creatives artist home games kyiv ukraine august 2021 september 2022 creating storyboards making illustrations for video and static ad campaigns character and environment designs concepts for 3d artists 2d artist grandma studious kyiv ukraine february 2019 august 2021 digital photorealistic art for hidden objects puzzle games environment zooms ho scenes locations mini games scientific illustrator nova knyha publishing house vinnytsia ukraine february 2016 february 2019 communication with authors creating original concepts for illustrations colorising editing 3 0 years
DJINNI-f14e3c0d-03ba-5d40-8ffe-dad620928974,"I can make attractive, memorable characters. From concept to full render and illustrations
- I have worked in companies and as a freelancer, have experience in various areas, including character concepts, illustrations for multiple tasks, environments, props, comics, and icons. 
- I have experience working both independently and in a team. I have worked and communicated directly with clients.
- I have a degree in Fine Arts and a strong academic background in anatomy, composition, color theory, and different art styles; have traditional art skills.
- I have advanced skills in line art, design, and fully rendered illustrations, and I am able to use 3D tools(Blender) for 2D purposes. I understand the entire pipeline for creating game art pieces.
- I have a good level of English, can clearly understand English speach and hold conversations both in written and spoken forms .
I am really not into UI, but if it is needed I can help my team.",Artist,Not Available,Not Available,3.0 years,"2d artist, Concept character artist, Concept artist",Djinni Recruitment Dataset (English Candidate Profiles),https://huggingface.co/datasets/lang-uk/recruitment-dataset-candidate-profiles-english,f14e3c0d-03ba-5d40-8ffe-dad620928974,anonymized,MIT License,2d artist concept character artist concept artist i can make attractive memorable characters from concept to full render and illustrations i have worked in companies and as a freelancer have experience in various areas including character concepts illustrations for multiple tasks environments props comics and icons i have experience working both independently and in a team i have worked and communicated directly with clients i have a degree in fine arts and a strong academic background in anatomy composition color theory and different art styles have traditional art skills i have advanced skills in line art design and fully rendered illustrations and i am able to use 3d tools blender for 2d purposes i understand the entire pipeline for creating game art pieces i have a good level of english can clearly understand english speach and hold conversations both in written and spoken forms i am really not into ui but if it is needed i can help my team 3 0 years
DJINNI-52ec2688-864b-5285-9deb-6dfdb9eba7b7,"Hello, I have 6 years of experience in Graphic Design and Illustration. Now work as a concept artist for 2 years. My works were used more than 1m users all over the world.
I always in searching of new design tendencies and styles of drawing. I'm eternal disciple and always try myself in different styles.
More than 10 years draw in manga(anime) style. Have 2 unpublished comic books(one in manga style and one in my own ""ukrainian"" style).
Also can do an animation (work with Adobe After Effects, TVPaint, Adobe Character and Adobe Photoshop).

Further education: 2010-2014 – National University “Lviv Polytechnic” the institute of architecture, the department of design
Diploma for the first place in the university Olympiad in the speciality of design (2013).
Certificate of attendance in the allukrainian Olympiad in the speciality of design (Kharkiv- 2013)
Diploma for the culture of representation in the allukrainian Olympiad in the speciality of design (Kharkiv- 2013).
Bachelor degree in design – May 2014
2014–2016 – magistracy, National University “Lviv Polytechnic” the institute of architecture, the department of graphic design (91.6).
07/2015 - visiting Japan for techniques drawing perfections. Learning manga style etc
2016 - visiting China for techniques drawing perfections.
2017 - Avtark
2017 - UI/UX courses
2017 - Perpetio
2018 - 2019 - Snap Inc
(Have 7 published mobile games and more than 20 which are waiting to be published. Also more than 50 lenses.)
- MA in graphic design - 91,6
- OK'S model management (English translator, graphic design) 
- Avtark (graphic design, SMM)
- Perpetio (mobile games, UI/UX)
- Snap Inc (mobile games, original content - Concept Artist)
Want to work in game industry. Expect to draw a lot.",Design,Not Available,Not Available,3.0 years,2D artist/concept designer,Djinni Recruitment Dataset (English Candidate Profiles),https://huggingface.co/datasets/lang-uk/recruitment-dataset-candidate-profiles-english,52ec2688-864b-5285-9deb-6dfdb9eba7b7,anonymized,MIT License,2d artist concept designer hello i have 6 years of experience in graphic design and illustration now work as a concept artist for 2 years my works were used more than 1m users all over the world i always in searching of new design tendencies and styles of drawing i m eternal disciple and always try myself in different styles more than 10 years draw in manga anime style have 2 unpublished comic books one in manga style and one in my own ukrainian style also can do an animation work with adobe after effects tvpaint adobe character and adobe photoshop further education 2010 2014 national university lviv polytechnic the institute of architecture the department of design diploma for the first place in the university olympiad in the speciality of design 2013 certificate of attendance in the allukrainian olympiad in the speciality of design kharkiv 2013 diploma for the culture of representation in the allukrainian olympiad in the speciality of design kharkiv 2013 bachelor degree in design may 2014 2014 2016 magistracy national university lviv polytechnic the institute of architecture the department of graphic design 91 6 07 2015 visiting japan for techniques drawing perfections learning manga style etc 2016 visiting china for techniques drawing perfections 2017 avtark 2017 ui ux courses 2017 perpetio 2018 2019 snap inc have 7 published mobile games and more than 20 which are waiting to be published also more than 50 lenses ma in graphic design 91 6 ok s model management english translator graphic design avtark graphic design smm perpetio mobile games ui ux snap inc mobile games original content concept artist want to work in game industry expect to draw a lot 3 0 years
DJINNI-a6a22cc0-4707-50eb-84de-e963c6be4f0a,"• Chosen as a designer for the ""Atiny Union"" organization (numbering 55+ countries) to create ideas, design and present projects for an audience of 100-100000+ followers for each page.
• Having an architectural university background, that is rare :')
[Main activity]
• PricewaterhouseCoopers: Infographic Specialist (10.2018-11.2018)
• Freelance illustrator for Etsy store (11.2019-11.2021)
• Ubdyo: Designer for Amazon store (12.2020-1.2021)
• Placard: Advertising design, poligrafia (1.2021-05.2021)
• Art Studio Team UA: Illustrator for Etsy store (6.2021-today)

[Volunteering]
 - Altus Translation: translator of comics from English, account manager 10 000+ followers (2 years).
 - Octopus Family and Octopus Shop: manager of public activities, content management, product designer, video editor, account management 1000+ followers (2 years).
 - ATEEZ Unkraine and ATINY Union: designer, account manager, translator, organizer of charity projects (3+ years).
- Under Castle: author's webtoon.
- Art competitions and exhibitions: FB 2017, exhibition of a series of portraits of Ukrainian poets and scientists in the People's House (Shchyrets).
- Experienced in working with murals.
- Experienced in working for small photostudio.
+ 2d Illustration
+ Remote part-time job
+ Project job
+ Identity (full or partial)
+ Advertising design
+ Printing preparation
+ SMM design

× 3d modelling 
× Marketing
× Full-time job 
× Animation",Artist,Not Available,Not Available,1.0 years,2d artist / designer,Djinni Recruitment Dataset (English Candidate Profiles),https://huggingface.co/datasets/lang-uk/recruitment-dataset-candidate-profiles-english,a6a22cc0-4707-50eb-84de-e963c6be4f0a,anonymized,MIT License,2d artist designer chosen as a designer for the atiny union organization numbering 55 countries to create ideas design and present projects for an audience of 100 100000 followers for each page having an architectural university background that is rare main activity pricewaterhousecoopers infographic specialist 10 2018 11 2018 freelance illustrator for etsy store 11 2019 11 2021 ubdyo designer for amazon store 12 2020 1 2021 placard advertising design poligrafia 1 2021 05 2021 art studio team ua illustrator for etsy store 6 2021 today volunteering altus translation translator of comics from english account manager 10 000 followers 2 years octopus family and octopus shop manager of public activities content management product designer video editor account management 1000 followers 2 years ateez unkraine and atiny union designer account manager translator organizer of charity projects 3 years under castle author s webtoon art competitions and exhibitions fb 2017 exhibition of a series of portraits of ukrainian poets and scientists in the people s house shchyrets experienced in working with murals experienced in working for small photostudio 2d illustration remote part time job project job identity full or partial advertising design printing preparation smm design 3d modelling marketing full time job animation 1 0 years
DJINNI-c442c2e9-812e-59a7-a166-4587d53651dc,"Upwork 
Position - illustrator/designer
2019 - 2023
- creating unique illustrations/designs that meet the specific needs of clients.

LTD ""Shik i Blisk""
Position - designer
08.2021 - 05.2022
- creating of creative content for instagram page to engage the target audience.
- creating designs for print.
- creating short animations.",Artist,Not Available,Not Available,1.0 years,2d artist / designer,Djinni Recruitment Dataset (English Candidate Profiles),https://huggingface.co/datasets/lang-uk/recruitment-dataset-candidate-profiles-english,c442c2e9-812e-59a7-a166-4587d53651dc,anonymized,MIT License,2d artist designer upwork position illustrator designer 2019 2023 creating unique illustrations designs that meet the specific needs of clients ltd shik i blisk position designer 08 2021 05 2022 creating of creative content for instagram page to engage the target audience creating designs for print creating short animations 1 0 years
DJINNI-efb9a079-b2d3-5f9a-acd2-8501e64613e4,"Now I'm working as a designer and illustrator at digital promotion department at STB TV Channel and this is my main achievement for today I guess, as I started to learn basic principles of design and academic drawing nearly 2 years ago on my own, in the same way I learnt Ps and Ai. 
I'm a great enthusiast when it comes to my work, I'm really in love with the field I chose and from day to day I'm trying to develop and refine my skills.
Also you can check my works on www.artstation.com/annkiyanitsa
1 year of working as a designer and illustrator at STB TV channel.
Adope Photoshop, Adobe Illustrator, Adobe after effects (starter).
Waiting to improve my skills, what I'm definitely interested in:
- game development. 
I don't have any experience in this field yet, but that's what I'm aim to do, so I'd be happy for any opportunity!
- design and illustration",Design,Not Available,Not Available,2.0 years,"2d artist, designer",Djinni Recruitment Dataset (English Candidate Profiles),https://huggingface.co/datasets/lang-uk/recruitment-dataset-candidate-profiles-english,efb9a079-b2d3-5f9a-acd2-8501e64613e4,anonymized,MIT License,2d artist designer now i m working as a designer and illustrator at digital promotion department at stb tv channel and this is my main achievement for today i guess as i started to learn basic principles of design and academic drawing nearly 2 years ago on my own in the same way i learnt ps and ai i m a great enthusiast when it comes to my work i m really in love with the field i chose and from day to day i m trying to develop and refine my skills also you can check my works on 1 year of working as a designer and illustrator at stb tv channel adope photoshop adobe illustrator adobe after effects starter waiting to improve my skills what i m definitely interested in game development i don t have any experience in this field yet but that s what i m aim to do so i d be happy for any opportunity design and illustration 2 0 years
DJINNI-304e0b38-343a-5c2b-b3bb-493c602ae761,"3 Artist's artworks were included in international catalogue of modern art WECONTEMPORARY 2016 from the world famous MUSA International Art Space, which included artworks of 100 artists from different countries.
Adobe Photoshop,Graphic tablet, digital drawing, traditional drawing.",Design,Not Available,Not Available,0.5 years,"2d artist, designer",Djinni Recruitment Dataset (English Candidate Profiles),https://huggingface.co/datasets/lang-uk/recruitment-dataset-candidate-profiles-english,304e0b38-343a-5c2b-b3bb-493c602ae761,anonymized,MIT License,2d artist designer 3 artist s artworks were included in international catalogue of modern art wecontemporary 2016 from the world famous musa international art space which included artworks of 100 artists from different countries adobe photoshop graphic tablet digital drawing traditional drawing 0 5 years
DJINNI-ae5b0424-749e-50dc-a64c-44fce73693de,"Education: Master’s Degree Glass Artist at Lviv National Academy of Arts. Graduated from the Department of Decorative Arts. This included academic drawing, the study of anatomy, the basics of composition, color theory, sketching, rendering, 2D illustration, and 3D modeling. Also, passed courses in Smirnov Digital art school “CG basics” and “rendering of materials”. 

Skills:
* rendering and working with materials;
* knowledge of anatomy;
* good sense of sketching, composition, shape, lighting, and coloring.

Mostly working with:
* Adobe Photoshop (3+ years) 
* Procreate(1 year)
* Pencil/liner+paper, watercolor, gouache, oil (6+ years)
* graphics tablet (3+ years).

I have experience in creating original concept art: characters, icons, and props from sketch to final render.",Artist,Not Available,Not Available,1.5 years,"2D Artist, Digital Artist",Djinni Recruitment Dataset (English Candidate Profiles),https://huggingface.co/datasets/lang-uk/recruitment-dataset-candidate-profiles-english,ae5b0424-749e-50dc-a64c-44fce73693de,anonymized,MIT License,2d artist digital artist education master s degree glass artist at lviv national academy of arts graduated from the department of decorative arts this included academic drawing the study of anatomy the basics of composition color theory sketching rendering 2d illustration and 3d modeling also passed courses in smirnov digital art school cg basics and rendering of materials skills rendering and working with materials knowledge of anatomy good sense of sketching composition shape lighting and coloring mostly working with adobe photoshop 3 years procreate 1 year pencil liner paper watercolor gouache oil 6 years graphics tablet 3 years i have experience in creating original concept art characters icons and props from sketch to final render 1 5 years
DJINNI-826f7244-40c4-5631-96ae-d19213b58178,"In 2021 I was mentor at the all-Ukrainian hackathon ""Game Jam"" by Genesis.
In 2022 become one of co-founders PowerKIT, Ukrainian voluntary organization, who converts used e-cigarettes (their batteries) into free power banks for Ukrainian Soldiers.
Hello, I have more than 8 years on position 2D artist, went through the path of growth from trainee to project art lead of three projects. I have a strong foundation in character design, environments, and props, and I bring a keen attention to detail to every project I undertake.
My job expectations revolve around utilizing my artistic skills, collaborating effectively, continuously learning, and delivering visually appealing and engaging artwork. I'm excited to contribute my passion and expertise to projects that push the boundaries of creativity.



I value working in a collaborative setting where ideas are shared, and creative discussions thrive. I expect a company that fosters a team-oriented culture, where different disciplines can come together to create outstanding artwork and projects. The opportunity to work alongside talented professionals from diverse backgrounds would be highly motivating and inspiring.",Artist,Not Available,Not Available,8.0 years,2d artist game artist,Djinni Recruitment Dataset (English Candidate Profiles),https://huggingface.co/datasets/lang-uk/recruitment-dataset-candidate-profiles-english,826f7244-40c4-5631-96ae-d19213b58178,anonymized,MIT License,2d artist game artist in 2021 i was mentor at the all ukrainian hackathon game jam by genesis in 2022 become one of co founders powerkit ukrainian voluntary organization who converts used e cigarettes their batteries into free power banks for ukrainian soldiers hello i have more than 8 years on position 2d artist went through the path of growth from trainee to project art lead of three projects i have a strong foundation in character design environments and props and i bring a keen attention to detail to every project i undertake my job expectations revolve around utilizing my artistic skills collaborating effectively continuously learning and delivering visually appealing and engaging artwork i m excited to contribute my passion and expertise to projects that push the boundaries of creativity i value working in a collaborative setting where ideas are shared and creative discussions thrive i expect a company that fosters a team oriented culture where different disciplines can come together to create outstanding artwork and projects the opportunity to work alongside talented professionals from diverse backgrounds would be highly motivating and inspiring 8 0 years
DJINNI-1b0ca052-2188-5659-91b6-46b03fa28567,"I have more than 8 years of experience as a 2D artist in video games and gambling. 
My main professional experience is in the creation the game objects, the backgrounds, game characters, the processing of graphics with a high degree of detail, fonts and UI.
I am expert in Adobe Photoshop, know basic principles of animation, skilled in Adobe Illustrator, Jira, Confluence, Slack and advocate Agile principles. Have cooperation with art director, game designers, animators and prepared art assets for them.",Artist,Not Available,Not Available,9.0 years,"2d artist, game artist",Djinni Recruitment Dataset (English Candidate Profiles),https://huggingface.co/datasets/lang-uk/recruitment-dataset-candidate-profiles-english,1b0ca052-2188-5659-91b6-46b03fa28567,anonymized,MIT License,2d artist game artist i have more than 8 years of experience as a 2d artist in video games and gambling my main professional experience is in the creation the game objects the backgrounds game characters the processing of graphics with a high degree of detail fonts and ui i am expert in adobe photoshop know basic principles of animation skilled in adobe illustrator jira confluence slack and advocate agile principles have cooperation with art director game designers animators and prepared art assets for them 9 0 years
